{"type":"FeatureCollection","features":[{"type":"Feature","properties":{"id":214834,"name":"Атырауская область"},"geometry":{"type":"Polygon","coordinates":[[[52.7515159,46.0957176],[52.7984917,46.6053889],[52.3157111,46.6124611],[51.8381472,46.5946806],[51.5666306,46.6102222],[51.3854306,46.8393167],[51.1472194,46.8096306],[50.0861083,46.432575],[49.9672639,46.0809528],[49.7419556,46.1482139],[49.6,46.1766667],[49.2669047,46.2922746],[49.1926789,46.3688635],[49.150719,46.3834137],[49.1303443,46.3880375],[49.11189,46.3877456],[49.0949569,46.3870073],[49.0633527,46.3912052],[49.0261267,46.4147832],[48.9560889,46.4353721],[48.9120129,46.4507326],[48.8928899,46.4712014],[48.8732235,46.4813272],[48.8228884,46.4825882],[48.804564,46.5054692],[48.7877479,46.5312309],[48.78801,46.5408548],[48.7814096,46.5416568],[48.7659222,46.5399258],[48.7437696,46.5507322],[48.7146259,46.5607633],[48.6903342,46.5600108],[48.6776312,46.5584173],[48.6613234,46.5572369],[48.6461743,46.5598632],[48.633128,46.5612501],[48.6203822,46.559096],[48.5937317,46.5580337],[48.5770806,46.5605714],[48.5580691,46.5557614],[48.5452803,46.5602468],[48.5494002,46.5702197],[48.5503794,46.5757693],[48.5553439,46.5782291],[48.5559871,46.5821969],[48.557361,46.5858244],[48.5656222,46.5874761],[48.569506,46.5891719],[48.572832,46.5916345],[48.575085,46.5941854],[48.5852989,46.5988151],[48.5940472,46.5971815],[48.6013707,46.6004369],[48.6201676,46.6017343],[48.6140134,46.6018932],[48.6009427,46.6081831],[48.5765735,46.6060745],[48.5519113,46.6181749],[48.5519691,46.6296467],[48.560284,46.6418742],[48.5183402,46.6495986],[48.4779024,46.6706209],[48.4888037,46.6736336],[48.5461298,46.6863255],[48.615945,46.704987],[48.7505516,46.6854681],[48.780988,47.0215968],[48.4515631,47.4116521],[47.9625615,47.7514525],[47.4119094,47.7633011],[47.121844,47.831678],[47.148554,48.0363902],[47.1132803,48.1755938],[47.3103259,48.2474839],[47.7614199,48.2129409],[48.0441304,48.1777689],[48.4987364,48.1183134],[48.8674332,48.0895307],[49.413757,48.0434312],[49.968481,48.0826377],[50.5787735,48.4188355],[50.9902947,48.5870553],[51.133879,48.683819],[51.4086353,48.7253757],[51.7139703,48.699735],[51.8152632,48.6579758],[51.8134785,48.6297089],[51.7681921,48.5849786],[51.883075,48.5606025],[52.131153,48.582071],[52.3358019,48.5065551],[52.5438608,48.5463307],[52.5570195,48.6649497],[52.6968184,48.7529738],[52.7135817,48.9111881],[52.7075384,48.9959012],[52.8754273,49.0395421],[53.1856904,49.0193346],[53.4033902,49.0883484],[53.5700224,49.1915769],[53.664798,49.1886175],[53.8073692,49.1448351],[53.8923135,49.1161742],[53.996505,49.1500495],[53.990572,49.0035469],[54.0132802,48.8792961],[54.1761218,48.7243172],[54.3552346,48.679091],[54.5727315,48.7063355],[54.6211572,48.7721591],[54.697833,48.7943685],[54.779261,48.7375439],[54.9320735,48.5603253],[54.8966871,48.4643902],[54.8835906,48.3580293],[54.9472538,48.219917],[54.9909957,48.0604087],[55.1050552,47.8647219],[55.0743348,47.5544734],[55.0412026,47.4307134],[55.1198356,47.0643493],[55.4503693,46.7259941],[56.3155637,46.3760518],[56.4718237,46.1491351],[56.3245545,46.1459814],[56.0447598,46.211476],[55.9745251,46.2323085],[55.9039453,46.2409589],[55.8360601,46.2502418],[55.8572501,46.3132232],[55.8258301,46.3942705],[55.7680507,46.4064283],[55.6980462,46.3996841],[55.5231437,46.4879783],[54.9987175,46.3742547],[54.5047456,46.3010499],[54.0778582,46.241047],[53.8953029,46.1273482],[53.7235895,45.940306],[53.158884,45.7458755],[52.6974782,45.8938648],[52.7515159,46.0957176]]]}},{"type":"Feature","properties":{"id":215441,"name":"Западно-Казахстанская область"},"geometry":{"type":"Polygon","coordinates":[[[53.9323564,51.1934138],[53.9133783,51.188453],[53.9030175,51.1839423],[53.891541,51.1971813],[53.8831329,51.2005847],[53.8711059,51.1924496],[53.868016,51.1972031],[53.8586604,51.1995158],[53.8580918,51.1954483],[53.8555545,51.1893901],[53.8455069,51.1923084],[53.8384151,51.1920798],[53.8323319,51.1975527],[53.8209486,51.1928934],[53.8184059,51.1957576],[53.8258088,51.2025074],[53.8166785,51.2026552],[53.8132775,51.2058214],[53.8096726,51.214438],[53.8021624,51.2120857],[53.7902856,51.2143641],[53.784374,51.2149824],[53.7822068,51.2110641],[53.7858546,51.2087587],[53.7804365,51.2063927],[53.7717891,51.2115749],[53.7672937,51.2134366],[53.7638819,51.2117497],[53.764354,51.2095586],[53.7571442,51.2125058],[53.7599927,51.2092292],[53.7573427,51.2066549],[53.7600946,51.2064935],[53.7500739,51.2060768],[53.7497735,51.2044434],[53.7440336,51.205297],[53.7379396,51.2068296],[53.7396562,51.2115749],[53.7420487,51.215231],[53.734206,51.2163399],[53.7386262,51.2132417],[53.7247753,51.2161248],[53.7202799,51.2159568],[53.721503,51.2228313],[53.712362,51.2234629],[53.7090576,51.2230665],[53.7144005,51.2267855],[53.7100339,51.2256668],[53.7046158,51.2267888],[53.7008516,51.2267219],[53.6986291,51.2234898],[53.6930823,51.2220989],[53.6972362,51.2261716],[53.6934793,51.2325062],[53.6923474,51.2363655],[53.6902785,51.2336514],[53.6837053,51.2317404],[53.6865699,51.2303027],[53.6873058,51.22599],[53.6766779,51.2264193],[53.6761629,51.2227708],[53.6731589,51.2266142],[53.6680519,51.2256869],[53.6693609,51.2294696],[53.6603513,51.233959],[53.6629504,51.2393547],[53.6589754,51.2374369],[53.6572158,51.2368861],[53.6606008,51.2426257],[53.6578005,51.2447683],[53.6580688,51.2508292],[53.6589044,51.2534281],[53.6627738,51.2552195],[53.6699295,51.2594039],[53.6619258,51.2575508],[53.6598766,51.2599678],[53.6555743,51.2588063],[53.6536324,51.2600283],[53.6518299,51.2626466],[53.6458754,51.2623445],[53.6441481,51.2648688],[53.6475384,51.266829],[53.650006,51.2676211],[53.6541259,51.2649695],[53.6545257,51.2682204],[53.650167,51.2691584],[53.6479461,51.2700511],[53.6458904,51.2709087],[53.6454677,51.2748235],[53.6410582,51.2729576],[53.6449313,51.2769511],[53.6402964,51.2754745],[53.6336037,51.2746415],[53.634932,51.272528],[53.6294389,51.2709372],[53.6278725,51.2767564],[53.6257481,51.2761255],[53.6211527,51.2773256],[53.6184311,51.2802329],[53.6251795,51.2828434],[53.6187422,51.2857658],[53.6152446,51.2869702],[53.6136684,51.2845298],[53.6103845,51.2883256],[53.6134851,51.293928],[53.6074448,51.2935657],[53.6042261,51.2956924],[53.6103415,51.3015287],[53.6041832,51.300006],[53.6061466,51.3034471],[53.6017477,51.3021257],[53.5957825,51.3057411],[53.6004281,51.3120321],[53.6029816,51.3171219],[53.6095798,51.315023],[53.6075842,51.3180003],[53.604548,51.3219899],[53.6102557,51.324169],[53.6163068,51.3256708],[53.6178946,51.3242092],[53.6188066,51.3269044],[53.6191714,51.3289424],[53.6167037,51.3305111],[53.6165321,51.3329378],[53.6222255,51.3326166],[53.6222751,51.3342998],[53.6234027,51.335215],[53.6243037,51.3358794],[53.6213444,51.3371043],[53.6202464,51.338653],[53.6249182,51.3405963],[53.6250722,51.3419126],[53.6210862,51.3408167],[53.6232376,51.343072],[53.6275935,51.3449887],[53.6240798,51.3449167],[53.621816,51.343635],[53.619136,51.3423256],[53.6165421,51.3415984],[53.6149921,51.3422189],[53.613556,51.3439261],[53.6179112,51.3460298],[53.6219287,51.3455315],[53.6189085,51.346778],[53.6134958,51.3498739],[53.6156201,51.3516462],[53.6164409,51.3552225],[53.614676,51.3556999],[53.6109209,51.3538071],[53.6104435,51.3505775],[53.6054492,51.3507081],[53.6016887,51.3506914],[53.5994518,51.3521153],[53.6015278,51.3541823],[53.6011738,51.3566044],[53.5989368,51.354189],[53.5952461,51.3560952],[53.5973167,51.3586712],[53.6003043,51.3631664],[53.5980248,51.3623759],[53.5971558,51.3645196],[53.6063504,51.3651626],[53.602488,51.3670382],[53.6065006,51.3681099],[53.6078095,51.3699653],[53.6080348,51.3729792],[53.6129594,51.3729391],[53.614043,51.3693826],[53.6171865,51.370615],[53.6179161,51.3680831],[53.6219931,51.3695634],[53.6183667,51.3674401],[53.6200726,51.3643722],[53.623184,51.3669578],[53.6280763,51.3665358],[53.6278188,51.3707824],[53.6293799,51.3726578],[53.6320782,51.374975],[53.6358722,51.376016],[53.6284867,51.3773843],[53.6269149,51.3790066],[53.6237848,51.3779887],[53.6221218,51.3786349],[53.6249167,51.380222],[53.625834,51.3819161],[53.6284679,51.3805032],[53.6316168,51.3820074],[53.6333924,51.3836638],[53.6311179,51.3843468],[53.627674,51.3855922],[53.6230874,51.3861111],[53.6243159,51.3883005],[53.6284381,51.3871184],[53.6271107,51.3902521],[53.62894,51.3926521],[53.6209879,51.393351],[53.6149559,51.3964126],[53.6061787,51.3967624],[53.5968768,51.3966888],[53.5924174,51.4035384],[53.584882,51.4108176],[53.5762131,51.4149062],[53.5665572,51.4170808],[53.5732848,51.4230709],[53.5737707,51.4306347],[53.5671258,51.433103],[53.5534197,51.425892],[53.542298,51.4291021],[53.5332602,51.4299224],[53.5274827,51.4267148],[53.5191197,51.4259506],[53.518428,51.4324545],[53.5163527,51.4351283],[53.5081296,51.4346408],[53.5026133,51.4309324],[53.4950833,51.4319653],[53.4874625,51.4387983],[53.481243,51.4432154],[53.4840898,51.4490578],[53.4898621,51.4493301],[53.48961,51.4532748],[53.4806138,51.4538197],[53.4680709,51.4412758],[53.4618395,51.4383847],[53.4529199,51.4398232],[53.4479568,51.4399658],[53.4374737,51.4375769],[53.436386,51.4402082],[53.4400623,51.4455222],[53.4361016,51.4519668],[53.4359229,51.461942],[53.4349336,51.4680472],[53.4199655,51.47843],[53.423676,51.4823066],[53.4124232,51.4818747],[53.4084006,51.4850707],[53.402124,51.4879643],[53.3947636,51.4893522],[53.3958893,51.4917663],[53.3800162,51.4897483],[53.3719343,51.4898135],[53.3665323,51.494046],[53.3605605,51.4887844],[53.3596515,51.4935952],[53.3600378,51.4959197],[53.3542563,51.4896704],[53.3482897,51.4931076],[53.3464348,51.4892291],[53.3423674,51.492139],[53.3389878,51.4931343],[53.3415763,51.4977567],[53.3377826,51.5025228],[53.3403403,51.5044461],[53.3389842,51.5060916],[53.3377139,51.5084101],[53.3320827,51.5096532],[53.3199977,51.5087344],[53.3052692,51.503189],[53.2919654,51.5007206],[53.2855569,51.493493],[53.2790338,51.4822695],[53.2670175,51.4881488],[53.2596361,51.5001189],[53.2577478,51.5108037],[53.23938,51.5105901],[53.2110559,51.5056753],[53.1947481,51.5063164],[53.1797075,51.5206404],[53.1947481,51.5330203],[53.1772386,51.5308846],[53.1698799,51.5175293],[53.1555462,51.5238179],[53.1405902,51.5196523],[53.1461906,51.5032932],[53.1628632,51.4971888],[53.1474352,51.4848839],[53.1220722,51.4912439],[53.1013655,51.4876899],[53.0873966,51.4952251],[53.0703807,51.5047491],[53.0609822,51.4934883],[53.0485153,51.4890527],[53.0358124,51.4835611],[53.0153632,51.4804608],[53.0032182,51.4721614],[52.9884338,51.4793517],[52.9705596,51.4854652],[52.9686069,51.4770931],[52.9793143,51.4714664],[52.9609453,51.4709363],[52.9441225,51.4762825],[52.9463541,51.4679422],[52.9571687,51.458103],[52.9428297,51.4577787],[52.9358827,51.4732887],[52.9310762,51.482804],[52.916485,51.4829109],[52.9257547,51.4926379],[52.9178583,51.4979816],[52.9084169,51.487935],[52.9025804,51.4766033],[52.8895341,51.4841937],[52.8801169,51.4877474],[52.8684588,51.4758303],[52.8870769,51.4935581],[52.8970872,51.4946686],[52.8960573,51.5053548],[52.8773462,51.5024697],[52.8574335,51.4910347],[52.8450739,51.5011875],[52.8359758,51.5050342],[52.8364908,51.4955236],[52.8390657,51.4870799],[52.8265344,51.4896452],[52.8224275,51.50199],[52.8141748,51.4972335],[52.8101196,51.4910759],[52.809025,51.4963786],[52.8019402,51.5058582],[52.7940904,51.4989434],[52.7866553,51.5052412],[52.7941173,51.5135814],[52.7815591,51.5105901],[52.7822458,51.5016149],[52.7714311,51.505889],[52.7755737,51.5192718],[52.7648114,51.5189693],[52.7582132,51.5100559],[52.7574407,51.5015748],[52.753235,51.4950961],[52.743107,51.5019355],[52.7342811,51.5019275],[52.7380963,51.4960102],[52.7511012,51.4931197],[52.731592,51.484889],[52.7345866,51.4942858],[52.7233585,51.498359],[52.7209363,51.4889142],[52.7012216,51.4790623],[52.6780881,51.4792983],[52.6722108,51.4704017],[52.6895354,51.4653156],[52.6909219,51.4587447],[52.6799356,51.4568194],[52.6636278,51.4701878],[52.6644861,51.4871868],[52.6476633,51.4884695],[52.6420775,51.4739003],[52.6413118,51.4630229],[52.6287805,51.4667659],[52.6207454,51.4742815],[52.615449,51.4638011],[52.623974,51.4566055],[52.6083528,51.4564985],[52.5917034,51.4534904],[52.5833279,51.4603487],[52.5978815,51.4708294],[52.5864911,51.4777712],[52.5739837,51.4681346],[52.5645062,51.4577691],[52.5522827,51.4589267],[52.5389676,51.4736451],[52.5540322,51.4781215],[52.5559056,51.4809065],[52.554848,51.4841995],[52.5488503,51.4858835],[52.5540624,51.4872476],[52.5509502,51.4900227],[52.5470071,51.4920639],[52.5430791,51.4905589],[52.5386676,51.495215],[52.5340932,51.495568],[52.532886,51.496805],[52.5282752,51.4978298],[52.5286831,51.499045],[52.5176334,51.4996814],[52.5113827,51.5024862],[52.5060617,51.5049436],[52.5067054,51.5114692],[52.5043166,51.5130271],[52.5033979,51.5186485],[52.5080609,51.5238729],[52.5088627,51.5297622],[52.5096057,51.5323357],[52.503355,51.5350228],[52.5009233,51.5390443],[52.5075746,51.5409214],[52.5039414,51.5416242],[52.50038,51.5461693],[52.4974356,51.5492736],[52.4503461,51.6208175],[52.4334005,51.6287257],[52.4294071,51.630576],[52.4275346,51.6334758],[52.424337,51.6352917],[52.420248,51.6368748],[52.4206805,51.6388016],[52.3984265,51.664068],[52.3746054,51.7358703],[52.3241406,51.7674638],[52.3194947,51.7648693],[52.3184233,51.7627447],[52.3206419,51.7611972],[52.3202593,51.7593999],[52.3225545,51.7591664],[52.3258368,51.7567682],[52.3292352,51.7529789],[52.3323622,51.7493124],[52.3349375,51.744684],[52.2625315,51.7285682],[52.1815751,51.733373],[52.1695345,51.6842042],[52.1215593,51.6712852],[51.9989955,51.6672166],[51.856608,51.6738058],[51.8625182,51.666304],[51.8641886,51.6603527],[51.8642905,51.6563215],[51.8574867,51.6499897],[51.8461403,51.6497875],[51.8373403,51.6432146],[51.8328384,51.6385372],[51.8239772,51.6326202],[51.8158901,51.6262977],[51.8118975,51.621353],[51.8056641,51.6180266],[51.7988315,51.6131337],[51.7948797,51.6095285],[51.7932817,51.6072805],[51.7905978,51.605947],[51.7856628,51.604204],[51.7869963,51.6027989],[51.7851893,51.6017287],[51.7866561,51.6001473],[51.7914576,51.5974628],[51.7943161,51.5981781],[51.7978822,51.5979397],[51.7979221,51.5965092],[51.7948438,51.5959355],[51.7929528,51.5940704],[51.7969986,51.5925579],[51.7988217,51.5924237],[51.7970386,51.5909335],[51.7946719,51.5899897],[51.7922052,51.5890259],[51.7704749,51.5831966],[51.7944967,51.5345623],[51.7307265,51.4807505],[51.637446,51.4903113],[51.6424067,51.5337702],[51.6013087,51.550241],[51.5616997,51.5140925],[51.4920469,51.4905625],[51.4936656,51.4878202],[51.4935649,51.4846393],[51.4907393,51.4852965],[51.486657,51.4872239],[51.4724198,51.4862276],[51.3801758,51.4761548],[51.286449,51.4923761],[51.2812414,51.5312159],[51.2582574,51.5281884],[51.2478977,51.5317226],[51.2444099,51.5335194],[51.2462774,51.5503952],[51.2543026,51.5631598],[51.3320665,51.5633385],[51.3802358,51.612732],[51.322204,51.6410871],[51.2723532,51.6845684],[51.2651425,51.6839439],[51.257448,51.6856488],[51.252427,51.6870366],[51.2524494,51.6850315],[51.2470642,51.6846333],[51.244982,51.6850754],[51.2033004,51.6671289],[51.1981268,51.6674247],[51.1956002,51.6684095],[51.1920695,51.6668418],[51.1882506,51.6682121],[51.1831079,51.6673219],[51.1807102,51.6692053],[51.1759728,51.66913],[51.1766964,51.6707809],[51.1749857,51.6739738],[51.1695623,51.6730466],[51.1685694,51.6742977],[51.1724882,51.6760597],[51.1676293,51.6762628],[51.1613234,51.675896],[51.1568976,51.6775989],[51.1558778,51.6742064],[51.1504845,51.671098],[51.1430142,51.6739208],[51.1373323,51.6754371],[51.1329162,51.6728072],[51.1273706,51.6746465],[51.1250649,51.6769583],[51.1234732,51.6743924],[51.1184956,51.6753471],[51.1133198,51.6774365],[51.1140346,51.6743377],[51.109589,51.6716141],[51.1032161,51.6750761],[51.0957065,51.6735111],[51.0980847,51.6697897],[51.0925314,51.6689882],[51.0869654,51.6679524],[51.0838722,51.6664004],[51.0776501,51.6685657],[51.0735514,51.669331],[51.0690068,51.6687658],[51.0676913,51.6705123],[51.0691939,51.6730293],[51.0617069,51.6719556],[51.0600712,51.6739797],[51.0591411,51.6778802],[51.052891,51.6799441],[51.0459735,51.6773521],[51.0446084,51.6779202],[51.0451136,51.6808321],[51.0441241,51.6824593],[51.0398429,51.6842822],[51.0371653,51.6868067],[51.0358227,51.6839763],[51.0336119,51.6818739],[51.0317223,51.6818508],[51.0304003,51.6792064],[51.0229238,51.6795954],[51.0189728,51.6778726],[51.0142277,51.6780524],[51.0132303,51.6757188],[51.009692,51.6729581],[51.0036167,51.6732722],[50.9994923,51.6717403],[50.9970914,51.6739584],[50.995659,51.6761479],[50.9911808,51.6754142],[50.9791125,51.6753733],[50.9677591,51.6810412],[50.960508,51.6777109],[50.954047,51.6805877],[50.9489144,51.6795202],[50.9453309,51.6805033],[50.936452,51.6805795],[50.9299714,51.6794091],[50.9260803,51.6805488],[50.9177918,51.6817782],[50.9097751,51.6818281],[50.8985756,51.6823246],[50.8884186,51.7040911],[50.7690126,51.7728756],[50.7874107,51.6847762],[50.8124537,51.635598],[50.8120335,51.5850431],[50.7018104,51.574615],[50.6814643,51.5765914],[50.6790968,51.5798785],[50.6813696,51.5834625],[50.6910789,51.5855625],[50.7010501,51.5873771],[50.6989418,51.5912638],[50.7037805,51.5950535],[50.7088785,51.5968677],[50.7165167,51.6007858],[50.7259522,51.6031901],[50.7309292,51.6054119],[50.7350963,51.6088074],[50.7330067,51.613349],[50.7327429,51.6167085],[50.7331019,51.6270067],[50.7317045,51.6285174],[50.6359056,51.6430824],[50.5867188,51.5906322],[50.5673023,51.5883093],[50.5647065,51.5897248],[50.5626706,51.5933441],[50.5587373,51.5974057],[50.5547593,51.5992523],[50.5502367,51.6001502],[50.5375381,51.52479],[50.5393814,51.51972],[50.5386445,51.5119701],[50.5385901,51.5081309],[50.5412769,51.5039787],[50.5464666,51.5011743],[50.5479537,51.4955378],[50.5560447,51.4889164],[50.5561673,51.4848387],[50.5567598,51.4806144],[50.5545532,51.4779485],[50.5540676,51.472271],[50.5482644,51.4669501],[50.4974779,51.4489581],[50.3724808,51.4277682],[50.3739618,51.4230748],[50.3813654,51.4189008],[50.386745,51.4116702],[50.3945217,51.406761],[50.4029572,51.4040067],[50.3694646,51.3374246],[50.2446091,51.2809744],[50.0069419,51.2428839],[49.9531163,51.2188349],[49.9061179,51.197456],[49.8563728,51.1609902],[49.7758078,51.1071091],[49.6707601,51.1089165],[49.5543681,51.1100116],[49.470714,51.1134122],[49.4371971,51.1052112],[49.3964115,51.0488896],[49.374581,50.9810332],[49.4058925,50.9594367],[49.4069615,50.9565242],[49.411078,50.9518495],[49.4136457,50.9459231],[49.4124338,50.9417877],[49.4140043,50.9374738],[49.4193901,50.932008],[49.4228771,50.9299387],[49.4249981,50.9257355],[49.4292575,50.9200075],[49.4284181,50.91751],[49.4275564,50.9143538],[49.427372,50.910909],[49.4305395,50.9057227],[49.4344881,50.9032749],[49.4379411,50.8995245],[49.4411447,50.894529],[49.4415347,50.8903891],[49.4424105,50.8858855],[49.4414267,50.8849847],[49.4411747,50.8809349],[49.4432624,50.8775736],[49.4419546,50.8722661],[49.4379951,50.8680258],[49.4339036,50.8651256],[49.4295602,50.8589003],[49.4257445,50.8513955],[49.4211951,50.8489464],[49.4187087,50.8487381],[49.2622648,50.8230343],[49.1262352,50.7845675],[49.0058144,50.6839993],[48.9674798,50.6619801],[48.8390833,50.6052592],[48.7758419,50.6065262],[48.768583,50.609284],[48.7633714,50.6081953],[48.7570049,50.6114959],[48.7540083,50.6085916],[48.744524,50.6097728],[48.7382604,50.6099063],[48.7368847,50.6058491],[48.7282041,50.604744],[48.7212692,50.6054531],[48.7149519,50.6061286],[48.7088949,50.6067827],[48.7073742,50.6080252],[48.689053,50.6123503],[48.6839355,50.6170903],[48.6770693,50.6232527],[48.6710692,50.6273126],[48.6675293,50.6321055],[48.6635883,50.63344],[48.6574785,50.6359397],[48.6569039,50.6394605],[48.6498949,50.644827],[48.6415519,50.6463655],[48.63401,50.6483031],[48.621238,50.6558349],[48.6149355,50.6583618],[48.5735077,50.6315888],[48.5772549,50.6261518],[48.5821906,50.6231448],[48.5872241,50.6204304],[48.592747,50.6184078],[48.6019892,50.6137323],[48.6088264,50.6150543],[48.6123219,50.6124281],[48.6179846,50.6118602],[48.623941,50.6107778],[48.6293449,50.6103417],[48.6388609,50.6054482],[48.6470175,50.6050663],[48.6509621,50.5997479],[48.6504718,50.5943581],[48.6489787,50.5887696],[48.6530571,50.5834516],[48.6578501,50.5830233],[48.659156,50.579648],[48.6645251,50.5746401],[48.6640777,50.5693654],[48.6604085,50.5635944],[48.6565084,50.5569728],[48.655975,50.5514559],[48.6591423,50.5507949],[48.6587645,50.5457383],[48.6592412,50.5435721],[48.6714265,50.480717],[48.6975486,50.3884997],[48.7277649,50.2748696],[48.8013983,50.1885825],[48.764585,50.099336],[48.7681788,50.0989877],[48.780596,50.1007742],[48.7907571,50.0982157],[48.8085676,50.0969566],[48.8286681,50.0946045],[48.8448074,50.091765],[48.8514272,50.0861065],[48.8619844,50.0800189],[48.8639978,50.0724144],[48.8647794,50.0578758],[48.8722131,50.0455994],[48.8818397,50.0392511],[48.8794601,50.0340338],[48.8863774,50.0277179],[48.9015032,50.0211809],[48.8347569,49.9770885],[48.695143,49.9072265],[48.5568358,49.865633],[48.4424218,49.803113],[48.435563,49.8045352],[48.4264411,49.8069798],[48.4219391,49.8136326],[48.4129321,49.818711],[48.4048303,49.82531],[48.3971377,49.8307104],[48.3918837,49.8367689],[48.3766421,49.834391],[48.366515,49.8289383],[48.3603965,49.8247939],[48.3538521,49.827574],[48.3479436,49.8345542],[48.3449103,49.8414529],[48.3423378,49.8475854],[48.3382067,49.8506293],[48.3301381,49.8495442],[48.3242585,49.8554632],[48.3210248,49.8630342],[48.3164531,49.86922],[48.3118707,49.8726051],[48.3061542,49.8676409],[48.3003359,49.864802],[48.2988675,49.8613048],[48.2906622,49.8597856],[48.2758198,49.860493],[48.2676354,49.8593953],[48.2624762,49.8587416],[48.2544842,49.8643708],[48.2438835,49.8682634],[48.2355915,49.8693996],[48.2266738,49.8679889],[48.2283067,49.8729435],[48.2262762,49.8780124],[48.2307037,49.8817073],[48.2324626,49.8856899],[48.2335371,49.8914646],[48.2344573,49.8986519],[48.228266,49.9042343],[48.2225389,49.9072299],[48.2208275,49.911927],[48.2186102,49.9135891],[48.2174594,49.9186312],[48.2134077,49.9219016],[48.2091829,49.9265603],[48.2017182,49.9295396],[48.1978626,49.9318183],[48.1952348,49.9381883],[48.1935557,49.9417775],[48.1900943,49.9450886],[48.1854506,49.9455611],[48.1785771,49.9474346],[48.1731925,49.9478499],[48.1696923,49.9530333],[48.1663855,49.9548682],[48.1622042,49.9558506],[48.1606194,49.9598841],[48.1596908,49.962725],[48.1592085,49.964876],[48.1620151,49.9679221],[48.1574801,49.9714506],[48.1583901,49.9755557],[48.1520206,49.9819317],[48.1420497,49.9885568],[48.1358982,49.9958738],[48.1330053,50.0011533],[48.1302862,50.0072492],[48.1311506,50.0142643],[48.1259542,50.0173552],[48.1270629,50.0221103],[48.1299463,50.0284572],[48.1285791,50.0369867],[48.1281661,50.0425823],[48.1258358,50.0472325],[48.122723,50.0535697],[48.1143239,50.0594023],[48.1135081,50.063011],[48.1144576,50.0668313],[48.1104169,50.0722005],[48.1080839,50.0813429],[48.1066046,50.0878951],[48.1019916,50.0924428],[48.0955733,50.0997592],[48.08976,50.1020304],[48.0720151,50.1048302],[48.0626439,50.1114469],[48.0507895,50.1116029],[48.0467232,50.1143775],[48.050537,50.1225065],[48.048965,50.1274122],[48.042237,50.1267125],[48.0383011,50.128942],[48.0375939,50.1353335],[48.0290108,50.1361318],[48.0229413,50.1377923],[48.0174797,50.1415489],[48.0073843,50.1442611],[48.0031823,50.1522809],[47.9984897,50.1573272],[47.9992446,50.1686227],[47.9938485,50.1741124],[47.9852267,50.1780049],[47.9876,50.1830274],[47.9868867,50.1864267],[47.9713645,50.1915026],[47.964901,50.198826],[47.9597642,50.2055266],[47.9510592,50.212166],[47.9503979,50.2190048],[47.9532625,50.225049],[47.9502155,50.2287555],[47.9373507,50.2328678],[47.9364002,50.2370178],[47.9369654,50.2452936],[47.9225369,50.2505787],[47.9137176,50.2523932],[47.8964211,50.2640208],[47.8869136,50.2679122],[47.881787,50.2743347],[47.8707792,50.2846189],[47.8602409,50.2923666],[47.8533341,50.3011651],[47.8445475,50.3069249],[47.8307063,50.312357],[47.8197697,50.3128557],[47.820157,50.3168031],[47.8253798,50.3201922],[47.8260128,50.3244454],[47.8286004,50.3283533],[47.8263901,50.331456],[47.8144279,50.3298153],[47.8091627,50.3302704],[47.8046178,50.3341242],[47.8007436,50.3351454],[47.7926968,50.3328435],[47.7867534,50.3341761],[47.7832732,50.3387244],[47.7783502,50.3398152],[47.7651351,50.3396495],[47.7627341,50.3411237],[47.761829,50.3459942],[47.7588503,50.3493743],[47.7457417,50.3543113],[47.7440976,50.3572996],[47.7450969,50.3620903],[47.7411414,50.3640214],[47.7395874,50.3667206],[47.7432274,50.3697954],[47.7455086,50.3711568],[47.7465246,50.373729],[47.7424564,50.3785628],[47.737739,50.3803378],[47.7339058,50.3812242],[47.7297606,50.3869063],[47.7186316,50.3886011],[47.7058647,50.3907009],[47.6929065,50.3944602],[47.6878202,50.3975283],[47.6861679,50.4000382],[47.6809402,50.4002896],[47.6757796,50.401823],[47.6728513,50.4040265],[47.6662847,50.4071336],[47.6627828,50.4100768],[47.6614845,50.4126613],[47.6612378,50.4150815],[47.6635338,50.4175016],[47.6668275,50.417235],[47.6723207,50.4173786],[47.6741017,50.4185954],[47.6750565,50.419614],[47.675137,50.4205211],[47.6728193,50.4216381],[47.6719748,50.4225015],[47.6682929,50.4231182],[47.659762,50.4227818],[47.6541566,50.4214796],[47.6517127,50.4231577],[47.6526941,50.4255896],[47.6563815,50.4277302],[47.655494,50.4292909],[47.649499,50.4299167],[47.6462021,50.4308457],[47.6457035,50.4333794],[47.6416247,50.4347835],[47.6406696,50.4361896],[47.6428472,50.4382803],[47.6424935,50.4405755],[47.6448969,50.4417612],[47.6491652,50.4411954],[47.6493882,50.4436196],[47.6496429,50.4455044],[47.6495702,50.4477866],[47.6473253,50.4485764],[47.6461329,50.4474007],[47.6442993,50.4450923],[47.6418289,50.4441692],[47.639827,50.4424891],[47.6374231,50.4424925],[47.6337149,50.4433966],[47.6298944,50.4439987],[47.6279365,50.445546],[47.6264882,50.4467621],[47.6249611,50.4484054],[47.626781,50.4493366],[47.6347343,50.4499461],[47.6383226,50.4500618],[47.6407718,50.4512957],[47.6371007,50.4523092],[47.636132,50.453486],[47.6374149,50.4552161],[47.6350409,50.455963],[47.6300815,50.4577985],[47.6245999,50.460114],[47.6181077,50.4583652],[47.6147125,50.4574537],[47.6121541,50.4588923],[47.611033,50.4621871],[47.6123694,50.4638034],[47.5827246,50.4626813],[47.5334095,50.455617],[47.4952725,50.4289018],[47.4735922,50.4207758],[47.4307603,50.377057],[47.4148212,50.3546064],[47.4153555,50.3533503],[47.4129196,50.3516419],[47.4125724,50.3493241],[47.4131643,50.3481846],[47.4119015,50.3465857],[47.4109596,50.3452293],[47.4111876,50.343266],[47.4100435,50.3414748],[47.4086359,50.3406811],[47.4057211,50.3390865],[47.4072265,50.3377322],[47.4066191,50.3364853],[47.4041021,50.3351747],[47.4005584,50.3357637],[47.3983925,50.3337282],[47.3950487,50.3344714],[47.392737,50.3338044],[47.3907128,50.3323305],[47.3877583,50.3313186],[47.3853469,50.3305192],[47.3828536,50.3300369],[47.3831996,50.3283153],[47.3810999,50.3288181],[47.3792937,50.3284064],[47.3767643,50.3291069],[47.3737236,50.3323942],[47.3713724,50.3326182],[47.3684384,50.3313973],[47.3664458,50.3311059],[47.3661953,50.3291934],[47.3617588,50.3295475],[47.3587622,50.3302007],[47.3551398,50.3296015],[47.3520635,50.3296511],[47.3481791,50.330496],[47.3473674,50.3283673],[47.344397,50.3296561],[47.3411372,50.3304868],[47.3420875,50.3319782],[47.3387111,50.3311907],[47.3390055,50.3292252],[47.3368619,50.3275825],[47.3346171,50.3255875],[47.3321329,50.3248558],[47.3291837,50.3236171],[47.3272776,50.3212498],[47.3259854,50.3195062],[47.3242973,50.3185775],[47.3236858,50.3168617],[47.3208309,50.3148138],[47.3183903,50.3150611],[47.316695,50.3129866],[47.3152832,50.3108132],[47.3118455,50.3108268],[47.3109426,50.3090552],[47.3078174,50.308928],[47.307668,50.3074137],[47.3060656,50.3058771],[47.3054844,50.3042337],[47.3026144,50.3035532],[47.2920173,50.2836803],[47.3127445,50.2245644],[47.2989697,50.1642728],[47.3522697,50.1013612],[47.3292911,50.0721232],[47.3169163,50.0609228],[47.2445572,49.9934336],[47.1259361,49.919043],[46.8693087,49.7357672],[46.8389238,49.5657376],[46.7822421,49.3398769],[47.0513427,49.1655883],[46.7917112,48.9519468],[46.7314305,48.8655719],[46.6937153,48.797586],[46.4932179,48.432558],[46.9055712,48.3206096],[47.2014893,48.2517695],[47.6324817,48.2169993],[47.9987483,48.1842932],[48.4639475,48.1220223],[48.8015695,48.0943972],[49.4249151,47.9875091],[49.8717495,48.0927574],[50.4635578,48.3738113],[50.9147637,48.5438876],[51.1068693,48.6795495],[51.3696351,48.7219833],[51.6492368,48.7147303],[51.8135289,48.663081],[51.8163268,48.6294309],[51.7683068,48.592542],[51.8464688,48.5708485],[52.0847915,48.5708268],[52.2947884,48.5164793],[52.553486,48.523263],[52.5581629,48.6578426],[52.6535732,48.7503362],[52.7143356,48.8374314],[52.7080079,48.980981],[52.8485584,49.0437105],[53.1065976,49.0218807],[53.4221388,49.0614593],[53.5411,49.1775743],[53.6232374,49.2775489],[53.6582564,49.4142122],[53.6158999,49.5264346],[53.6292251,49.5195954],[53.6282809,49.5239414],[53.6355057,49.5263789],[53.651584,49.5283427],[53.6629565,49.5197904],[53.6763676,49.5190939],[53.6786571,49.514441],[53.6804874,49.5088681],[53.6883989,49.506778],[53.6976321,49.5070289],[53.6929544,49.5126995],[53.7023743,49.518272],[53.7110432,49.5107351],[53.7199696,49.5149147],[53.7234886,49.5183556],[53.732694,49.522841],[53.7200554,49.5257799],[53.7229093,49.5290251],[53.7279518,49.5368099],[53.742307,49.5450529],[53.7338956,49.5488537],[53.7395175,49.557902],[53.7426718,49.5696761],[53.7294968,49.5728628],[53.7467058,49.5770788],[53.7607821,49.5725566],[53.7705024,49.5795414],[53.7824114,49.5822544],[53.7912734,49.5842855],[53.7986763,49.5890014],[53.8047274,49.5928265],[53.8204923,49.5939949],[53.8228162,49.6005733],[53.8334163,49.5966792],[53.8455184,49.5951771],[53.853414,49.5991682],[53.8580274,49.5951488],[53.8693785,49.5959138],[53.8761836,49.5957474],[53.8817596,49.5981808],[53.8893127,49.5989179],[53.9001488,49.5942586],[53.8976383,49.5879854],[53.9106202,49.5881106],[53.9127445,49.5910873],[53.9118004,49.5937857],[53.920083,49.5938136],[53.9234763,49.5980839],[53.9298677,49.5930207],[53.9422703,49.5933267],[53.9544582,49.586483],[53.9558315,49.5925756],[53.9619469,49.5932155],[53.9672041,49.5866778],[53.9844775,49.5866639],[53.9977813,49.5901206],[54.003253,49.5943282],[54.0136063,49.5950653],[54.024893,49.5965118],[54.0336156,49.5992447],[54.0368128,49.6037365],[54.0419355,49.603007],[54.0461469,49.6054748],[54.0520048,49.6058989],[54.299047,49.6707803],[54.3107843,49.6718357],[54.3144536,49.6729049],[54.325118,49.6733215],[54.3341732,49.6744602],[54.3497085,49.6757099],[54.3645572,49.673877],[54.5133018,49.7398466],[54.5473765,49.9227697],[54.4336509,50.1006523],[54.4000363,50.3052173],[54.5301246,50.4878219],[54.5022381,50.5488091],[54.4136108,50.6206947],[54.4469869,50.6957882],[54.4593668,50.7216479],[54.4624301,50.7278355],[54.4636739,50.7319275],[54.4627886,50.7380666],[54.4630776,50.7463072],[54.4664205,50.7563681],[54.4677708,50.7660408],[54.4707669,50.770872],[54.4737072,50.7759034],[54.4758832,50.7815141],[54.4814771,50.7848357],[54.487976,50.7917678],[54.4946385,50.7964507],[54.5007651,50.7989044],[54.5084152,50.8056585],[54.5185208,50.8118585],[54.5175713,50.8195836],[54.5257258,50.826074],[54.5286119,50.8294421],[54.4524103,50.8511952],[54.4382966,50.8810924],[54.4400792,50.8777883],[54.4309795,50.8789093],[54.4239092,50.8766414],[54.4137938,50.8762748],[54.4015181,50.8814511],[54.3861831,50.8837815],[54.3682265,50.8832111],[54.3542415,50.8901148],[54.345983,50.9009658],[54.3032192,50.9087633],[54.293279,50.8985054],[54.2800998,50.9151965],[54.2869663,50.9322256],[54.2827821,50.9436583],[54.2716241,50.9470382],[54.2773068,50.9498882],[54.2811942,50.9455579],[54.2888653,50.9485997],[54.2810869,50.9533107],[54.2723536,50.9514588],[54.2597473,50.9506004],[54.2502844,50.9583389],[54.2449656,50.9529288],[54.2386007,50.9558519],[54.2249644,50.9556086],[54.2149007,50.9631638],[54.2056739,50.9610555],[54.1899133,50.9748658],[54.2026913,50.9840254],[54.2041142,50.9879398],[54.1917694,50.9947431],[54.1812444,50.9949052],[54.1730261,50.9919339],[54.1745388,50.9984029],[54.1798174,51.0029536],[54.1766846,51.0100826],[54.163928,51.0100353],[54.158051,51.0099182],[54.1713844,51.0181671],[54.167934,51.0254225],[54.1722429,51.0311998],[54.1814153,51.0265696],[54.1862869,51.0257004],[54.1946125,51.0303901],[54.1820042,51.0426523],[54.1684127,51.0469252],[54.1628551,51.0560233],[54.1608646,51.0662924],[54.1507423,51.065086],[54.1425025,51.0589365],[54.1504961,51.0549297],[54.1409147,51.0512351],[54.1386908,51.0565327],[54.1320205,51.0601638],[54.1337209,51.0658227],[54.151901,51.0731897],[54.1498862,51.0793631],[54.1447019,51.0988801],[54.1370138,51.1082417],[54.1157555,51.115788],[54.0999734,51.1182934],[54.0768206,51.120105],[54.0634525,51.125472],[54.0565967,51.1284414],[54.040997,51.1363118],[54.0363085,51.1434674],[54.0440118,51.1449818],[54.0553737,51.1497873],[54.0483748,51.1539062],[54.0337121,51.1543232],[54.0273285,51.162687],[54.0203762,51.1624179],[54.0126085,51.1599351],[54.0026307,51.1627543],[53.9916873,51.1697914],[53.9791453,51.1649275],[53.9702403,51.1679011],[53.9694142,51.176767],[53.958857,51.1805267],[53.9323676,51.1867004],[53.9323564,51.1934138]]]}},{"type":"Feature","properties":{"id":215683,"name":"Актюбинская область"},"geometry":{"type":"Polygon","coordinates":[[[56.6594188,45.6529369],[56.5165047,46.0973561],[56.442432,46.2029571],[56.1206294,46.5531084],[55.2328601,46.8738222],[55.0112447,47.2810955],[55.0713934,47.4758228],[55.0919239,47.7267909],[55.0991245,47.9562721],[54.9386254,48.0972148],[54.9707329,48.270526],[54.8845421,48.3972052],[54.8988622,48.4779322],[54.9228153,48.6523861],[54.7490518,48.7450335],[54.6567982,48.7998616],[54.5787711,48.7793458],[54.4603095,48.6418958],[54.3176574,48.697088],[54.0270211,48.7628135],[54.0142996,48.9074198],[54.0031104,49.0316757],[53.9388191,49.1673507],[53.8386983,49.11295],[53.7687282,49.15213],[53.6349192,49.2137161],[53.6311339,49.2942327],[53.6713026,49.4356501],[53.6215432,49.5237882],[53.6305984,49.520069],[53.6301692,49.5240807],[53.6365421,49.5270056],[53.654352,49.5280084],[53.6655744,49.5195536],[53.6770328,49.5185228],[53.6771615,49.5128528],[53.6821397,49.5091467],[53.6891134,49.5055658],[53.6975463,49.5076977],[53.6945637,49.5138559],[53.7040265,49.5183417],[53.7124808,49.5096901],[53.7209352,49.5170183],[53.725055,49.5177705],[53.7334664,49.5239414],[53.717974,49.5267828],[53.7250979,49.5289694],[53.7294109,49.5388012],[53.7429507,49.5465009],[53.73293,49.5497447],[53.7394746,49.5612981],[53.7409273,49.5702606],[53.7300547,49.5739481],[53.7498172,49.5774684],[53.7626918,49.5734889],[53.773206,49.579458],[53.7824328,49.5834508],[53.7933913,49.5839656],[53.7986548,49.5904619],[53.8076242,49.5930074],[53.819104,49.5953579],[53.824532,49.6007814],[53.8357337,49.5959421],[53.8460334,49.5967488],[53.8549963,49.5988349],[53.8600445,49.5947315],[53.8694644,49.5970264],[53.878026,49.59405],[53.8823819,49.599043],[53.8915473,49.5990296],[53.8978958,49.5923531],[53.8993578,49.5882363],[53.9127474,49.5879581],[53.9122939,49.5913933],[53.912251,49.59405],[53.9210915,49.5942865],[53.9240956,49.597986],[53.9313483,49.5932155],[53.9445662,49.5916854],[53.9556598,49.5866221],[53.956604,49.5934658],[53.961598,49.5914912],[53.969543,49.5869282],[53.9874387,49.5862465],[53.9981997,49.5908439],[54.0045133,49.5946069],[54.0150225,49.5950723],[54.0278327,49.5971168],[54.0339482,49.5999192],[54.0382719,49.6039034],[54.0428316,49.6032846],[54.046855,49.6053844],[54.2597579,49.5785531],[54.3006563,49.670933],[54.3115997,49.6719607],[54.3155265,49.6726966],[54.3268776,49.6730716],[54.3366193,49.6744324],[54.3533992,49.6762376],[54.3662309,49.6739603],[54.4963072,49.7741697],[54.5460891,49.9334889],[54.4350797,50.1638144],[54.3640144,50.3196758],[54.5652371,50.5164602],[54.613989,50.5388638],[54.6157354,50.5406948],[54.6220378,50.5441448],[54.6365259,50.5518697],[54.6557807,50.5682744],[54.681015,50.5883048],[54.6920381,50.5952099],[54.7112448,50.6016051],[54.7229486,50.608958],[54.7269528,50.6136173],[54.7301961,50.6175045],[54.7300255,50.6225145],[54.7246182,50.6283951],[54.7211849,50.6373234],[54.7237169,50.6437193],[54.7210133,50.6506584],[54.7185671,50.6638536],[54.7118497,50.6732233],[54.7139311,50.6812628],[54.7153055,50.686372],[54.7180563,50.6901455],[54.6827331,50.7574304],[54.6647166,50.8117695],[54.6928131,50.8731724],[54.6938289,50.8936713],[54.6864408,50.8963226],[54.6809276,50.9009073],[54.6789874,50.9016067],[54.675783,50.9030324],[54.670897,50.9063662],[54.6705717,50.9080029],[54.6698937,50.9105744],[54.6717496,50.9121936],[54.670784,50.9142619],[54.6700565,50.9158423],[54.6680105,50.9167231],[54.6685819,50.9183427],[54.6669815,50.9189593],[54.6645046,50.9196355],[54.6613642,50.9177321],[54.6589478,50.9159263],[54.6547348,50.9152638],[54.6522119,50.9155264],[54.6476454,50.916775],[54.6452799,50.9175978],[54.6416141,50.9191334],[54.6358073,50.9207626],[54.6300787,50.9219104],[54.6251103,50.9230826],[54.6193865,50.9250697],[54.6174342,50.9236917],[54.6151818,50.9219195],[54.6119603,50.9210511],[54.6053039,50.9216741],[54.6017823,50.9223705],[54.5994915,50.9231771],[54.5972997,50.9217663],[54.5923181,50.919787],[54.5882718,50.9194301],[54.5852345,50.9189344],[54.5839091,50.9164828],[54.5817971,50.9165781],[54.5802046,50.9181945],[54.5768343,50.9177247],[54.5734068,50.9169031],[54.5705838,50.9162272],[54.5670096,50.9151247],[54.5625969,50.9189757],[54.5562511,50.9237896],[54.5515553,50.9274404],[54.5477355,50.9288367],[54.5459191,50.927774],[54.5431821,50.9249063],[54.5362111,50.9278496],[54.53197,50.9288446],[54.5266056,50.9295885],[54.5266934,50.931887],[54.5309937,50.9345651],[54.5377636,50.9359005],[54.5413577,50.93396],[54.544335,50.934697],[54.5470505,50.9356931],[54.5527759,50.9327733],[54.55648,50.9278033],[54.5598918,50.9273181],[54.5628369,50.9253788],[54.5626867,50.923421],[54.5648002,50.9225216],[54.5677575,50.923462],[54.5685621,50.9258424],[54.5665965,50.9307011],[54.5607968,50.933618],[54.5584381,50.9358735],[54.5597899,50.9370938],[54.5613134,50.9354695],[54.5639956,50.934369],[54.570111,50.9360188],[54.5701003,50.9374927],[54.5722353,50.9383514],[54.5750034,50.9400415],[54.5685768,50.9410151],[54.5777929,50.9430837],[54.579134,50.9378173],[54.5838654,50.9382567],[54.5895302,50.9358565],[54.5935643,50.944767],[54.5765698,50.9487754],[54.5739144,50.9571393],[54.5741987,50.9663801],[54.5677507,50.9698935],[54.5740914,50.9729202],[54.5807862,50.9764669],[54.5645562,50.9828755],[54.5598167,50.987264],[54.5523119,50.9967621],[54.5485997,51.0047495],[54.5549887,51.0083916],[54.5721388,51.0045064],[54.5871449,51.0103439],[54.5655977,51.0141341],[54.5893099,51.0289375],[54.6025293,51.0265787],[54.6055859,51.0211384],[54.6106929,51.018918],[54.6284974,51.0218437],[54.6427828,51.0195659],[54.6519828,51.0211722],[54.6517199,51.0249142],[54.6531951,51.0298739],[54.6546328,51.0264224],[54.6634948,51.0245566],[54.6753716,51.0232035],[54.6913469,51.015621],[54.7014052,51.0173623],[54.6973282,51.0199844],[54.6997744,51.0237771],[54.6958555,51.0319581],[54.6870693,51.0350109],[54.6910451,51.0379115],[54.6939885,51.036917],[54.6984914,51.0342373],[54.7012206,51.0365918],[54.7048396,51.0393167],[54.7088934,51.0343259],[54.7137705,51.0314737],[54.7226723,51.0291773],[54.7230917,51.0353506],[54.7263068,51.0379804],[54.7395086,51.0386145],[54.7373736,51.0340201],[54.7343266,51.0242563],[54.7487032,51.0233621],[54.7459914,51.0199098],[54.7513264,51.009875],[54.8167871,50.9819291],[54.8981814,50.9281583],[54.9901658,50.906129],[55.0150251,50.906321],[55.0242519,50.9088648],[55.0280285,50.9143036],[55.0361395,50.916901],[55.0414824,50.9215815],[55.0501513,50.9273975],[55.0551295,50.9254769],[55.0590992,50.9222172],[55.0636911,50.9268159],[55.0711798,50.9239891],[55.0818229,50.9214327],[55.0846767,50.9189166],[55.0948477,50.9146012],[55.0948047,50.9122743],[55.1001692,50.9086889],[55.1061773,50.9070652],[55.1079154,50.9027081],[55.1128936,50.8993385],[55.1274848,50.8979716],[55.130918,50.8933159],[55.126884,50.8904329],[55.1227855,50.8895395],[55.1256351,50.8828299],[55.128436,50.8809246],[55.092427,50.8491724],[55.1329377,50.8002018],[55.2110584,50.7579232],[55.3608591,50.6674448],[55.4671242,50.6740147],[55.5630246,50.6039799],[55.6238008,50.5796591],[55.7362457,50.5503002],[55.8147338,50.6106228],[55.9277713,50.6459996],[56.0544723,50.6948359],[56.0957944,50.7260099],[56.1280011,50.8049397],[56.1489759,50.8608122],[56.1812831,50.9381257],[56.2544658,50.9118649],[56.361258,50.90125],[56.3924555,50.9455486],[56.435055,50.9639704],[56.4577721,50.9899756],[56.4947806,51.0774814],[56.5130174,51.0850257],[56.5118704,51.0777249],[56.5172777,51.0748399],[56.5225756,51.0719412],[56.5277062,51.0686378],[56.5255604,51.0625427],[56.5322981,51.0589285],[56.535903,51.0533986],[56.537596,51.0490957],[56.5395079,51.0441178],[56.5445719,51.0447923],[56.5457735,51.0421751],[56.5517817,51.0409885],[56.5540755,51.0395307],[56.5547836,51.0383568],[56.5580044,51.0377908],[56.5590773,51.0363606],[56.560987,51.0371432],[56.5630899,51.0366439],[56.5653214,51.0349842],[56.5690336,51.0334864],[56.5726385,51.0354295],[56.5756855,51.0314353],[56.5801466,51.0288301],[56.5823159,51.0254703],[56.5849767,51.023433],[56.5862641,51.0214759],[56.5895879,51.0193554],[56.5910063,51.0160901],[56.5963042,51.0144283],[56.6008339,51.0124857],[56.6029797,51.0084895],[56.6066489,51.0065452],[56.6093934,51.003965],[56.6065609,51.0012374],[56.6112614,51.0015898],[56.6129565,50.9995305],[56.6157041,50.9981328],[56.6189656,50.9953779],[56.6191158,50.9912857],[56.6169894,50.9880832],[56.6200793,50.9870026],[56.6238302,50.987784],[56.6269898,50.9863117],[56.6339416,50.9852328],[56.6531508,50.9876093],[56.6650448,50.9865817],[56.6792696,50.9874297],[56.6846921,50.9861335],[56.6912127,50.9848444],[56.6973444,50.9824102],[56.7030787,50.9770005],[56.7017376,50.9730351],[56.7055893,50.9724203],[56.7082608,50.9719068],[56.7121446,50.9709002],[56.7152667,50.9724608],[56.7180562,50.9727378],[56.7191307,50.9721706],[56.7231202,50.9756596],[56.7263389,50.976933],[56.7283237,50.9779057],[56.7331326,50.978189],[56.7404911,50.9799815],[56.7447411,50.980337],[56.7492932,50.9811413],[56.7508757,50.98155],[56.7365286,51.0069824],[56.7121178,51.048275],[56.7088422,51.0775721],[56.7256967,51.078262],[56.7363925,51.0782187],[56.7854896,51.0936009],[56.8874739,51.0602582],[56.9701959,51.0711217],[57.0577204,51.0696217],[57.1192905,51.0821698],[57.1876198,51.1019303],[57.2298512,51.0438021],[57.2214102,51.038452],[57.2257006,51.035051],[57.2301424,51.0333508],[57.2333835,51.0319211],[57.2376751,51.0305986],[57.2405064,51.0275885],[57.2461712,51.0262119],[57.2507643,51.0276567],[57.2572445,51.028048],[57.2630595,51.0286418],[57.2666858,51.0294381],[57.2712134,51.032137],[57.2774772,51.0319215],[57.2848158,51.0345393],[57.2879199,51.0383556],[57.2927944,51.0319645],[57.2838782,51.030267],[57.2874988,51.0217378],[57.288552,51.0164373],[57.2938841,51.0112604],[57.2952665,51.0066214],[57.2917103,51.0015185],[57.2967743,50.9968191],[57.308722,50.9947961],[57.3148369,50.9878009],[57.3143208,50.9817884],[57.3125624,50.9792365],[57.3082279,50.9766696],[57.3131406,50.9746551],[57.3195722,50.9725283],[57.3237793,50.9642015],[57.3264014,50.9477194],[57.339276,50.936254],[57.3592745,50.9267874],[57.3679434,50.9226756],[57.378329,50.9192127],[57.3898303,50.9099051],[57.4061381,50.9052505],[57.4197852,50.8952904],[57.4372946,50.8915007],[57.4502551,50.887115],[57.463473,50.8840286],[57.4752318,50.8784508],[57.4964277,50.8774733],[57.5120686,50.8784568],[57.5200416,50.8950609],[57.5239883,50.9017264],[57.51846,50.9046572],[57.5234224,50.9078067],[57.5271621,50.9163757],[57.5365541,50.9219829],[57.5442009,50.9274804],[57.5578939,50.9333523],[57.6070274,50.9328274],[57.6869168,50.9176274],[57.7162681,50.9268881],[57.739196,50.922844],[57.7569306,50.9189919],[57.7618164,50.9202119],[57.7542196,51.0385252],[57.7632348,51.0983278],[57.7719418,51.1384157],[57.8026849,51.1383122],[57.8122329,51.138808],[57.8169049,51.1327038],[57.8256462,51.1187468],[57.830509,51.1129463],[57.8448622,51.111825],[57.8506102,51.1081471],[57.8615368,51.1028555],[57.8763686,51.099401],[57.8859986,51.1085748],[57.9012186,51.112627],[57.9169321,51.1182192],[57.9226271,51.1122557],[57.9348362,51.0949862],[57.951559,51.086255],[57.9708367,51.0903646],[57.9834164,51.0919674],[57.9949547,51.0939169],[58.0011529,51.0919769],[58.0150021,51.0936924],[58.0325001,51.1063721],[58.0416738,51.1097309],[58.059896,51.1137419],[58.0706955,51.1219641],[58.0838383,51.1214995],[58.0888165,51.1207453],[58.090855,51.1095245],[58.0837316,51.0934514],[58.0807265,51.0860472],[58.0864132,51.0828022],[58.0939831,51.0741023],[58.1062168,51.0702814],[58.1185729,51.0702058],[58.1255313,51.0710005],[58.13671,51.0669474],[58.1557729,51.0658372],[58.1617376,51.0638588],[58.1684839,51.0623425],[58.1775654,51.0674868],[58.1701708,51.0805375],[58.1849469,51.0870076],[58.2084645,51.0889485],[58.2160176,51.0967111],[58.2161892,51.1126634],[58.2034955,51.123957],[58.2057823,51.1293711],[58.2179372,51.1313403],[58.2335459,51.1338618],[58.2381619,51.1388435],[58.244727,51.1447729],[58.2554675,51.1447804],[58.266486,51.1436429],[58.2676877,51.1515511],[58.2680364,51.153967],[58.2727581,51.1522642],[58.2738649,51.1478379],[58.2785093,51.1450233],[58.2828689,51.1500907],[58.2852186,51.1541891],[58.2870625,51.1587124],[58.289801,51.1592462],[58.292634,51.1521048],[58.3034014,51.1535786],[58.3072027,51.1578658],[58.3092297,51.1534892],[58.3163147,51.1518094],[58.3144929,51.156605],[58.3190258,51.1606784],[58.3402334,51.1452316],[58.3604579,51.1098368],[58.3840191,51.0748699],[58.4811446,51.0835927],[58.5764649,51.0558952],[58.6124669,51.0267556],[58.5935855,50.8693329],[58.6584011,50.8182288],[58.8010372,50.785703],[58.8196206,50.7692469],[58.8243735,50.7690773],[58.8279569,50.7685819],[58.8326347,50.7656776],[58.8356173,50.762142],[58.8376021,50.7603979],[58.8453591,50.7568687],[58.848921,50.7514793],[58.8478911,50.7481939],[58.8498545,50.7442021],[58.849951,50.7401081],[58.8477194,50.7364959],[58.8475102,50.7319259],[58.8477033,50.7295864],[58.8486582,50.7276033],[58.8520217,50.7256779],[58.8518494,50.7217209],[58.85966,50.7205254],[58.8688445,50.7080025],[59.0229041,50.6888186],[59.0874204,50.6774209],[59.160464,50.6685013],[59.2062744,50.6674537],[59.2939062,50.6485699],[59.3889977,50.6407977],[59.3934545,50.6400661],[59.3970895,50.6400717],[59.4028294,50.639228],[59.4095886,50.6394458],[59.4150359,50.6380909],[59.4232571,50.6387926],[59.4295978,50.6389559],[59.4381165,50.642249],[59.444747,50.6442833],[59.4530759,50.6453049],[59.4610011,50.6440248],[59.4638497,50.6426674],[59.5025928,50.6122159],[59.5368728,50.608267],[59.5407052,50.6045684],[59.5460696,50.600183],[59.5520778,50.5945441],[59.5589421,50.5875667],[59.5675273,50.5863978],[59.5683405,50.5798279],[59.568598,50.5747589],[59.5139641,50.579081],[59.463222,50.5827461],[59.4628143,50.5777864],[59.4630344,50.5726981],[59.4650674,50.5644035],[59.4625568,50.5568587],[59.4607758,50.5511873],[59.4577181,50.5479832],[59.4571817,50.5437016],[59.5153827,50.5223085],[59.5848296,50.5205861],[59.7292363,50.5379999],[59.9053641,50.6330134],[59.9800324,50.6681367],[60.0715488,50.8221168],[60.139654,50.8341217],[60.1627218,50.8367826],[60.2165551,50.8126838],[60.4021355,50.66712],[60.5134618,50.6641247],[60.6803882,50.6653243],[60.8090003,50.6566054],[60.9286908,50.685151],[61.0969135,50.724702],[61.2553361,50.7615873],[61.4007152,50.7954777],[61.4664935,50.8785195],[61.4898558,50.9702268],[61.5172439,51.0592699],[61.5441229,51.1538155],[61.5680598,51.2377707],[61.7870868,51.269131],[61.9240722,51.2205956],[61.9947382,51.0893369],[62.1810776,51.129435],[62.4302613,50.8528345],[62.2764607,50.7218448],[62.497042,50.590701],[62.5281696,50.5143557],[62.5208396,50.5079246],[62.5106601,50.5041485],[62.5011329,50.4997264],[62.5026779,50.4919733],[62.5045318,50.4864129],[62.5072698,50.4792488],[62.5151748,50.4731952],[62.5218181,50.4632973],[62.5316457,50.4596911],[62.5402717,50.4561939],[62.5439281,50.4468308],[62.550271,50.4384581],[62.5554723,50.4301577],[62.5586824,50.4218366],[62.5677461,50.411701],[62.5834531,50.4066139],[62.5918989,50.4065223],[62.5997095,50.4025014],[62.6081209,50.3976596],[62.6140861,50.3899444],[62.6303081,50.3896708],[62.6370887,50.3827479],[62.6415948,50.3774387],[62.6406936,50.3705414],[62.6393203,50.3636978],[62.6398782,50.359427],[62.6421098,50.3540057],[62.6436634,50.3485933],[62.6460151,50.3440924],[62.6542635,50.3402128],[62.6636962,50.335985],[62.6627521,50.3296844],[62.6645546,50.3235473],[62.671421,50.3173547],[62.6692752,50.311216],[62.6722364,50.3083108],[62.6808195,50.3063374],[62.6876859,50.3063648],[62.6907329,50.305104],[62.6943378,50.2994024],[62.6900463,50.3003344],[62.6905613,50.296003],[62.6979084,50.2928049],[62.7054529,50.2903825],[62.7114181,50.2858034],[62.7123622,50.2802915],[62.7172632,50.2790121],[62.7215461,50.2775215],[62.7256231,50.2728863],[62.7278118,50.2672083],[62.7351074,50.2635323],[62.7349014,50.256628],[62.7345066,50.2501152],[62.7298803,50.2471335],[62.7311592,50.24287],[62.7261037,50.2412054],[62.7265243,50.2388353],[62.7216749,50.2379021],[62.7285499,50.2334373],[62.7287216,50.2306372],[62.7293996,50.225274],[62.7347297,50.2203687],[62.739665,50.2154259],[62.7396564,50.2111046],[62.7497844,50.2073419],[62.7547712,50.2022699],[62.7598266,50.195942],[62.7665214,50.1944035],[62.7727441,50.1957222],[62.7763919,50.1935243],[62.7854557,50.1922151],[62.7917127,50.1885787],[62.7870779,50.1870949],[62.7857475,50.1818188],[62.7836446,50.1788508],[62.7858848,50.1719893],[62.794116,50.1665645],[62.7982788,50.1656298],[62.8003473,50.171577],[62.807806,50.1696432],[62.8160028,50.1662346],[62.8220539,50.1643102],[62.8205947,50.1571895],[62.8241224,50.1502699],[62.8269977,50.1469149],[62.8339414,50.1448976],[62.8361301,50.1405796],[62.8317956,50.1369488],[62.8388767,50.1352159],[62.8405504,50.1316947],[62.8465156,50.1289712],[62.8456573,50.1217627],[62.8452797,50.1184153],[62.846816,50.1152961],[62.8530902,50.1114253],[62.8559999,50.1115808],[62.8596477,50.1023328],[62.8662567,50.1040669],[62.8728742,50.1010211],[62.8800754,50.0934972],[62.8853111,50.0903585],[62.878582,50.08318],[62.8804702,50.0782229],[62.8830795,50.0713566],[62.8832168,50.0661036],[62.8823928,50.0614396],[62.8912334,50.0578028],[62.8892593,50.0526227],[62.8927784,50.0441349],[62.8912334,50.0394495],[62.8999023,50.0368585],[62.9073696,50.0328339],[62.9136009,50.0272459],[62.9136352,50.0224678],[62.91961,50.01846],[62.92715,50.01739],[62.94029,50.00759],[62.94783,50.0046],[62.9454,49.99945],[62.95293,49.99674],[62.94803,49.99348],[62.9416,49.98851],[62.94282,49.97882],[62.94696,49.95993],[62.94525,49.95578],[62.9368293,49.9470507],[62.9204933,49.9402083],[62.9203433,49.9314983],[62.9168933,49.9289783],[62.9188233,49.9209183],[62.9184133,49.9134884],[62.9319633,49.9047484],[62.9227833,49.8998984],[62.9299933,49.8956285],[62.9260233,49.8817585],[62.9073133,49.8857985],[62.7906653,49.936889],[62.5963198,49.8065164],[62.452104,49.6249717],[62.3211923,49.5201086],[62.5212723,49.2376385],[62.4906114,49.1238593],[62.7897737,48.8856505],[63.1301743,48.8634099],[63.4167575,48.6017719],[63.770803,48.4539982],[64.2154453,47.92414],[63.833412,47.6282054],[62.9500893,47.1907705],[62.3326164,47.5311285],[61.3210154,47.7960321],[60.7024563,47.1040848],[60.1641993,46.899161],[59.4738204,46.4135817],[58.9902841,45.3694157],[57.9976144,45.4622201],[56.6900125,45.4820958],[56.6594188,45.6529369]]]}},{"type":"Feature","properties":{"id":215686,"name":"Мангистауская область"},"geometry":{"type":"Polygon","coordinates":[[[50.9124928,43.6581249],[50.3514389,44.1634139],[50.0774639,44.3169056],[49.9248389,44.7587528],[49.8104972,44.9956222],[50.0170694,45.1868722],[50.7077472,45.0808028],[51.2691889,45.4626417],[51.7300083,45.5927028],[52.4719222,45.607825],[52.8833508,45.7742786],[53.4100304,45.8137401],[53.6844718,46.0188562],[53.9987183,46.2466148],[54.2914737,46.254999],[54.7947537,46.3511308],[55.2704752,46.3673626],[55.6441916,46.4167356],[55.7403835,46.4096226],[55.7948171,46.4105098],[55.825101,46.3484542],[55.8196958,46.2761609],[55.8848874,46.2401031],[55.9668426,46.2533357],[55.9881763,46.2116484],[56.1971389,46.1385945],[56.3698847,46.134599],[56.5525261,46.0058679],[56.6900125,45.4820958],[55.9991401,44.9276462],[55.9989926,41.9493717],[55.8767136,41.3317862],[55.846351,41.31687],[55.815215,41.293612],[55.766291,41.288508],[55.749434,41.298464],[55.7378,41.29472],[55.724764,41.293989],[55.728604,41.2844],[55.716258,41.281205],[55.698222,41.284877],[55.682295,41.284161],[55.666039,41.285904],[55.645,41.281663],[55.61995,41.27471],[55.609879,41.250726],[55.598681,41.25161],[55.602073,41.262519],[55.594964,41.272395],[55.592033,41.269406],[55.579801,41.274666],[55.573003,41.280714],[55.573099,41.288637],[55.568449,41.293033],[55.560786,41.287611],[55.545235,41.287966],[55.555152,41.270155],[55.545717,41.267473],[55.524272,41.258022],[55.495659,41.253792],[55.477019,41.268906],[55.449925,41.271761],[55.451498,41.284048],[55.437811,41.289845],[55.430535,41.285778],[55.412545,41.295688],[55.414481,41.308793],[55.404801,41.318121],[55.397669,41.32935],[55.389603,41.337468],[55.349702,41.362916],[55.298329,41.407763],[55.2133681,41.5108687],[55.137159,41.591588],[55.102267,41.638911],[55.018339,41.758696],[54.949976,41.833213],[54.94741,41.910611],[54.836295,42.004318],[54.683365,42.108088],[54.295894,42.333157],[54.1820556,42.3746995],[53.908487,42.335833],[53.6653995,42.3034657],[53.447202,42.254315],[53.235211,42.194165],[52.984788,42.121175],[52.8485184,42.0357776],[52.584574,41.857025],[52.259144,41.724447],[52.2292722,42.0632194],[52.289125,42.2623528],[51.8365417,42.6958722],[51.6355667,42.8934833],[51.1033611,43.0789361],[51.0906083,43.3578609],[50.9124928,43.6581249]]]}},{"type":"Feature","properties":{"id":215699,"name":"Восточно-Казахстанская область"},"geometry":{"type":"Polygon","coordinates":[[[83.1265618,48.0408135],[82.9902934,47.8824488],[82.9916634,47.7602899],[83.1596373,47.6059317],[83.1651304,47.5228813],[83.2095907,47.3955605],[83.1576438,47.2290029],[83.1746447,47.2202011],[83.1863751,47.219444],[83.1979211,47.2173806],[83.2055124,47.2129204],[83.2085783,47.2086063],[83.2076185,47.2035414],[83.2071431,47.1983366],[83.2137032,47.1928057],[83.2181442,47.1896856],[83.2234827,47.1886969],[83.234414,47.189257],[83.2381095,47.1871876],[83.2362556,47.1854354],[83.2359786,47.1811823],[83.2458889,47.1776864],[83.2609736,47.1767867],[83.273186,47.1754503],[83.2807435,47.1753496],[83.2873866,47.1813043],[83.2916341,47.1820762],[83.2955498,47.18117],[83.3009767,47.1786449],[83.3063611,47.1777188],[83.3114307,47.1750112],[83.3152218,47.1733609],[83.3199267,47.1712376],[83.333747,47.1709427],[83.3360138,47.1699977],[83.3393671,47.1723277],[83.3453198,47.1726902],[83.3491744,47.173505],[83.3537514,47.1743167],[83.3542658,47.1767057],[83.3598785,47.1777048],[83.3648907,47.1777807],[83.3617584,47.1710714],[83.3643654,47.1670508],[83.3696479,47.1602114],[83.3759956,47.1571205],[83.3820394,47.1515434],[83.3879675,47.1476245],[83.3888253,47.1409534],[83.398218,47.1353344],[83.4080983,47.1273636],[83.4105169,47.1222781],[83.4127237,47.1171198],[83.4208088,47.1155042],[83.429583,47.1155227],[83.4325937,47.1240469],[83.4485125,47.1308146],[83.4551188,47.1314113],[83.4614449,47.1283355],[83.465846,47.1277181],[83.4709528,47.1276157],[83.4644328,47.1234983],[83.4643623,47.1199945],[83.4676178,47.1182931],[83.4785234,47.1178473],[83.483235,47.1140476],[83.4832018,47.1091283],[83.4938649,47.1099607],[83.4994794,47.1073796],[83.5059297,47.1095069],[83.5097029,47.1051407],[83.5115642,47.0999977],[83.5160123,47.0945999],[83.5189588,47.0947939],[83.519828,47.0939453],[83.5250274,47.0921917],[83.5265583,47.0882259],[83.5275441,47.084694],[83.5359198,47.0829887],[83.546096,47.0833384],[83.5501268,47.0801436],[83.5634157,47.0789161],[83.5653336,47.0759527],[83.562377,47.0669935],[83.5599555,47.062546],[83.5608882,47.0596004],[83.5651079,47.0563578],[83.5708261,47.0581084],[83.5787929,47.0605058],[83.5842267,47.0598916],[83.5914237,47.058558],[83.6020213,47.0551661],[83.606796,47.0517985],[83.6068754,47.0465962],[83.6122142,47.0483222],[83.6191093,47.0487655],[83.6247102,47.0467897],[83.6363885,47.0443925],[83.6438914,47.0439557],[83.6575934,47.0404757],[83.6664698,47.0380822],[83.6707231,47.0383654],[83.6741836,47.0372991],[83.6840346,47.03528],[83.6944999,47.0357134],[83.6981086,47.0333026],[83.7006139,47.0297229],[83.7010169,47.0257454],[83.7019832,47.0212955],[83.6997056,47.0177017],[83.7075261,47.0178498],[83.7132746,47.0242114],[83.7218314,47.0261062],[83.7308303,47.0274217],[83.7387186,47.0325743],[83.7472713,47.0327774],[83.7514952,47.0285105],[83.7541293,47.025429],[83.7608111,47.0253458],[83.765555,47.0267769],[83.7739415,47.0255797],[83.7835121,47.024266],[83.7862783,47.0217948],[83.7913883,47.0182003],[83.7966899,47.0183542],[83.8036295,47.016658],[83.810334,47.0163219],[83.817379,47.0129769],[83.8265408,47.0112479],[83.8343084,47.0066192],[83.83728,47.0029636],[83.8352905,47.0000724],[83.8345128,46.9972505],[83.8353889,46.9945833],[83.8392053,46.9967488],[83.845912,46.9958432],[83.8493871,46.9953684],[83.8592353,46.9979424],[83.8677405,46.9958249],[83.871676,46.993037],[83.8708373,46.9882424],[83.8743897,46.9871846],[83.8827228,46.9860007],[83.8877098,46.9867806],[83.8932148,46.9877265],[83.8996696,46.984],[83.9048409,46.9775879],[83.9111855,46.9742778],[83.9208698,46.9768266],[83.9306774,46.9856634],[83.9346332,46.9849145],[83.9457037,46.9907005],[83.9552103,46.9902117],[83.9592952,46.9834217],[83.9714358,46.9858655],[83.9788583,46.9913575],[83.9865236,46.9956643],[83.9930693,46.9930167],[84.0089321,46.9880254],[84.012022,46.9828874],[84.0231156,46.981321],[84.0338228,46.977147],[84.0413102,46.9742998],[84.0476542,46.9702495],[84.0586281,46.9709481],[84.0680051,46.9717827],[84.0787983,46.9688177],[84.0832537,46.9691959],[84.0854035,46.9689282],[84.0877299,46.9688301],[84.088661,46.9690624],[84.0897661,46.9688293],[84.0909254,46.9685544],[84.0932082,46.9686099],[84.0952868,46.9688628],[84.0990748,46.9691549],[84.1018458,46.9692807],[84.1034494,46.9686253],[84.1057458,46.9692455],[84.1107517,46.967745],[84.1184785,46.9677127],[84.119832,46.969025],[84.1217663,46.9685803],[84.1246188,46.9670148],[84.1274882,46.9681474],[84.128579,46.969149],[84.1299595,46.9709903],[84.1313559,46.9716937],[84.1339855,46.9722325],[84.1374051,46.9730286],[84.1420629,46.9736205],[84.143821,46.9750785],[84.1468551,46.9766248],[84.1486805,46.978683],[84.1508552,46.9783209],[84.1518769,46.9799472],[84.1545217,46.9809775],[84.1576767,46.9809587],[84.158211,46.982407],[84.1582861,46.9841836],[84.1597994,46.9867974],[84.1596071,46.9888169],[84.1633469,46.989671],[84.1646627,46.9907725],[84.1652306,46.9930591],[84.1668528,46.9938192],[84.1690433,46.9949039],[84.1726925,46.9941857],[84.1753514,46.9932087],[84.1772794,46.9934652],[84.1777565,46.996405],[84.1794494,46.9973563],[84.1801637,46.9976874],[84.1819041,46.9977117],[84.1838898,46.9976185],[84.1863498,46.9974557],[84.1871869,46.9982742],[84.1878458,46.999574],[84.189643,46.9994942],[84.1923966,46.9986485],[84.1944008,46.9989922],[84.1958143,46.9990106],[84.1970485,46.9998806],[84.1978649,47.0012244],[84.2011446,47.0022784],[84.2039893,47.0010469],[84.2050503,47.000794],[84.2066832,47.0001978],[84.2085789,47.0012303],[84.2113462,47.0004204],[84.2150529,47.0004104],[84.2170969,46.9993354],[84.2200509,46.9984742],[84.222644,46.9976835],[84.2242115,46.9978126],[84.2258085,46.9972057],[84.227598,46.9996314],[84.2292622,47.0004413],[84.2305944,47.0006072],[84.2325636,47.0011836],[84.2490649,46.9997925],[84.2562532,47.0010218],[84.2682695,47.0007072],[84.2745781,47.0016657],[84.2863583,47.002251],[84.2952418,46.9969681],[84.302237,46.9961046],[84.3100691,46.9969534],[84.3170428,46.9977291],[84.3222999,46.9970705],[84.330883,47.0028656],[84.3468046,46.9994999],[84.3572116,46.9995291],[84.3651724,46.9979632],[84.3791628,46.9959875],[84.3875656,47.0001488],[84.3980026,47.001095],[84.4064355,47.004146],[84.4135165,47.0042704],[84.4246745,47.0059239],[84.4340515,47.0071823],[84.4463253,47.0078407],[84.4580197,47.0086601],[84.4602513,46.9945167],[84.4781792,46.9913187],[84.4879532,46.9878205],[84.4979954,46.9811747],[84.513638,46.9778368],[84.5201397,46.9804061],[84.5312333,46.9829386],[84.5396232,46.9829021],[84.5464468,46.9866421],[84.5523691,46.9912675],[84.5596218,46.9939239],[84.5723355,46.9982193],[84.5823133,46.9991852],[84.5983743,46.9985486],[84.6132874,46.9974071],[84.6220207,46.9983876],[84.6275139,46.995007],[84.6337795,46.9956948],[84.6456456,46.9983876],[84.655602,46.9997047],[84.667232,46.9992511],[84.6765017,47.0029827],[84.6860504,47.0046801],[84.6996975,47.0063336],[84.7136342,47.006436],[84.7360897,47.0052288],[84.7594356,47.0009779],[84.7633293,46.9983584],[84.7664812,46.9968197],[84.7688993,46.9957662],[84.769412,46.9941147],[84.7723188,46.9929085],[84.7741359,46.9919564],[84.7758894,46.9911971],[84.7766436,46.9881019],[84.776426,46.9867342],[84.7776311,46.9841952],[84.7807361,46.9791644],[84.7826327,46.9750957],[84.7855805,46.9736531],[84.7919567,46.9701147],[84.7966123,46.9665678],[84.8039131,46.963941],[84.8086038,46.9615903],[84.8119507,46.9593834],[84.8156918,46.9578756],[84.8207976,46.95946],[84.8275129,46.9598288],[84.8337243,46.9573589],[84.8362784,46.956865],[84.8400854,46.9571103],[84.8432124,46.9551071],[84.8472673,46.95382],[84.8499121,46.9510147],[84.85063,46.9482885],[84.8562301,46.9471067],[84.8612452,46.9440668],[84.858335,46.9390989],[84.8590121,46.9359223],[84.8587833,46.9325089],[84.8584427,46.9306841],[84.8580086,46.928332],[84.8611827,46.9268125],[84.8640941,46.9254537],[84.8657955,46.9237342],[84.8683975,46.9224135],[84.8701714,46.9206652],[84.8703812,46.9191612],[84.8722144,46.917112],[84.8739526,46.9159328],[84.8760226,46.9139984],[84.877489,46.9116029],[84.880988,46.9097138],[84.8885533,46.907115],[84.895529,46.9039558],[84.8958637,46.9008831],[84.9049316,46.8987732],[84.9092004,46.8938914],[84.9145586,46.8880031],[84.9139458,46.8847276],[84.9151808,46.8803736],[84.9207431,46.8777699],[84.9284442,46.8756456],[84.9328877,46.8710811],[84.9393313,46.865767],[84.944232,46.8628509],[84.9481897,46.8633933],[84.9528202,46.8638627],[84.9594017,46.8654832],[84.9653196,46.867533],[84.9641151,46.871511],[84.9709196,46.8726491],[84.97478,46.8723395],[84.9787467,46.8727061],[84.9779395,46.8755798],[84.9765338,46.8792223],[84.9769848,46.8817366],[84.9739413,46.8847984],[84.9733385,46.8873595],[84.9763088,46.8899948],[84.9791899,46.8923305],[84.9783544,46.8952947],[84.9800334,46.8983284],[84.9801054,46.9007209],[84.9790856,46.9033508],[84.9799262,46.905778],[84.9804593,46.9086949],[84.9815478,46.9115466],[84.9826708,46.9140194],[84.9836481,46.9157781],[84.9857906,46.9167398],[84.9884783,46.9185869],[84.9912138,46.919207],[84.9930648,46.920251],[84.9959727,46.9211703],[84.9995803,46.9212878],[85.0015105,46.9213068],[85.002412,46.9225181],[85.0020406,46.9240825],[85.0027176,46.9255613],[85.0061471,46.9264562],[85.0090015,46.9251633],[85.0126753,46.9241596],[85.01615,46.9240097],[85.0213048,46.9236881],[85.0248984,46.9231909],[85.0300679,46.923199],[85.0343903,46.9220768],[85.041968,46.9244242],[85.0470677,46.9266587],[85.0492474,46.928572],[85.0526124,46.9275366],[85.0563581,46.9272595],[85.0610815,46.9277565],[85.0663279,46.9256637],[85.0679746,46.9286585],[85.0742442,46.9307581],[85.0778709,46.9309091],[85.0780749,46.9347025],[85.0779097,46.937831],[85.0826021,46.9404773],[85.0831116,46.9450295],[85.085049,46.9487577],[85.0825957,46.9510872],[85.0808493,46.9529904],[85.0793595,46.9541548],[85.0784956,46.9555799],[85.0788428,46.9578936],[85.0824331,46.9579217],[85.0847249,46.958666],[85.0868494,46.9581391],[85.0888645,46.9576965],[85.0908379,46.9583594],[85.0927634,46.9589441],[85.0951085,46.9609786],[85.095661,46.9621159],[85.0954851,46.9639587],[85.0965516,46.9648083],[85.0984251,46.9652726],[85.1009754,46.965159],[85.1028198,46.9655326],[85.1033404,46.966295],[85.1046123,46.9667676],[85.1066806,46.9674271],[85.1087445,46.9673934],[85.1094165,46.9683084],[85.1103584,46.9691844],[85.1112307,46.9705745],[85.1133885,46.9711875],[85.1163513,46.9711405],[85.1174318,46.9701851],[85.1185206,46.9698453],[85.1195133,46.9702721],[85.1212254,46.9715078],[85.1225884,46.9723265],[85.1248167,46.9732396],[85.1278164,46.9752114],[85.1276812,46.9775166],[85.1271271,46.9795044],[85.1286217,46.9811572],[85.1345447,46.9815605],[85.1411377,46.9861231],[85.1536978,46.9861803],[85.1585569,46.9868013],[85.1605152,46.9869416],[85.1638228,46.9867421],[85.1676974,46.987345],[85.168816,46.9883564],[85.1708144,46.9896929],[85.1736784,46.9908545],[85.1761726,46.9923816],[85.1773166,46.9936841],[85.1780232,46.9950471],[85.1785461,46.9971668],[85.1772976,46.9992419],[85.175607,47.0034542],[85.178361,47.0042597],[85.1847512,47.0055311],[85.1880812,47.0083119],[85.1884327,47.0098365],[85.1904115,47.0102173],[85.1926287,47.0113749],[85.1933915,47.0120067],[85.194095,47.0126442],[85.194576,47.013534],[85.1944025,47.0144867],[85.1937254,47.0160919],[85.1945162,47.017093],[85.1959671,47.0185895],[85.196924,47.0198598],[85.1976696,47.0206592],[85.1988404,47.0211987],[85.1995036,47.0219964],[85.199924,47.0241453],[85.2011964,47.0263192],[85.2035272,47.0282185],[85.2038871,47.0299575],[85.2045179,47.0319372],[85.2050064,47.0329003],[85.2064278,47.0340025],[85.2082073,47.0350497],[85.2095553,47.0364937],[85.2110408,47.0383262],[85.2117828,47.039275],[85.211478,47.040243],[85.2106839,47.0430181],[85.2111803,47.0448213],[85.213432,47.0471984],[85.2141056,47.0490531],[85.2154916,47.0518181],[85.2208828,47.0527397],[85.2250743,47.0516225],[85.2255656,47.0498119],[85.2290991,47.0499267],[85.2340775,47.0493284],[85.2359368,47.0502839],[85.2376937,47.0507233],[85.2399727,47.0523998],[85.2443069,47.0532266],[85.2499518,47.0526118],[85.2541049,47.0529558],[85.2596241,47.0509411],[85.2657524,47.0514614],[85.2724391,47.054891],[85.2748347,47.0579132],[85.2723965,47.063949],[85.2758031,47.0684733],[85.2773309,47.0657525],[85.2831556,47.0640209],[85.2889042,47.0631008],[85.2948341,47.0641224],[85.2993583,47.0649837],[85.3012442,47.0598118],[85.3049017,47.0568774],[85.304473,47.0548272],[85.30636,47.0515872],[85.3083306,47.0499517],[85.3117074,47.0491512],[85.3130235,47.0484777],[85.3143519,47.0471478],[85.3159447,47.0462683],[85.3180282,47.0450832],[85.3202125,47.043996],[85.3234335,47.0429462],[85.3260704,47.0437889],[85.3275976,47.0446338],[85.3291576,47.0459568],[85.331593,47.0473719],[85.3374212,47.0472572],[85.3395303,47.0485674],[85.3404086,47.0509687],[85.3410894,47.0521296],[85.3414631,47.0535282],[85.3449431,47.0544991],[85.3467781,47.0546536],[85.3483434,47.0540559],[85.3491499,47.0532705],[85.3506284,47.0524165],[85.355829,47.0519733],[85.3627874,47.0528504],[85.3670429,47.0522865],[85.3704355,47.0508673],[85.3733158,47.0492514],[85.3801431,47.0466908],[85.384676,47.0465637],[85.3906483,47.0485689],[85.3942704,47.0482558],[85.3997988,47.0498826],[85.4039408,47.0517359],[85.4059322,47.0516737],[85.4086324,47.0550911],[85.412178,47.0592003],[85.4176188,47.0604792],[85.4252797,47.0595089],[85.4326746,47.0575718],[85.4406284,47.060572],[85.4533527,47.0603675],[85.4614795,47.0639603],[85.463807,47.0618653],[85.472668,47.0582986],[85.4789932,47.0547797],[85.4824728,47.0531086],[85.4921797,47.0533647],[85.4977074,47.0538178],[85.5030771,47.0561854],[85.5103183,47.0555414],[85.5164742,47.0545342],[85.525356,47.051582],[85.5302723,47.0506909],[85.5339932,47.0489407],[85.5329418,47.0675203],[85.5481337,47.1061208],[85.5750118,47.1270462],[85.5756448,47.1316287],[85.5771255,47.1356686],[85.5782265,47.1388466],[85.5821891,47.1430766],[85.5872558,47.1469544],[85.5901279,47.1475556],[85.5922268,47.1499966],[85.5963233,47.1531014],[85.6012654,47.1561363],[85.6065758,47.1586566],[85.6093174,47.1600172],[85.6112481,47.1615538],[85.612235,47.1631774],[85.6131886,47.1650972],[85.6153448,47.1664232],[85.6179012,47.1676094],[85.620571,47.1690412],[85.6228139,47.1707746],[85.6243412,47.1730401],[85.6269663,47.1738221],[85.6285254,47.175241],[85.6285048,47.1768295],[85.6292079,47.1786044],[85.6323249,47.1811414],[85.6374488,47.1827935],[85.6407891,47.1857714],[85.6422917,47.1880372],[85.6435293,47.192094],[85.6465775,47.1962363],[85.6476192,47.1998318],[85.6480996,47.2027789],[85.653706,47.207178],[85.6605515,47.2135916],[85.664523,47.2154297],[85.6695842,47.2162478],[85.6724619,47.2175508],[85.6758182,47.2188518],[85.6782062,47.2194339],[85.680472,47.2215823],[85.6822685,47.2228298],[85.6832473,47.2256478],[85.6843703,47.2272834],[85.6857181,47.2289883],[85.6862293,47.232135],[85.6861337,47.234231],[85.6857462,47.2357559],[85.6867471,47.2374746],[85.6874216,47.2398173],[85.6884899,47.2414182],[85.6875511,47.2426937],[85.6874498,47.2452721],[85.6824546,47.2466332],[85.6806375,47.2480473],[85.680944,47.2494058],[85.6801682,47.2507089],[85.682142,47.2529071],[85.6838172,47.2550556],[85.685043,47.2564971],[85.685577,47.2593268],[85.6869666,47.2617803],[85.6887441,47.2631524],[85.6906851,47.2643026],[85.6921801,47.2662491],[85.6921603,47.2679542],[85.6931621,47.2698392],[85.693903,47.2720212],[85.6955377,47.2724922],[85.6938632,47.2743639],[85.6947019,47.2768451],[85.6941712,47.2781067],[85.6954107,47.2791497],[85.6956154,47.2800507],[85.6965559,47.2812288],[85.6976892,47.2830004],[85.6975066,47.2855649],[85.6981,47.287256],[85.6983884,47.2888103],[85.6974489,47.2901274],[85.6954285,47.2920051],[85.6949387,47.2935855],[85.6939785,47.2943897],[85.693386,47.2950691],[85.6922419,47.2962198],[85.6913958,47.2981011],[85.6898772,47.3001132],[85.6871511,47.3009637],[85.6863177,47.3023607],[85.6850905,47.3041833],[85.6839828,47.305531],[85.6848916,47.3073785],[85.6846745,47.3087767],[85.6820169,47.3092622],[85.6808312,47.3097891],[85.6783349,47.3102697],[85.6750914,47.3112091],[85.6744495,47.3129043],[85.674336,47.3144775],[85.6733393,47.3167111],[85.6727315,47.318088],[85.6732384,47.3189815],[85.6730695,47.3205393],[85.6731371,47.3223491],[85.6766399,47.3240827],[85.6790059,47.3260985],[85.6804762,47.3268659],[85.6820731,47.3281657],[85.6832225,47.3292538],[85.6843719,47.3302044],[85.685403,47.3308572],[85.6860952,47.3323695],[85.6864336,47.333595],[85.686265,47.3348436],[85.686147,47.3360921],[85.6863508,47.3370286],[85.6855399,47.338472],[85.685405,47.339858],[85.6859686,47.3415755],[85.686831,47.342801],[85.6857834,47.3443475],[85.6857162,47.3457678],[85.6865004,47.3481013],[85.6864669,47.3493155],[85.6876676,47.3505753],[85.6869918,47.3520416],[85.6879124,47.3534276],[85.6877098,47.3542524],[85.6889613,47.3552258],[85.6883343,47.3563151],[85.6888126,47.3571245],[85.6882816,47.3576732],[85.687605,47.3594722],[85.6869956,47.360442],[85.6868499,47.3616113],[85.6885367,47.3629692],[85.6878597,47.3637518],[85.6884708,47.3645882],[85.6885695,47.3653525],[85.6892204,47.3657842],[85.6914514,47.3660176],[85.6922214,47.3655228],[85.6944258,47.3655853],[85.695885,47.3657358],[85.6970805,47.3664641],[85.698635,47.3680287],[85.6991393,47.3689196],[85.6985156,47.3697922],[85.6983832,47.3705118],[85.69986,47.3712706],[85.6995551,47.3723051],[85.7006446,47.3731323],[85.7012962,47.3745172],[85.7007521,47.3753718],[85.701352,47.3762186],[85.7010868,47.3769382],[85.7014726,47.3781703],[85.7019381,47.3790786],[85.7029181,47.3802524],[85.7019889,47.381287],[85.7011793,47.3824295],[85.6993885,47.3837262],[85.6985791,47.3846344],[85.6969865,47.3851118],[85.6953167,47.3859479],[85.6945683,47.3864497],[85.6938781,47.387171],[85.6927392,47.3880025],[85.692207,47.3891944],[85.6918152,47.389956],[85.6903103,47.3907832],[85.6890218,47.3919014],[85.6874278,47.3930889],[85.6874149,47.3943571],[85.6863257,47.3952117],[85.6860602,47.3962461],[85.6853535,47.3969424],[85.6854472,47.3993798],[85.685007,47.4007126],[85.6842529,47.4021312],[85.683348,47.4035794],[85.6832764,47.4048925],[85.6833736,47.4059891],[85.6836373,47.4068726],[85.6846794,47.4073913],[85.6851827,47.408218],[85.6860634,47.4091592],[85.6860517,47.4101156],[85.6857885,47.41121],[85.6858474,47.4119483],[85.6852008,47.4126292],[85.6845422,47.4136587],[85.685492,47.4151432],[85.6852258,47.4154463],[85.6857052,47.4160542],[85.6847589,47.4163218],[85.6848071,47.4173026],[85.6843041,47.4178457],[85.6842204,47.4186482],[85.6843764,47.4195723],[85.6847574,47.420502],[85.6846005,47.4211319],[85.6845783,47.4219515],[85.6850722,47.4237728],[85.684035,47.4248024],[85.6835193,47.4259484],[85.6831184,47.4270126],[85.6831046,47.4280836],[85.6830601,47.4296014],[85.6831837,47.4302465],[85.6826004,47.4308612],[85.6812071,47.4315431],[85.6798162,47.4325981],[85.6802541,47.4341041],[85.6794576,47.4346354],[85.6787734,47.4355537],[85.67773,47.435493],[85.6765857,47.4361533],[85.675475,47.4365101],[85.6754414,47.4373069],[85.6749126,47.437678],[85.6747781,47.4385735],[85.6752942,47.4395145],[85.6742508,47.4402962],[85.674211,47.4410217],[85.6735378,47.4413556],[85.6727066,47.4424088],[85.6718875,47.4432133],[85.6727178,47.4437596],[85.6715845,47.4442985],[85.6704519,47.4452375],[85.6697786,47.4456777],[85.6688921,47.4464518],[85.6676689,47.4472865],[85.6659518,47.4479922],[85.6659145,47.4493209],[85.6647473,47.4500645],[85.6632772,47.45011],[85.6619976,47.4511344],[85.6600784,47.4516275],[85.6583948,47.4517406],[85.6560155,47.4520743],[85.6537442,47.4524007],[85.6524548,47.4528213],[85.6502111,47.4531479],[85.6503202,47.4536253],[85.6497652,47.454398],[85.6499688,47.4548894],[85.6495388,47.4556944],[85.6489834,47.4566203],[85.6478962,47.4571371],[85.6470098,47.4574759],[85.6465537,47.4577656],[85.6461804,47.4584114],[85.6456761,47.4594908],[85.6450099,47.4597496],[85.6447545,47.4601433],[85.6439235,47.4600546],[85.6435045,47.460519],[85.6428498,47.4612267],[85.6421856,47.4619387],[85.6411708,47.4629073],[85.6403733,47.463438],[85.6400134,47.463491],[85.6395224,47.4638094],[85.6392013,47.4645127],[85.639332,47.4648091],[85.6392534,47.4650303],[85.6389189,47.4654419],[85.6391018,47.4659286],[85.6390818,47.466486],[85.6398672,47.4663889],[85.6399128,47.4667472],[85.6390225,47.4672513],[85.6386099,47.4676582],[85.6392022,47.4680873],[85.6383989,47.4688664],[85.6371009,47.4691354],[85.6366686,47.469768],[85.6360223,47.4704492],[85.6359826,47.4709235],[85.6364895,47.4712215],[85.6369298,47.4718134],[85.6368692,47.4722132],[85.6358491,47.4720375],[85.6352149,47.4724575],[85.6351717,47.4728546],[85.6341574,47.47294],[85.6332697,47.4733885],[85.6329492,47.4741556],[85.6322999,47.4742301],[85.63303,47.4747649],[85.6324983,47.4753441],[85.6321121,47.4751726],[85.6322022,47.4756827],[85.6315922,47.4760294],[85.631632,47.4769165],[85.6312275,47.4769735],[85.6309607,47.4771964],[85.6303667,47.4776359],[85.6307037,47.4780084],[85.6305822,47.4788287],[85.6301498,47.4790244],[85.629616,47.4790749],[85.6294259,47.4792963],[85.6289317,47.4796428],[85.6284166,47.4799159],[85.6278667,47.4807109],[85.6273484,47.4814233],[85.6275064,47.4821021],[85.6273682,47.4826734],[85.6270633,47.4831798],[85.6271484,47.4837352],[85.6268165,47.4842964],[85.6267342,47.4849219],[85.6258969,47.4853749],[85.624804,47.4857151],[85.6242232,47.4860888],[85.6247931,47.4865502],[85.6245043,47.4868276],[85.6241742,47.4872016],[85.6237618,47.4877958],[85.6231956,47.4880558],[85.6230908,47.4882872],[85.6225987,47.4883876],[85.6221482,47.4886969],[85.6210649,47.4889449],[85.6210329,47.489712],[85.6203023,47.4897348],[85.6195371,47.490121],[85.6181432,47.4904351],[85.6173695,47.4909032],[85.6165959,47.4912543],[85.6160794,47.491395],[85.6155229,47.4917191],[85.615119,47.4918128],[85.6157323,47.4919487],[85.616056,47.4918317],[85.616252,47.4921695],[85.6160684,47.4927036],[85.615415,47.4929778],[85.6149986,47.4933828],[85.6141463,47.4937348],[85.6143782,47.4941324],[85.6140855,47.4944716],[85.6135116,47.4949011],[85.613475,47.4954794],[85.6131648,47.4962098],[85.6135727,47.4967291],[85.6132836,47.4973537],[85.613463,47.4978146],[85.6128795,47.497968],[85.6125532,47.4981805],[85.612354,47.4986387],[85.6121362,47.4997914],[85.612143,47.5004194],[85.6118789,47.5012219],[85.611346,47.5018521],[85.6107802,47.5025034],[85.6103789,47.502731],[85.6093477,47.5040856],[85.609012,47.5051786],[85.6094789,47.5063945],[85.6091617,47.5066069],[85.6090111,47.507136],[85.608319,47.507434],[85.6087349,47.5081041],[85.6090235,47.508601],[85.6086074,47.508714],[85.6078337,47.5089193],[85.6079003,47.5096597],[85.6083526,47.5103939],[85.6090105,47.5112309],[85.6095747,47.5118489],[85.6097725,47.5125662],[85.6100336,47.5134862],[85.6099887,47.5142376],[85.6099166,47.5149081],[85.6100318,47.5153732],[85.6094914,47.5158491],[85.6097387,47.5163254],[85.6093231,47.5167841],[85.6092342,47.5174128],[85.6096188,47.5182128],[85.6092337,47.5191286],[85.6095797,47.5200883],[85.608893,47.5205676],[85.6080774,47.5207961],[85.6081175,47.5216607],[85.6080329,47.5226739],[85.6077714,47.5235532],[85.6083957,47.5242149],[85.6090825,47.524933],[85.6097395,47.5256825],[85.6093739,47.5265125],[85.6098524,47.5271812],[85.609914,47.5279693],[85.6095799,47.5285249],[85.6089437,47.5290242],[85.6093606,47.5294756],[85.6091861,47.5298626],[85.6090836,47.5306463],[85.6087855,47.5311361],[85.6091756,47.5317109],[85.6091242,47.5322694],[85.6098064,47.5321669],[85.6098567,47.5325833],[85.609167,47.5329161],[85.6103855,47.5332841],[85.6103705,47.5337348],[85.6104336,47.5344515],[85.6115578,47.5349126],[85.6118252,47.5358387],[85.6125645,47.536667],[85.6136393,47.5369773],[85.6137605,47.538981],[85.6142503,47.5404875],[85.5714796,47.8237592],[85.5474043,47.9822237],[85.5434864,47.9837235],[85.5394152,47.9856539],[85.5390787,47.9884569],[85.5401087,48.0045102],[85.5404366,48.0176889],[85.5397075,48.0201805],[85.534873,48.0223525],[85.5265095,48.0251322],[85.527305,48.02706],[85.5311366,48.0289881],[85.5326133,48.0308885],[85.5318146,48.0328025],[85.5319477,48.0338163],[85.5296164,48.0341614],[85.5293617,48.0363018],[85.530637,48.0380577],[85.5313015,48.039178],[85.5296023,48.0399854],[85.530397,48.0412999],[85.5302681,48.0429336],[85.5292707,48.0435527],[85.5300922,48.0445103],[85.5317215,48.0445047],[85.5338822,48.0446056],[85.5364519,48.0458274],[85.5364143,48.0472418],[85.5358794,48.0484137],[85.5345764,48.0490627],[85.5360597,48.0496582],[85.5383689,48.0493205],[85.5379249,48.0503865],[85.5375387,48.050961],[85.5393374,48.0511294],[85.5406487,48.0523553],[85.541507,48.0530295],[85.5415708,48.0547012],[85.5407439,48.0553168],[85.5395653,48.0559887],[85.5404916,48.0566327],[85.5397325,48.0569722],[85.538973,48.0574706],[85.5388102,48.059096],[85.5390696,48.0594594],[85.5398373,48.0602394],[85.540661,48.0612009],[85.5402625,48.0621612],[85.541983,48.062095],[85.5421219,48.0632584],[85.5410113,48.063985],[85.5400715,48.0651318],[85.5372596,48.0656156],[85.5382192,48.0669037],[85.5395756,48.0683751],[85.536319,48.0696584],[85.534753,48.0713436],[85.5382606,48.0737303],[85.5415129,48.0742557],[85.5400241,48.0763063],[85.5421209,48.0780639],[85.5467005,48.0788515],[85.5483375,48.0800881],[85.545261,48.0820674],[85.5453231,48.086032],[85.5459947,48.0882241],[85.5453633,48.0909366],[85.546141,48.0923461],[85.548379,48.0929051],[85.5498058,48.0950825],[85.546861,48.096036],[85.5448799,48.096886],[85.543262,48.0982235],[85.54763,48.1011848],[85.5489608,48.1023365],[85.5455451,48.1040025],[85.5449433,48.1051845],[85.547573,48.1055004],[85.5485129,48.1045274],[85.5496309,48.105346],[85.5490806,48.1067889],[85.553067,48.1061495],[85.5537413,48.1074198],[85.5513699,48.1079565],[85.5493392,48.1075718],[85.550897,48.10973],[85.5499532,48.1111092],[85.5475754,48.114272],[85.5480165,48.1149855],[85.5515325,48.1153022],[85.5506594,48.1184434],[85.5505488,48.1211911],[85.5491559,48.1267503],[85.5505053,48.1291344],[85.5517844,48.1281444],[85.552252,48.1287362],[85.5548578,48.1286866],[85.5545244,48.1263036],[85.5567662,48.1258537],[85.5585114,48.1260814],[85.5569965,48.1277496],[85.5591857,48.1275256],[85.5586333,48.1299599],[85.558578,48.1314381],[85.5609075,48.132142],[85.564007,48.1328232],[85.5595734,48.1345408],[85.5573302,48.1355126],[85.553396,48.1383529],[85.5562787,48.142982],[85.5575779,48.1448268],[85.5603854,48.1450647],[85.5618965,48.1453965],[85.5633286,48.1461109],[85.56132,48.1468569],[85.5600097,48.1501079],[85.5638696,48.1491898],[85.5636831,48.1511722],[85.5625327,48.152806],[85.5661135,48.1534839],[85.5673074,48.156146],[85.5679826,48.1574857],[85.5698603,48.1571743],[85.5710342,48.1567927],[85.5706942,48.1573489],[85.5734329,48.1566904],[85.5740011,48.1583494],[85.576415,48.1659137],[85.5820584,48.1703931],[85.5828738,48.1756448],[85.5851912,48.1815111],[85.5849552,48.187105],[85.5904054,48.1899661],[85.5927014,48.1961884],[85.6022501,48.1992921],[85.6067347,48.2036256],[85.6216478,48.2026817],[85.6313037,48.2237006],[85.6447525,48.2366104],[85.662117,48.2476544],[85.6728973,48.262188],[85.6812143,48.2749676],[85.6833601,48.2896466],[85.6882739,48.297941],[85.6921953,48.300828],[85.6935364,48.3002713],[85.6936598,48.3025658],[85.6923455,48.3044856],[85.6944001,48.3064624],[85.6912243,48.3068977],[85.6891537,48.3087673],[85.6927693,48.3118999],[85.6906664,48.313591],[85.6907308,48.3161525],[85.6923509,48.3174225],[85.690366,48.3209469],[85.6908595,48.3226805],[85.6909025,48.3264185],[85.6909668,48.3289794],[85.6954193,48.331911],[85.694443,48.3343503],[85.6984019,48.3365684],[85.7016528,48.3376026],[85.7026613,48.3387223],[85.7020605,48.339792],[85.703069,48.3418102],[85.7040238,48.3444059],[85.7067275,48.3457537],[85.7092595,48.3459105],[85.7086211,48.3482993],[85.7108688,48.3474151],[85.7139373,48.3491478],[85.7118451,48.3519428],[85.7118451,48.3547091],[85.7152998,48.3572685],[85.7135403,48.359393],[85.7175636,48.363499],[85.7183361,48.365167],[85.7218873,48.365502],[85.725224,48.3663146],[85.7256317,48.3718313],[85.7280135,48.3750098],[85.7307923,48.3763425],[85.7352233,48.3786942],[85.7408988,48.3812025],[85.742315,48.3850218],[85.7431948,48.3866535],[85.746274,48.3886556],[85.7501686,48.3894393],[85.7515183,48.3912621],[85.753001,48.3932864],[85.7527971,48.3965848],[85.7548571,48.3981306],[85.7564664,48.4012007],[85.7585156,48.4040356],[85.7636547,48.404235],[85.7751989,48.409776],[85.7803917,48.4133653],[85.788846,48.4175097],[85.7979011,48.4161853],[85.8299696,48.4223373],[85.8353019,48.4263244],[85.8393037,48.4269722],[85.8465242,48.4281897],[85.8575535,48.4300691],[85.8652782,48.4310088],[85.8739686,48.429286],[85.8823585,48.4296135],[85.8892894,48.43108],[85.897851,48.4307667],[85.9028613,48.4331586],[85.9065521,48.4351019],[85.9147811,48.4362195],[86.2239861,48.4319485],[86.2345862,48.4329735],[86.2402081,48.4410453],[86.2476539,48.4471374],[86.2594771,48.454097],[86.2724589,48.4586935],[86.2813425,48.4656087],[86.2852907,48.4728217],[86.2962878,48.4766625],[86.298691,48.4840447],[86.299485,48.4895984],[86.3078427,48.4895131],[86.3150954,48.4884891],[86.3222945,48.4894206],[86.3284206,48.4941987],[86.3298958,48.4913404],[86.3374865,48.4915466],[86.3408607,48.4912231],[86.3468689,48.4930362],[86.3509083,48.4907361],[86.3539767,48.4923963],[86.3565516,48.4927838],[86.3564658,48.4910703],[86.3598829,48.4913369],[86.3608432,48.4921439],[86.3634717,48.4922257],[86.3667628,48.4925865],[86.3673985,48.4929882],[86.3685036,48.4942734],[86.367833,48.4965805],[86.3681817,48.5001778],[86.3729989,48.5013651],[86.3750428,48.5009776],[86.3774461,48.4997584],[86.3782668,48.4983863],[86.379109,48.4957629],[86.3781756,48.4946929],[86.3781676,48.4938859],[86.3796294,48.4923377],[86.3820702,48.4922719],[86.3840336,48.4917493],[86.3865817,48.4909565],[86.3882339,48.4907858],[86.3901758,48.4900143],[86.3907981,48.4896233],[86.3900685,48.4883682],[86.3911253,48.4875967],[86.3926381,48.4866723],[86.3937592,48.4858723],[86.3951433,48.4847345],[86.3953364,48.4839665],[86.3953525,48.4831664],[86.3953954,48.4822988],[86.3953686,48.4819539],[86.3959157,48.4812854],[86.3966238,48.4809049],[86.3976538,48.4806311],[86.3994831,48.480496],[86.4009476,48.4805067],[86.4014062,48.4801439],[86.4023021,48.4796639],[86.4029244,48.4794648],[86.4034018,48.4791963],[86.403906,48.4790967],[86.4046812,48.4790096],[86.405223,48.479006],[86.4069772,48.478654],[86.5868647,48.5395766],[86.588473,48.541748],[86.5905673,48.5442314],[86.5915328,48.5500688],[86.5943618,48.5525492],[86.597085,48.557564],[86.595515,48.559461],[86.5958026,48.5631721],[86.5944076,48.5660739],[86.5972117,48.5693025],[86.596774,48.572523],[86.594292,48.573932],[86.59578,48.57524],[86.598118,48.577292],[86.598672,48.581102],[86.601377,48.584518],[86.605542,48.585012],[86.608221,48.586666],[86.610093,48.587866],[86.610237,48.59101],[86.610925,48.594767],[86.613306,48.597912],[86.616645,48.597927],[86.619409,48.598545],[86.622336,48.600195],[86.625695,48.603167],[86.629443,48.605781],[86.633875,48.611459],[86.633285,48.615867],[86.632733,48.619876],[86.633281,48.621496],[86.634502,48.625734],[86.637739,48.626985],[86.641251,48.628902],[86.644751,48.629544],[86.649284,48.629149],[86.656116,48.629479],[86.661731,48.630263],[86.664941,48.630663],[86.669159,48.631279],[86.669383,48.632776],[86.672783,48.633853],[86.677663,48.63418],[86.678571,48.636675],[86.681243,48.637523],[86.683245,48.639039],[86.68895,48.640015],[86.688603,48.641089],[86.690877,48.644546],[86.68877,48.647011],[86.689047,48.648152],[86.691754,48.649205],[86.694873,48.650796],[86.69759,48.652656],[86.699221,48.657221],[86.697747,48.660968],[86.699857,48.662819],[86.699423,48.6652],[86.700475,48.668937],[86.703827,48.671021],[86.706798,48.673074],[86.710271,48.675745],[86.715558,48.677322],[86.721353,48.680731],[86.726037,48.68316],[86.726336,48.685292],[86.729117,48.686782],[86.731698,48.688482],[86.735329,48.692283],[86.735999,48.694047],[86.739416,48.696956],[86.742376,48.698071],[86.744854,48.70036],[86.748596,48.704391],[86.756375,48.709459],[86.762925,48.714222],[86.768324,48.717133],[86.769977,48.72008],[86.772799,48.720224],[86.772483,48.723827],[86.773819,48.727004],[86.775926,48.728301],[86.776822,48.730441],[86.776305,48.733318],[86.777728,48.736038],[86.774257,48.745202],[86.771996,48.747548],[86.773428,48.749683],[86.769964,48.7521],[86.767891,48.757775],[86.761234,48.764124],[86.7577,48.771134],[86.752574,48.776884],[86.75194,48.779956],[86.751454,48.78299],[86.753382,48.787235],[86.756776,48.788524],[86.757236,48.792301],[86.759242,48.794595],[86.758812,48.797041],[86.759799,48.799593],[86.760285,48.801572],[86.761191,48.803064],[86.762519,48.805099],[86.766086,48.80732],[86.768482,48.808946],[86.776011,48.810729],[86.786172,48.814649],[86.791425,48.817232],[86.7952,48.820373],[86.798984,48.822227],[86.804184,48.824104],[86.804756,48.825938],[86.80769,48.826656],[86.809527,48.827737],[86.813603,48.829265],[86.81755,48.831333],[86.818965,48.834715],[86.817255,48.837177],[86.818757,48.840552],[86.818445,48.84333],[86.81869,48.846416],[86.817324,48.850183],[86.815489,48.854896],[86.816581,48.855849],[86.815342,48.857087],[86.811221,48.859642],[86.80693,48.861916],[86.805786,48.863982],[86.803529,48.865581],[86.799913,48.867641],[86.796238,48.870513],[86.789697,48.872156],[86.78672,48.873492],[86.783921,48.874853],[86.782959,48.878207],[86.781611,48.881645],[86.779038,48.885634],[86.775235,48.888722],[86.773805,48.889843],[86.76954,48.890406],[86.767085,48.892118],[86.76373,48.892312],[86.757462,48.89358],[86.752054,48.895758],[86.752191,48.8979],[86.751706,48.901496],[86.749061,48.90503],[86.747432,48.907021],[86.744653,48.910734],[86.741458,48.912464],[86.7405259,48.9152826],[86.740268,48.917592],[86.739615,48.919316],[86.736083,48.922635],[86.734956,48.925695],[86.734018,48.930121],[86.733417,48.93452],[86.731195,48.937343],[86.730358,48.939762],[86.731077,48.94193],[86.731609,48.944896],[86.729988,48.947184],[86.731579,48.949202],[86.72982,48.95073],[86.726706,48.951153],[86.72645,48.953889],[86.72795,48.956505],[86.72675,48.958339],[86.727282,48.961473],[86.729337,48.964978],[86.728455,48.966726],[86.73015,48.969767],[86.731231,48.972348],[86.730319,48.974949],[86.727384,48.978233],[86.727596,48.980265],[86.729613,48.983097],[86.728641,48.986229],[86.726959,48.989076],[86.729335,48.989594],[86.729094,48.991272],[86.728784,48.994148],[86.731571,48.994973],[86.734864,48.997991],[86.736329,48.999322],[86.739476,49.003296],[86.744913,49.007143],[86.748099,49.009597],[86.749071,49.010951],[86.749456,49.013762],[86.750459,49.01568],[86.7555,49.016775],[86.757367,49.018639],[86.76021,49.019435],[86.761985,49.020799],[86.764297,49.021783],[86.764748,49.024412],[86.769843,49.026728],[86.772259,49.02771],[86.775309,49.026506],[86.779954,49.027444],[86.783279,49.029995],[86.786203,49.030551],[86.788621,49.033171],[86.791137,49.03464],[86.793624,49.038352],[86.796606,49.038911],[86.800773,49.038931],[86.803277,49.041194],[86.807637,49.041643],[86.812065,49.043751],[86.817224,49.044686],[86.818869,49.046276],[86.820148,49.047118],[86.822344,49.047117],[86.823339,49.048486],[86.827853,49.049266],[86.831132,49.050933],[86.832249,49.05217],[86.834756,49.053473],[86.838605,49.058313],[86.840704,49.060872],[86.842953,49.061068],[86.844955,49.062488],[86.847533,49.065514],[86.847247,49.067818],[86.846503,49.069609],[86.84522,49.071346],[86.84403,49.072546],[86.845612,49.074519],[86.846027,49.076602],[86.844529,49.07889],[86.844109,49.080922],[86.84273,49.083558],[86.843219,49.085192],[86.842993,49.088272],[86.843036,49.090191],[86.842134,49.093359],[86.843744,49.096846],[86.843476,49.099484],[86.844651,49.101051],[86.846127,49.102557],[86.848119,49.104625],[86.849697,49.106586],[86.851998,49.109706],[86.855067,49.111228],[86.858626,49.113639],[86.860685,49.1159],[86.863692,49.117875],[86.866638,49.118698],[86.870912,49.119839],[86.874529,49.120522],[86.87524,49.122866],[86.8753,49.12526],[86.877648,49.127078],[86.879273,49.128709],[86.882153,49.129758],[86.884138,49.130385],[86.886486,49.132202],[86.888556,49.13253],[86.890526,49.132745],[86.892939,49.133797],[86.896307,49.134822],[86.899589,49.134352],[86.901638,49.134348],[86.903901,49.134552],[86.90554,49.135115],[86.906588,49.135482],[86.908828,49.134313],[86.910714,49.134235],[86.912938,49.133882],[86.914114,49.133988],[86.915718,49.134273],[86.917244,49.134096],[86.919473,49.133569],[86.920671,49.13292],[86.922158,49.133066],[86.923108,49.132294],[86.925133,49.132401],[86.926011,49.132705],[86.927494,49.13205],[86.928817,49.131241],[86.929394,49.131706],[86.930753,49.131413],[86.933128,49.131559],[86.934481,49.131186],[86.935689,49.131207],[86.938031,49.131352],[86.941986,49.131169],[86.943692,49.130021],[86.944757,49.131046],[86.946709,49.131327],[86.949578,49.131719],[86.952464,49.131023],[86.954334,49.131785],[86.954902,49.132632],[86.95693,49.133145],[86.95927,49.133256],[86.961163,49.133444],[86.962879,49.13385],[86.964094,49.133943],[86.969766,49.133811],[86.973633,49.135049],[86.977197,49.136888],[86.981204,49.138271],[86.983829,49.139224],[86.987222,49.140171],[86.991896,49.141837],[87.000963,49.142462],[87.00426,49.142176],[87.006987,49.140853],[87.012471,49.140404],[87.019157,49.139278],[87.022666,49.138315],[87.025924,49.13713],[87.027832,49.137113],[87.02997,49.1358],[87.032931,49.135534],[87.035505,49.134527],[87.039643,49.132843],[87.04134,49.132176],[87.044604,49.131195],[87.047938,49.130637],[87.050751,49.130305],[87.054444,49.129733],[87.0622301,49.1317173],[87.074789,49.132325],[87.081611,49.131013],[87.086814,49.135894],[87.094785,49.138485],[87.101028,49.140729],[87.10032,49.147541],[87.108271,49.15178],[87.124018,49.152659],[87.131936,49.151032],[87.139921,49.151676],[87.144913,49.151639],[87.150792,49.149588],[87.152168,49.14657],[87.155367,49.144276],[87.161077,49.141902],[87.165857,49.139923],[87.170013,49.138909],[87.173136,49.139545],[87.179019,49.138963],[87.187237,49.140709],[87.192459,49.141885],[87.197516,49.142879],[87.202964,49.141567],[87.203808,49.140323],[87.205904,49.138345],[87.207242,49.136193],[87.211213,49.134016],[87.213247,49.132841],[87.214986,49.130341],[87.214198,49.124902],[87.214117,49.122464],[87.218706,49.121073],[87.224337,49.119588],[87.227724,49.117985],[87.230665,49.114375],[87.23651,49.113225],[87.239581,49.112811],[87.247464,49.112811],[87.253524,49.11171],[87.259993,49.114839],[87.268203,49.114341],[87.272364,49.113887],[87.276335,49.117131],[87.2834265,49.1160319],[87.2876,49.1200906],[87.2960617,49.130044],[87.296892,49.135694],[87.294327,49.141013],[87.299029,49.147356],[87.297706,49.150624],[87.289965,49.155999],[87.29284,49.162728],[87.301656,49.168457],[87.303814,49.172727],[87.301932,49.181337],[87.3156336,49.2310833],[87.309671,49.233885],[87.301964,49.235192],[87.292251,49.233924],[87.286278,49.233822],[87.275311,49.233201],[87.267665,49.233316],[87.263203,49.236422],[87.253962,49.240328],[87.244855,49.237733],[87.23747,49.241202],[87.229084,49.245784],[87.221,49.246329],[87.211943,49.250381],[87.206413,49.25177],[87.201118,49.251453],[87.191567,49.250125],[87.182744,49.248369],[87.175643,49.246746],[87.169752,49.24751],[87.167307,49.249947],[87.161801,49.249864],[87.148537,49.248135],[87.140325,49.246145],[87.135169,49.250178],[87.126943,49.255978],[87.116079,49.253316],[87.107926,49.25447],[87.098667,49.253872],[87.087029,49.252066],[87.074098,49.253478],[87.064503,49.254773],[87.050615,49.250977],[87.0369401,49.2508474],[87.0060455,49.2988636],[86.974183,49.30436],[86.968489,49.308058],[86.96408,49.311671],[86.960607,49.317289],[86.958768,49.318599],[86.960282,49.328497],[86.954403,49.334562],[86.951183,49.336296],[86.9484331,49.3369867],[86.9264692,49.3488781],[86.9250042,49.3607609],[86.9492001,49.3799416],[86.9443259,49.4035023],[86.9328735,49.4176872],[86.9144436,49.4166369],[86.8937124,49.4309061],[86.8612361,49.4420266],[86.8441207,49.4527455],[86.8386619,49.4627196],[86.8317791,49.4748977],[86.8407142,49.4887038],[86.8533432,49.5058838],[86.8248181,49.5230345],[86.823843,49.5472812],[86.8044304,49.5491587],[86.7771891,49.5634761],[86.752279,49.5676401],[86.7261268,49.5706866],[86.6755483,49.5614612],[86.602492,49.6055533],[86.6155494,49.6285236],[86.6528734,49.6497515],[86.6733575,49.6686021],[86.6972047,49.6784072],[86.707033,49.6863826],[86.7241897,49.6766511],[86.7309876,49.6807115],[86.7384205,49.6884204],[86.7554548,49.6896125],[86.7706623,49.6919495],[86.7751465,49.7056389],[86.7675519,49.722121],[86.7583405,49.7310091],[86.7549904,49.743015],[86.7643888,49.7533997],[86.7697318,49.7619388],[86.7745383,49.7696587],[86.7822369,49.790622],[86.7776456,49.7936478],[86.7612254,49.7902721],[86.746511,49.7865978],[86.7324661,49.788049],[86.7194855,49.7938972],[86.7014711,49.8060702],[86.685065,49.8109245],[86.6658873,49.8081767],[86.6488893,49.8106402],[86.6400492,49.8079711],[86.6264603,49.8055856],[86.6181537,49.8029182],[86.6100418,49.8046255],[86.5903115,49.804854],[86.5909338,49.8004534],[86.5965718,49.7963779],[86.5953755,49.7923575],[86.5973192,49.7875149],[86.6044104,49.7782364],[86.6094785,49.7681747],[86.602558,49.74869],[86.5898661,49.7397417],[86.5784669,49.7300765],[86.5713641,49.7181664],[86.5542162,49.7125971],[86.523739,49.6974508],[86.5089108,49.6842556],[86.4690996,49.6455264],[86.4078318,49.6060011],[86.3507334,49.5919068],[86.2866119,49.5918468],[86.268383,49.5611255],[86.255045,49.5387201],[86.2282702,49.4951895],[86.1718683,49.4832777],[86.0891059,49.5243832],[86.032837,49.508074],[85.9864642,49.4889455],[85.9550357,49.5075578],[85.9403424,49.5183734],[85.9320781,49.5374414],[85.9497567,49.5560268],[85.9055244,49.5634135],[85.8837372,49.5669068],[85.8055008,49.5573542],[85.7806054,49.5749996],[85.6841267,49.558939],[85.6234247,49.5987155],[85.5837034,49.6136727],[85.556311,49.5954414],[85.5246339,49.5967933],[85.2586463,49.5992169],[85.2106798,49.6273503],[85.2099452,49.6417103],[85.2036298,49.6574402],[85.2126257,49.6801858],[85.208002,49.6978015],[85.208244,49.7040595],[85.2097224,49.7154168],[85.2088178,49.7280871],[85.1985789,49.7371908],[85.1923857,49.7505149],[85.1718613,49.7627249],[85.1505902,49.7672577],[85.1448704,49.7811213],[85.1445651,49.7964186],[85.1305481,49.8095561],[85.1102666,49.8196772],[85.1051909,49.8385789],[85.0845827,49.8601758],[85.0344073,49.8888854],[85.0006323,49.9008908],[84.9871379,49.9234157],[84.9785302,49.9536065],[84.9820148,49.975141],[85.0084594,49.995345],[85.0353651,50.0188759],[85.0335224,50.0418265],[85.0060287,50.058236],[84.942693,50.097015],[84.9052835,50.0954081],[84.87278,50.095991],[84.8335,50.1051],[84.8151104,50.1318951],[84.7916944,50.144316],[84.7441032,50.1441937],[84.6920117,50.1886227],[84.6584938,50.1997841],[84.6055569,50.2119278],[84.5675221,50.1968412],[84.5333953,50.2053699],[84.5157846,50.215063],[84.5001013,50.2317897],[84.4900346,50.2376727],[84.4568009,50.2472563],[84.4159301,50.2170509],[84.3992079,50.2137525],[84.37112,50.2092937],[84.3574604,50.2138081],[84.3258485,50.2285811],[84.3200903,50.2443136],[84.2969138,50.2513593],[84.2849441,50.2587815],[84.2714967,50.2712975],[84.2549615,50.2861109],[84.2597118,50.3010524],[84.2720294,50.3206594],[84.2644118,50.3307742],[84.2659785,50.3483399],[84.2621957,50.3646262],[84.2416643,50.390669],[84.2398065,50.410155],[84.2150463,50.4387252],[84.2045909,50.4703535],[84.2334137,50.4865334],[84.2383101,50.5082815],[84.2382417,50.5295933],[84.2156352,50.5433263],[84.1761508,50.5516105],[84.1695709,50.5589244],[84.1673904,50.5699771],[84.1534462,50.5720809],[84.1558206,50.5841151],[84.1516429,50.5950564],[84.1428041,50.6061654],[84.1287839,50.6070942],[84.1134857,50.6128961],[84.0992261,50.6259675],[84.0826229,50.6336146],[84.077553,50.6403123],[84.0743034,50.6506763],[84.0687561,50.6596771],[84.0553766,50.6651219],[84.048622,50.6732866],[84.0363825,50.6815925],[84.0278112,50.690902],[84.0110457,50.7026687],[83.9924809,50.7078799],[83.983655,50.715727],[83.9661114,50.7279926],[83.9569681,50.7420246],[83.9520094,50.7559567],[83.9622819,50.7689981],[83.9730347,50.7865009],[83.9647876,50.7983608],[83.9437916,50.807809],[83.8928461,50.8319088],[83.8761949,50.8484942],[83.8487956,50.8561825],[83.8431501,50.8669969],[83.828181,50.8803439],[83.8066076,50.8828348],[83.7711678,50.8897416],[83.7546446,50.8900747],[83.7143839,50.8929728],[83.6950781,50.9048864],[83.6770814,50.9171533],[83.6710868,50.931268],[83.6562059,50.9428536],[83.6379709,50.9498032],[83.6269774,50.9498708],[83.6056848,50.959025],[83.5935072,50.9494263],[83.5666729,50.9559537],[83.5122732,50.9485465],[83.4995071,50.9766292],[83.4398071,51.0049494],[83.4043065,51.0131384],[83.3695677,50.9986938],[83.3201138,51.010511],[83.2256795,51.0011814],[83.1750429,51.0115701],[83.1220341,51.0047971],[83.1144854,50.9694943],[83.0916914,50.9508719],[83.0473288,50.9332333],[82.9899614,50.9022768],[82.9617874,50.8932929],[82.9149495,50.9044145],[82.8891155,50.9064951],[82.8683172,50.9010875],[82.7876446,50.9207321],[82.7713518,50.9271287],[82.731415,50.9072059],[82.7290811,50.8669107],[82.7099724,50.8225069],[82.6776918,50.8088453],[82.6680144,50.7932451],[82.6234429,50.7779755],[82.4854763,50.7422289],[82.4851638,50.7426286],[82.4848942,50.7429579],[82.4843953,50.7431013],[82.4841834,50.7436971],[82.4845107,50.7439602],[82.4850471,50.7439076],[82.4851356,50.7441927],[82.4848339,50.7449166],[82.4833533,50.7452373],[82.4831468,50.7456447],[82.4824199,50.7458772],[82.4817118,50.7458042],[82.4820068,50.7466443],[82.4823823,50.7474352],[82.4820095,50.7492375],[82.481929,50.7502846],[82.4809098,50.7517593],[82.3807239,50.7757198],[82.3665958,50.7778932],[82.350775,50.7756261],[82.3374623,50.7702245],[82.3167364,50.7529586],[82.2599795,50.7628135],[82.2434396,50.7473613],[82.2290214,50.7394037],[82.2041791,50.7366342],[82.1846971,50.7347572],[82.1753046,50.7452719],[82.1468079,50.7451018],[82.0359721,50.769114],[81.9651347,50.7893976],[81.9061393,50.7954958],[81.7912978,50.7938968],[81.7895369,50.8092495],[81.7418031,50.7708006],[81.6583842,50.7521685],[81.6340411,50.6959405],[81.6327292,50.5839778],[81.6290231,50.5762811],[81.633838,50.5766283],[81.6370733,50.5765511],[81.6337469,50.5735319],[81.6347038,50.5701942],[81.6349013,50.5679657],[81.6375441,50.5644249],[81.6419489,50.5658046],[81.6421616,50.5639908],[81.6455943,50.5621768],[81.6505611,50.5616751],[81.6486473,50.5591857],[81.6508649,50.5551135],[81.6796784,50.5579795],[81.6789797,50.5528746],[81.6806353,50.5490432],[81.6861033,50.5516104],[81.6873033,50.5492941],[81.6860274,50.5458678],[81.6879868,50.543696],[81.6938193,50.5427983],[81.7001987,50.5415242],[81.698133,50.483552],[81.6916625,50.4707154],[81.6844629,50.4506417],[81.6692132,50.4392086],[81.6773545,50.4300176],[81.6903562,50.40801],[81.7153573,50.4048154],[81.6795729,50.3303406],[81.6673297,50.2976437],[81.6562114,50.2883864],[81.6470221,50.2848344],[81.4779327,50.3192756],[81.3737873,50.2369437],[81.247658,50.2438992],[81.1145282,50.2078696],[81.3700503,50.1269896],[81.3721238,50.1185615],[81.3708325,50.1114331],[81.3671129,50.10558],[81.3642843,50.0981771],[81.367202,50.0953751],[81.3616371,50.0881312],[81.3606889,50.0819254],[81.3635683,50.0785865],[81.3590479,50.0723059],[81.3586404,50.0668933],[81.3550469,50.0593636],[81.3485371,50.0544206],[81.3402836,50.0527694],[81.3456649,50.0494235],[81.3450787,50.0421209],[81.3344184,50.0394236],[81.3321324,50.0320183],[81.3321686,50.0227803],[81.4562197,49.9528372],[81.5659459,49.9054324],[81.652611,49.879024],[81.6965966,49.8304708],[81.6708592,49.77545],[81.6464234,49.7341661],[81.711448,49.7379101],[81.7297346,49.7017015],[81.8148546,49.657304],[81.9767709,49.5718275],[82.0820122,49.5141683],[82.0584878,49.4516462],[82.0964252,49.4148518],[82.2175077,49.3810662],[82.3620826,49.341722],[82.6103297,49.2537789],[82.6285386,49.2186203],[82.6358664,49.210876],[82.643795,49.211612],[82.6513857,49.2114262],[82.6565355,49.2114963],[82.66065,49.2142822],[82.6636326,49.2177898],[82.6654941,49.2215705],[82.6904868,49.2213533],[82.6994132,49.0896069],[82.7192831,49.0275982],[82.8139972,48.9740201],[82.9211997,48.90868],[82.8617835,48.8584188],[82.8109717,48.8540033],[82.8123879,48.8528173],[82.8129566,48.8520479],[82.8135467,48.851123],[82.8143781,48.8499052],[82.814008,48.8490721],[82.8145552,48.8474836],[82.814877,48.8465269],[82.8154403,48.845482],[82.8166366,48.8446771],[82.8182137,48.843738],[82.8195387,48.8426682],[82.8210032,48.8424741],[82.8224087,48.841016],[82.822119,48.8400062],[82.8228325,48.8385621],[82.8218347,48.837916],[82.824018,48.8365672],[82.8243345,48.8351725],[82.8256381,48.8342191],[82.827183,48.8334811],[82.8277624,48.8325983],[82.8285563,48.8318462],[82.8286421,48.8308398],[82.829833,48.8291235],[82.8304338,48.8280499],[82.8313136,48.8270046],[82.832365,48.8262135],[82.8316462,48.8245677],[82.8316247,48.822823],[82.8304767,48.8214738],[82.8288245,48.8210147],[82.826668,48.8205273],[82.8238249,48.8209794],[82.8229022,48.8195312],[82.8225589,48.8179559],[82.8217649,48.8169951],[82.8231811,48.8156387],[82.8229022,48.8149887],[82.8233528,48.813929],[82.8243399,48.8123464],[82.8261852,48.8127491],[82.8101563,48.7866648],[82.8304553,48.7665569],[82.8775119,48.7556512],[82.9084968,48.756698],[82.9286885,48.7529492],[82.9241717,48.754187],[82.9213178,48.7558917],[82.9169941,48.7590745],[82.9007721,48.7633816],[82.8971457,48.7668115],[82.896502,48.7688481],[82.8959656,48.7696967],[82.900815,48.7712382],[82.873671,48.7879796],[82.882576,48.8126149],[82.8846144,48.8225193],[82.9447818,48.8093789],[82.914462,48.7754241],[82.909956,48.7727938],[82.9097628,48.7706725],[82.9393208,48.7576953],[82.9516375,48.7459812],[82.9398036,48.726402],[82.9786205,48.7363518],[83.0306124,48.7516335],[83.1688213,48.764393],[83.1703561,48.6996999],[83.1023025,48.7060293],[83.0233442,48.6796826],[83.0620479,48.6531266],[83.0142188,48.6263637],[83.0146372,48.6279308],[83.015281,48.6267111],[83.0173194,48.626853],[83.018285,48.6265126],[83.0193686,48.6270161],[83.0188751,48.628179],[83.0200875,48.6273635],[83.0220616,48.6268884],[83.0237353,48.6274983],[83.0249476,48.6264629],[83.026793,48.6258956],[83.0280268,48.6248106],[83.0293143,48.6246191],[83.0305052,48.6260516],[83.0316317,48.625073],[83.0316317,48.6239525],[83.0323183,48.6251297],[83.0343354,48.6244915],[83.0338311,48.623066],[83.035773,48.6224774],[83.0376398,48.6221512],[83.0418455,48.6220874],[83.1348967,48.6460101],[83.1279552,48.6729539],[83.1533718,48.6890198],[83.1540155,48.6793441],[83.1535864,48.6758445],[83.1539082,48.673464],[83.1873607,48.6758303],[83.1927252,48.6366664],[83.2076168,48.5946622],[83.3170508,48.5469557],[83.4857937,48.4378568],[83.5181375,48.3175514],[83.486309,48.2768812],[83.4849357,48.2592272],[83.4696578,48.2443965],[83.1930362,48.0795144],[83.1265618,48.0408135]]]}},{"type":"Feature","properties":{"id":215718,"name":"Алматинская область"},"geometry":{"type":"Polygon","coordinates":[[[77.053316,42.95639],[77.0534711,42.961323],[77.0619255,42.9708735],[77.0804653,42.9801815],[77.0944976,42.9776529],[77.10218,42.9751928],[77.1068141,42.974895],[77.1131918,42.9755098],[77.1179893,42.9741238],[77.1224968,42.9705495],[77.1299229,42.9709824],[77.1427648,42.9733671],[77.1536,42.972661],[77.156299,42.9699004],[77.1544031,42.9679858],[77.1536051,42.9667866],[77.1526049,42.9647977],[77.1543739,42.9604378],[77.1558508,42.9564105],[77.1543789,42.9547571],[77.1521442,42.9526147],[77.1511929,42.9502092],[77.1527516,42.9476255],[77.1549997,42.9456622],[77.1573249,42.9433078],[77.162745,42.9437859],[77.1724187,42.9451157],[77.178312,42.9472383],[77.1827934,42.9437446],[77.1865743,42.9429204],[77.1891487,42.9423985],[77.1918366,42.9404645],[77.1939109,42.9400807],[77.1951201,42.9395661],[77.1967052,42.9381296],[77.2024546,42.9337664],[77.2050293,42.9322467],[77.2088663,42.9306286],[77.2101188,42.9295628],[77.2128064,42.9277049],[77.2157133,42.9280096],[77.2197325,42.9277749],[77.2235222,42.928433],[77.2253427,42.927025],[77.2257108,42.9247648],[77.2239483,42.9230575],[77.2226763,42.9210358],[77.2231589,42.9190719],[77.2227259,42.9161342],[77.2300609,42.9140941],[77.2353713,42.9121785],[77.239008,42.9127956],[77.2441866,42.9128281],[77.248935,42.9090848],[77.2539646,42.9126076],[77.2618694,42.9125464],[77.2666702,42.9126734],[77.2696505,42.9135219],[77.2720538,42.913483],[77.2746608,42.9126501],[77.2778218,42.9127263],[77.2803912,42.9115694],[77.2829035,42.9110962],[77.286225,42.909891],[77.2894206,42.9093539],[77.2935857,42.9079694],[77.2970236,42.9081785],[77.2969818,42.911319],[77.2968435,42.9154089],[77.2989289,42.9166605],[77.3055409,42.9162917],[77.3092053,42.9157033],[77.3106498,42.9141427],[77.3135575,42.9122706],[77.315566,42.9123689],[77.3177924,42.9125691],[77.3192246,42.9125116],[77.3222801,42.9133182],[77.3237186,42.9125581],[77.3253477,42.9114286],[77.3278884,42.909715],[77.3331955,42.9084911],[77.3363192,42.9068661],[77.3389633,42.9059422],[77.3410488,42.9039817],[77.3459311,42.9018823],[77.3512566,42.9002536],[77.3582511,42.9017637],[77.3635125,42.9026197],[77.366361,42.9060329],[77.3686062,42.9076],[77.3720239,42.9085252],[77.3749702,42.9090309],[77.3783559,42.9097838],[77.3835331,42.9131292],[77.3857641,42.9131735],[77.3933436,42.9148801],[77.3966448,42.9164994],[77.3998914,42.9180829],[77.4034085,42.9193939],[77.4041349,42.9215373],[77.4089083,42.924015],[77.4125726,42.9250738],[77.4154226,42.9263383],[77.4175496,42.9275411],[77.4224363,42.9288124],[77.4241332,42.9283709],[77.4254798,42.9281322],[77.4281808,42.9275201],[77.4312389,42.9265183],[77.4357476,42.9256342],[77.4383032,42.9254782],[77.4408207,42.9261283],[77.4435606,42.9270176],[77.4461716,42.9282994],[77.447677,42.9290407],[77.4501829,42.9296559],[77.4524506,42.9296144],[77.4550375,42.9286993],[77.4578658,42.9298559],[77.4597698,42.9307066],[77.4626817,42.9343908],[77.465978,42.9362594],[77.4685796,42.937814],[77.472417,42.9392206],[77.4767323,42.9379712],[77.4810415,42.9263965],[77.4845655,42.9250703],[77.4904158,42.9255136],[77.4972671,42.925171],[77.499918,42.9266182],[77.505105,42.92717],[77.509462,42.929872],[77.5143125,42.9302224],[77.5184566,42.9291372],[77.521544,42.930496],[77.525384,42.933794],[77.528713,42.936775],[77.533704,42.9384189],[77.538522,42.937828],[77.545202,42.939277],[77.552824,42.940824],[77.558842,42.936686],[77.565357,42.936681],[77.5662017,42.9340399],[77.563196,42.930741],[77.561451,42.927894],[77.568537,42.924264],[77.574534,42.924668],[77.578361,42.921466],[77.580309,42.916299],[77.586868,42.915285],[77.595051,42.91538],[77.601984,42.917363],[77.606364,42.914478],[77.609964,42.914271],[77.613862,42.914317],[77.618225,42.916416],[77.623355,42.919621],[77.630133,42.916806],[77.636777,42.915821],[77.642943,42.916884],[77.650617,42.914923],[77.655939,42.911439],[77.66133,42.91395],[77.665144,42.913268],[77.668694,42.915646],[77.67366,42.917177],[77.678075,42.915929],[77.683051,42.913295],[77.689697,42.910634],[77.693515,42.907933],[77.694678,42.904939],[77.7016586,42.9062269],[77.705684,42.905919],[77.708557,42.904319],[77.715317,42.908408],[77.722041,42.909405],[77.728473,42.905227],[77.733141,42.90565],[77.738707,42.906959],[77.745643,42.909185],[77.74997,42.90866],[77.754427,42.907591],[77.762694,42.905906],[77.766558,42.909058],[77.770596,42.912579],[77.77647,42.913786],[77.784418,42.913871],[77.792222,42.911198],[77.7952462,42.9093977],[77.798697,42.905442],[77.803861,42.903605],[77.810664,42.902335],[77.812087,42.89854],[77.813823,42.892561],[77.819392,42.886768],[77.826297,42.884673],[77.8356779,42.8824738],[77.8416914,42.882462],[77.848454,42.886325],[77.8542173,42.8881418],[77.863232,42.887931],[77.870446,42.888179],[77.8743231,42.8867347],[77.8787112,42.88462],[77.884727,42.881427],[77.8890538,42.8793449],[77.896074,42.878932],[77.9021859,42.8757125],[77.908034,42.871615],[77.914989,42.873797],[77.921197,42.874788],[77.927636,42.876231],[77.9331171,42.8809781],[77.936568,42.878728],[77.942197,42.874247],[77.943522,42.867981],[77.942555,42.863005],[77.945887,42.859485],[77.949058,42.856583],[77.9564416,42.8555736],[77.963659,42.853814],[77.966849,42.852434],[77.969303,42.850772],[77.975422,42.853614],[77.98254,42.855337],[77.98834,42.859457],[77.996869,42.861417],[78.000623,42.8673699],[78.01267,42.867999],[78.033395,42.865526],[78.043523,42.859386],[78.050301,42.851854],[78.058752,42.848916],[78.069608,42.851609],[78.08451,42.850941],[78.094567,42.85157],[78.1056046,42.8599857],[78.1188011,42.8625494],[78.136176,42.859588],[78.149588,42.857619],[78.164722,42.859686],[78.176303,42.864819],[78.176982,42.873886],[78.192088,42.880972],[78.203091,42.877083],[78.211974,42.870404],[78.220102,42.872381],[78.2233536,42.8772968],[78.236711,42.876205],[78.241836,42.877351],[78.249651,42.872063],[78.2672882,42.8701614],[78.2713383,42.8640495],[78.289709,42.863122],[78.304,42.858667],[78.320495,42.856944],[78.3342576,42.856942],[78.3460379,42.8552196],[78.35878,42.861621],[78.364167,42.868712],[78.366643,42.876124],[78.372477,42.887309],[78.380773,42.88745],[78.3939528,42.8801468],[78.410674,42.877023],[78.427973,42.879249],[78.440777,42.883419],[78.4451731,42.8884979],[78.457113,42.888045],[78.4642321,42.8963951],[78.4789359,42.8930467],[78.4869933,42.8966152],[78.4979796,42.900262],[78.5052323,42.8913882],[78.521198,42.88893],[78.530583,42.88228],[78.538989,42.877118],[78.5448432,42.8690448],[78.5592198,42.864594],[78.579202,42.859917],[78.583824,42.849877],[78.5955691,42.8479676],[78.6065072,42.8541618],[78.617598,42.853527],[78.632002,42.844416],[78.641886,42.842362],[78.64681,42.8328238],[78.648086,42.826816],[78.660355,42.819541],[78.672264,42.815091],[78.6848545,42.8171569],[78.699671,42.8188803],[78.714575,42.8252],[78.7333274,42.8161495],[78.7415457,42.818778],[78.7640333,42.8175031],[78.784346,42.803064],[78.797673,42.80876],[78.813253,42.806905],[78.8294363,42.8049416],[78.8406801,42.7983607],[78.8528895,42.7954951],[78.865886,42.799664],[78.8761926,42.7960147],[78.8876295,42.7930861],[78.9003324,42.7890156],[78.9121985,42.7845118],[78.921935,42.7791179],[78.929826,42.7748181],[78.9494598,42.7768814],[78.9600921,42.7800313],[78.9705098,42.7813228],[78.9794576,42.778228],[78.9903474,42.7761884],[79.0048117,42.777428],[79.0157854,42.7781808],[79.0241539,42.7750544],[79.033891,42.7600254],[79.0945356,42.7857793],[79.1561098,42.7965221],[79.1902524,42.8026234],[79.2017595,42.804081],[79.1971435,42.7948577],[79.1961584,42.7905525],[79.1933218,42.7826781],[79.1937433,42.7801544],[79.1823793,42.7662383],[79.1742504,42.7585579],[79.1735471,42.7486086],[79.1710353,42.7407043],[79.1720065,42.7342769],[79.1705943,42.7291054],[79.173307,42.720727],[79.178092,42.716489],[79.1821307,42.7064387],[79.1811832,42.7001342],[79.1879674,42.6879515],[79.1990731,42.6788732],[79.2027923,42.6728932],[79.206948,42.666068],[79.2193155,42.6552295],[79.2266113,42.651344],[79.235216,42.6442372],[79.240866,42.6383],[79.2479439,42.63594],[79.2597014,42.6259013],[79.2684719,42.6253441],[79.2720371,42.621605],[79.2819621,42.6230359],[79.2893601,42.621026],[79.299753,42.617686],[79.3132978,42.6070221],[79.320637,42.6023582],[79.332842,42.6040702],[79.346931,42.6024413],[79.3586468,42.592964],[79.373753,42.5837222],[79.3811254,42.5727919],[79.3885159,42.5613151],[79.3966698,42.5544239],[79.409414,42.543739],[79.4229555,42.538979],[79.4273758,42.5234513],[79.435546,42.514605],[79.449603,42.51155],[79.4517946,42.5011808],[79.4737673,42.4948762],[79.485918,42.489047],[79.497257,42.477232],[79.501303,42.463673],[79.517577,42.457382],[79.5338273,42.4598454],[79.5487833,42.4581278],[79.560981,42.457401],[79.5771074,42.4586423],[79.588946,42.456474],[79.605505,42.454664],[79.61439,42.458479],[79.633907,42.453724],[79.6412229,42.4616025],[79.6509003,42.4724768],[79.666296,42.479082],[79.690068,42.479122],[79.696537,42.476491],[79.7062571,42.4693877],[79.7262382,42.4695803],[79.7382331,42.4655124],[79.7476081,42.4571436],[79.7611069,42.4530063],[79.779499,42.454047],[79.7886586,42.4467681],[79.8062754,42.4482881],[79.8167038,42.444013],[79.827497,42.4428887],[79.8473024,42.4448047],[79.863783,42.439337],[79.8759269,42.4405451],[79.8885441,42.4400701],[79.8985863,42.4379956],[79.9114609,42.4398484],[79.9209237,42.4419545],[79.9280262,42.4377185],[79.942038,42.4393575],[79.9512005,42.4341473],[79.9639785,42.4367129],[79.9645901,42.426165],[79.966718,42.41627],[79.9700403,42.4058404],[79.970684,42.397601],[79.9770999,42.3885125],[79.980225,42.379674],[79.9918628,42.3780596],[80.001296,42.368886],[80.009734,42.360484],[80.013371,42.354542],[80.03027,42.342921],[80.047966,42.342666],[80.058956,42.340726],[80.074267,42.339905],[80.082344,42.338061],[80.0801718,42.3270619],[80.0859982,42.3194892],[80.110835,42.311184],[80.133551,42.296312],[80.1401553,42.2849471],[80.126016,42.279391],[80.1761412,42.2150899],[80.187825,42.2185623],[80.1933288,42.2264518],[80.2111791,42.2286961],[80.2233052,42.2207711],[80.2306169,42.2174936],[80.2453262,42.2178988],[80.2527881,42.2210969],[80.27004,42.2266107],[80.2782905,42.2324259],[80.2841689,42.23507],[80.2849843,42.2443761],[80.2829039,42.2517822],[80.2872705,42.2575236],[80.2855361,42.2687232],[80.279814,42.2783249],[80.2754795,42.2823097],[80.2684708,42.2824018],[80.2649653,42.2886436],[80.2603674,42.291863],[80.2600605,42.2946194],[80.260563,42.299645],[80.2602275,42.3013721],[80.2601686,42.304471],[80.2696594,42.308497],[80.2699764,42.3119081],[80.2731604,42.3139561],[80.27843,42.313465],[80.2826081,42.3177138],[80.2801573,42.3227785],[80.2722293,42.325441],[80.2643099,42.3283443],[80.2604522,42.330914],[80.253011,42.3345068],[80.2486791,42.3393197],[80.2458182,42.3420186],[80.2375844,42.3405261],[80.2369503,42.3448264],[80.2334973,42.3481532],[80.2312716,42.3513424],[80.2297385,42.3556542],[80.2263264,42.3583112],[80.2282776,42.3626074],[80.2275729,42.3645283],[80.2266156,42.3679089],[80.2313276,42.3718486],[80.2333703,42.3743505],[80.2368097,42.3790212],[80.2370792,42.3830876],[80.2388716,42.3883463],[80.2357333,42.3909587],[80.2312789,42.3921943],[80.2288599,42.3941033],[80.2284556,42.3977028],[80.2317579,42.3999014],[80.2329591,42.4015214],[80.2331736,42.4026699],[80.2338351,42.4039098],[80.230365,42.405378],[80.227443,42.4073097],[80.2245824,42.4095177],[80.2209355,42.409744],[80.218091,42.4107479],[80.2142426,42.4125299],[80.2144565,42.4185571],[80.2148167,42.4234993],[80.2123093,42.425261],[80.2084997,42.4260861],[80.2051993,42.4280227],[80.2057916,42.4301373],[80.206932,42.4323964],[80.2086204,42.4344763],[80.2102037,42.4370764],[80.210562,42.4405822],[80.2094306,42.4422905],[80.209459,42.4440081],[80.2105461,42.445724],[80.2124723,42.4487866],[80.2121695,42.4536232],[80.2078639,42.4573025],[80.2077821,42.4609692],[80.2086268,42.4652306],[80.206299,42.4680768],[80.2070757,42.4685816],[80.2084973,42.4700083],[80.2100265,42.4709986],[80.2119697,42.4711557],[80.2175567,42.4752648],[80.2243726,42.4842248],[80.2296231,42.4879653],[80.231573,42.4891092],[80.2409648,42.4898843],[80.2600622,42.4998519],[80.2670145,42.5043447],[80.2700615,42.5119374],[80.2546548,42.5132344],[80.2502346,42.5175681],[80.2491166,42.5235165],[80.2471979,42.5246302],[80.2460131,42.5252712],[80.2441243,42.5254059],[80.2422182,42.5262472],[80.2401331,42.5265187],[80.237912,42.5268704],[80.236644,42.5270458],[80.2352462,42.526949],[80.2341096,42.5267336],[80.2325951,42.5269168],[80.231198,42.527523],[80.2297749,42.5280717],[80.2292276,42.5287659],[80.2286006,42.5288096],[80.2273163,42.5292091],[80.2265385,42.529529],[80.2256307,42.5301791],[80.2240617,42.5317615],[80.222416,42.5321328],[80.2215722,42.5325108],[80.2161642,42.5386946],[80.2115913,42.543828],[80.2108036,42.5449165],[80.2102189,42.5459317],[80.209325,42.5475147],[80.2080486,42.5487203],[80.2066686,42.55021],[80.2058062,42.5510674],[80.2048937,42.5512776],[80.2043525,42.5521097],[80.203748,42.552991],[80.2028868,42.5539871],[80.2022925,42.5548051],[80.201897,42.5557916],[80.2016408,42.5569972],[80.2003224,42.5584421],[80.2004642,42.5606302],[80.1997062,42.5626166],[80.1979773,42.5639091],[80.1954177,42.5650466],[80.1935985,42.5663205],[80.1918811,42.5675123],[80.1909507,42.5692623],[80.1901957,42.5702334],[80.1889329,42.5717415],[80.1876252,42.5749621],[80.1864656,42.5780244],[80.184741,42.5795979],[80.1837697,42.580453],[80.1817252,42.5824394],[80.1810553,42.585122],[80.1799654,42.5872397],[80.1790938,42.5885069],[80.1789112,42.5892738],[80.178376,42.5914359],[80.1792624,42.5933727],[80.1794022,42.5944689],[80.1790485,42.5955382],[80.1787013,42.5965102],[80.1784275,42.597882],[80.1779816,42.5993298],[80.1775255,42.6007704],[80.1776172,42.6017067],[80.1779502,42.6031351],[80.1761261,42.6051753],[80.1747247,42.6069155],[80.1732099,42.6080261],[80.1719683,42.6092902],[80.1712173,42.6117432],[80.1701865,42.6133318],[80.169874,42.6145243],[80.1691064,42.615642],[80.1680092,42.6169171],[80.1666973,42.6188396],[80.1658062,42.6208581],[80.1645511,42.622171],[80.1641091,42.6227189],[80.1632561,42.623728],[80.1630069,42.6254713],[80.1626653,42.6268326],[80.1622729,42.6287803],[80.1621542,42.6309263],[80.1629925,42.633024],[80.1637488,42.6343646],[80.1647915,42.6357744],[80.1655285,42.6368467],[80.1659534,42.6382111],[80.167424,42.6395904],[80.1679165,42.6408822],[80.1681993,42.6424639],[80.1677404,42.6447065],[80.1677133,42.6458197],[80.1683348,42.6479878],[80.1690329,42.6488362],[80.1696549,42.6499844],[80.1707837,42.6512374],[80.1722058,42.6520724],[80.1733942,42.6532651],[80.1738831,42.6539376],[80.1746049,42.6554038],[80.1744438,42.6569302],[80.1735298,42.6585872],[80.1736819,42.6600378],[80.1736088,42.6608764],[80.174146,42.6624258],[80.1748745,42.6637804],[80.1751635,42.6657244],[80.1745324,42.6662955],[80.1744219,42.6674744],[80.1746648,42.6681496],[80.1763617,42.6703382],[80.1775885,42.6718335],[80.1801715,42.6734863],[80.182002,42.6746631],[80.1857341,42.6772353],[80.1872946,42.678969],[80.1886243,42.6796597],[80.1901695,42.6810217],[80.1920359,42.682632],[80.1947647,42.6834684],[80.1980535,42.6846579],[80.2012881,42.6850658],[80.2030454,42.686809],[80.2055111,42.6883315],[80.2082484,42.6890322],[80.2110597,42.6895864],[80.2134754,42.6896638],[80.2144964,42.6898835],[80.2169327,42.6909663],[80.217933,42.6914459],[80.2184786,42.6921147],[80.2203505,42.6924331],[80.2224622,42.6927844],[80.2242017,42.6927492],[80.2254359,42.6932493],[80.2278095,42.694593],[80.2283567,42.6972841],[80.2274437,42.6985677],[80.2268853,42.699755],[80.2255405,42.7028116],[80.232946,42.7350663],[80.2559469,42.7940004],[80.263035,42.8232112],[80.2645355,42.8248328],[80.2639536,42.826022],[80.2609457,42.8264118],[80.2602562,42.8277968],[80.2621538,42.8294078],[80.2649979,42.829643],[80.263709,42.8280986],[80.2636485,42.8266429],[80.2657604,42.8278856],[80.2661187,42.8285632],[80.2682112,42.8291548],[80.2685985,42.8300824],[80.2716257,42.8321099],[80.2747347,42.832036],[80.2746075,42.8341962],[80.2773367,42.8379769],[80.2787527,42.8342849],[80.2812459,42.8330468],[80.2834668,42.8325764],[80.2813004,42.8351148],[80.2865348,42.8364505],[80.288786,42.8355763],[80.2909645,42.8341918],[80.2914081,42.8300906],[80.293851,42.8312318],[80.2946013,42.832785],[80.2975714,42.8337715],[80.3003199,42.83243],[80.3017359,42.8342583],[80.3031971,42.8360929],[80.3048585,42.8347065],[80.3059417,42.834427],[80.3080052,42.8357183],[80.3053849,42.8370762],[80.3076421,42.8374445],[80.3107223,42.8350482],[80.3131247,42.83606],[80.3152971,42.8340808],[80.3172275,42.8330912],[80.31776,42.8371738],[80.3215301,42.8358514],[80.3221473,42.8373646],[80.3233213,42.8388023],[80.3237691,42.8358248],[80.3257358,42.8359002],[80.326458,42.8371118],[80.3293606,42.8371338],[80.3320474,42.8363839],[80.3344558,42.8359224],[80.3309642,42.8337524],[80.32953,42.8312052],[80.330583,42.8299537],[80.3278417,42.8306016],[80.3258629,42.8284891],[80.3283802,42.8279166],[80.3290459,42.826634],[80.3307282,42.8247344],[80.3329248,42.8256088],[80.334704,42.8286667],[80.335654,42.8271311],[80.3369751,42.8285868],[80.3360232,42.8308457],[80.3379536,42.8295099],[80.340362,42.8280098],[80.3442349,42.8286667],[80.3458325,42.8293723],[80.3444225,42.8310986],[80.3495178,42.8285601],[80.3533483,42.826918],[80.3558475,42.8282983],[80.3563135,42.8290971],[80.355672,42.8338456],[80.3612514,42.8324788],[80.3604587,42.8351769],[80.3643255,42.8329625],[80.3651969,42.8304729],[80.3653906,42.8293146],[80.3652453,42.828032],[80.370498,42.832004],[80.3724707,42.8305661],[80.3710728,42.8287066],[80.3738988,42.8308368],[80.3765507,42.83087],[80.3764322,42.8282552],[80.377566,42.8306238],[80.3819654,42.830535],[80.3799442,42.8317377],[80.3817415,42.8339743],[80.3845675,42.8336992],[80.3839865,42.8353411],[80.3898806,42.8349728],[80.388991,42.8382654],[80.3924403,42.8366457],[80.3954297,42.8351325],[80.3967126,42.8337524],[80.4004705,42.835421],[80.4015658,42.8327096],[80.4042042,42.833637],[80.4060197,42.8315247],[80.4043253,42.8297762],[80.4079561,42.8304685],[80.4095779,42.832501],[80.4099773,42.8354077],[80.4162344,42.8383896],[80.4169243,42.8408967],[80.4194901,42.8412738],[80.4228694,42.8410271],[80.4239566,42.8421557],[80.4187942,42.8432705],[80.4229515,42.8445395],[80.4204522,42.8483284],[80.42372,42.8504669],[80.4262313,42.8519974],[80.4235021,42.8549608],[80.4293841,42.8553911],[80.4318773,42.8532928],[80.4348744,42.8524747],[80.4385883,42.8525431],[80.439266,42.8537276],[80.4375595,42.8547213],[80.4372146,42.8568861],[80.4428047,42.8564762],[80.4423159,42.8595876],[80.4490801,42.860453],[80.4535952,42.8560805],[80.4612508,42.8567042],[80.4620135,42.8620381],[80.4621313,42.8638003],[80.4687265,42.8627515],[80.470273,42.8626434],[80.4718664,42.8634736],[80.4760199,42.8652744],[80.4733259,42.8683727],[80.4799711,42.8679199],[80.4839198,42.869163],[80.488184,42.8732066],[80.4956267,42.8700024],[80.5000971,42.8735701],[80.4981973,42.8788238],[80.5090938,42.8787696],[80.508338,42.8729715],[80.5131926,42.875566],[80.5237023,42.8781288],[80.5285657,42.8812487],[80.5320282,42.8833003],[80.5387923,42.8808038],[80.5418973,42.8858677],[80.5470358,42.8832242],[80.5517237,42.8790521],[80.5538162,42.8868683],[80.5626696,42.887711],[80.5734793,42.8879236],[80.5750014,42.8897183],[80.5700841,42.8935934],[80.5767399,42.8958529],[80.5795425,42.8906608],[80.582892,42.896369],[80.5919651,42.8917123],[80.5958335,42.89236],[80.6013071,42.8929406],[80.5996457,42.8955836],[80.5998109,42.8946696],[80.5990385,42.8945005],[80.5993678,42.8936865],[80.5981696,42.8938065],[80.598381,42.8945702],[80.5979883,42.8955201],[80.5981849,42.8961791],[80.5977966,42.8969471],[80.5975708,42.8965156],[80.5971017,42.8964746],[80.5973262,42.8968603],[80.5968756,42.8973028],[80.5965196,42.8970885],[80.5959148,42.8974789],[80.5969924,42.8979198],[80.5971511,42.8978706],[80.5962946,42.8979859],[80.5958536,42.8982517],[80.5958483,42.8987844],[80.5968153,42.8990519],[80.5973455,42.8996897],[80.5979378,42.9003245],[80.5987428,42.9006305],[80.5974562,42.9011418],[80.5977255,42.9016295],[80.5972806,42.9019894],[80.5968477,42.9019995],[80.5963461,42.9021324],[80.5962214,42.9024773],[80.5955221,42.9026495],[80.5957041,42.9030562],[80.5951508,42.9032067],[80.595758,42.903415],[80.5948115,42.9040171],[80.5948404,42.9046392],[80.5942183,42.9046104],[80.5944744,42.9057954],[80.5948231,42.9059505],[80.5950542,42.9061822],[80.5947349,42.9063828],[80.5949179,42.9065954],[80.5953974,42.9069724],[80.5950082,42.9073364],[80.594527,42.9075967],[80.5953251,42.907722],[80.5955525,42.9078885],[80.5948748,42.9079045],[80.5941224,42.9080946],[80.5934451,42.9086638],[80.5926919,42.9089659],[80.5928741,42.9091832],[80.5926292,42.9093827],[80.5921534,42.9094393],[80.5919548,42.909806],[80.5924316,42.9105371],[80.5924289,42.910766],[80.5916853,42.9112132],[80.5912151,42.9116448],[80.5911097,42.911886],[80.5916328,42.9121934],[80.5911863,42.9127123],[80.5913186,42.913014],[80.5914849,42.9135111],[80.5905742,42.9134097],[80.5902223,42.9138737],[80.5896835,42.914005],[80.5891908,42.9136572],[80.5889827,42.9138813],[80.5891098,42.9146157],[80.5888764,42.9147686],[80.588065,42.9148428],[80.5879783,42.9143526],[80.5875008,42.9147777],[80.5874178,42.9150264],[80.5868845,42.9152117],[80.5863608,42.9149657],[80.5857309,42.9150289],[80.5852429,42.9149363],[80.5855159,42.9156901],[80.5859368,42.9159158],[80.5850299,42.9160782],[80.5848275,42.916522],[80.583687,42.9162621],[80.5833095,42.9163416],[80.5831375,42.916687],[80.5825238,42.9161254],[80.5821449,42.9166181],[80.5809738,42.9168932],[80.5799565,42.9162522],[80.579345,42.9168707],[80.5785246,42.9173015],[80.5779431,42.9180498],[80.577768,42.9192669],[80.5770438,42.9192804],[80.5756289,42.9190838],[80.5751002,42.919364],[80.5742515,42.9192862],[80.5717387,42.9198088],[80.569712,42.9205575],[80.5691641,42.9221609],[80.568413,42.9235802],[80.567233,42.9246586],[80.5663233,42.9249256],[80.56589,42.9256435],[80.5650876,42.9260571],[80.5635998,42.9267138],[80.5627328,42.9272448],[80.5621909,42.9274897],[80.5597611,42.9287433],[80.557907,42.9297958],[80.5563474,42.930589],[80.5542378,42.9311941],[80.5523904,42.9318602],[80.5493003,42.9326741],[80.5477371,42.9332413],[80.5458327,42.9332794],[80.5437006,42.9337982],[80.5417492,42.9344656],[80.5400095,42.9355084],[80.5384589,42.9362489],[80.5363341,42.9361867],[80.5345806,42.9366826],[80.5335554,42.9371293],[80.5313429,42.9371255],[80.5276119,42.9373736],[80.5271203,42.9385962],[80.5246157,42.9383477],[80.5215162,42.9388817],[80.5197693,42.9393236],[80.5184515,42.9390589],[80.5162117,42.9383252],[80.5125523,42.9387273],[80.5096775,42.9390285],[80.5074069,42.9394199],[80.5055481,42.939883],[80.5032226,42.9408414],[80.501517,42.9412397],[80.5002109,42.9415323],[80.4986729,42.9415185],[80.4978379,42.9430732],[80.4954925,42.9438399],[80.492975,42.9439402],[80.4915489,42.9439454],[80.4895086,42.9438424],[80.485891,42.9446869],[80.484857,42.9452554],[80.4837461,42.9457414],[80.4827985,42.9466721],[80.4815132,42.9470903],[80.4796831,42.9480663],[80.4780923,42.9490074],[80.4768947,42.9492746],[80.4751967,42.9500771],[80.4749539,42.9516127],[80.4739368,42.9520476],[80.4720312,42.9530932],[80.4713113,42.9537038],[80.4686647,42.954866],[80.4659004,42.9557993],[80.4633626,42.956818],[80.4618217,42.9576592],[80.4602295,42.9582225],[80.4593129,42.9585196],[80.4570355,42.9596722],[80.4545832,42.9613221],[80.4520838,42.9623527],[80.4493858,42.9633285],[80.4468127,42.9640514],[80.4450375,42.96469],[80.4432392,42.9653701],[80.4423299,42.965691],[80.441082,42.9658475],[80.4394055,42.9666559],[80.4380802,42.9675203],[80.436598,42.9693093],[80.4354558,42.9697428],[80.4339692,42.971978],[80.4333362,42.9724448],[80.4326977,42.9728658],[80.4302657,42.9738541],[80.4293295,42.9740785],[80.429214,42.9748366],[80.4281651,42.9748432],[80.4265718,42.9764487],[80.4245308,42.9772365],[80.4233254,42.977956],[80.4232331,42.9785533],[80.4224762,42.9788613],[80.4207923,42.9798047],[80.4197729,42.9810096],[80.4183968,42.9816124],[80.4159347,42.9826822],[80.4154177,42.9848902],[80.4136351,42.9860804],[80.4119763,42.9868771],[80.4107418,42.9874337],[80.4093034,42.9881024],[80.4068954,42.988946],[80.4048259,42.9899387],[80.4029594,42.9901629],[80.4026115,42.9909971],[80.4016181,42.9918643],[80.4010903,42.9923824],[80.3990978,42.9935495],[80.3976664,42.9938864],[80.3955185,42.9952609],[80.3937688,42.9962529],[80.392395,42.9975247],[80.3917882,42.9985431],[80.3904849,43.0001071],[80.3877862,43.0026782],[80.388622,43.0033759],[80.3879463,43.004576],[80.387258,43.0065624],[80.3871196,43.0075937],[80.3861752,43.0088225],[80.3855163,43.0115588],[80.3844793,43.0121134],[80.3842581,43.0133288],[80.3827286,43.015509],[80.3810274,43.0187789],[80.3808339,43.0224109],[80.3764057,43.0314118],[80.3934859,43.0535239],[80.4085192,43.05736],[80.4116257,43.0575759],[80.4192049,43.0598728],[80.4201258,43.0616162],[80.423359,43.0626571],[80.4276698,43.0631002],[80.4349122,43.0656062],[80.4385282,43.0675833],[80.4422531,43.0673472],[80.4477029,43.0711772],[80.4528804,43.0732223],[80.4567656,43.0753253],[80.4626665,43.0742788],[80.4648903,43.0719727],[80.4686258,43.0725302],[80.47324,43.0725155],[80.4754829,43.070582],[80.4822538,43.0695864],[80.4875,43.0724316],[80.4954466,43.0757716],[80.5004643,43.0788705],[80.5071089,43.0809238],[80.512154,43.086021],[80.5174175,43.086628],[80.5229469,43.0895614],[80.5257991,43.0919674],[80.5275823,43.094648],[80.5339066,43.0955838],[80.5368106,43.0992996],[80.5435759,43.0980271],[80.5489411,43.0977091],[80.5547432,43.1015036],[80.5574778,43.1067491],[80.560627,43.1102371],[80.5609848,43.1157587],[80.5652259,43.1169356],[80.5696775,43.1179047],[80.5730176,43.1193732],[80.57409,43.1216064],[80.57708,43.127183],[80.5810745,43.1295773],[80.5861875,43.1355575],[80.5910145,43.1385779],[80.5929609,43.1377148],[80.5999079,43.1357954],[80.6036757,43.1365171],[80.6078308,43.1409988],[80.61339,43.1425296],[80.6168971,43.1421654],[80.6214316,43.1415743],[80.6282921,43.1408944],[80.6301189,43.1446803],[80.6350706,43.1473037],[80.6391226,43.1465937],[80.6453516,43.1464659],[80.6518578,43.1488466],[80.6591005,43.149609],[80.6682023,43.1465343],[80.6713316,43.1438393],[80.6778707,43.144428],[80.6840357,43.1437154],[80.6906464,43.1431198],[80.7024321,43.1450677],[80.7084829,43.1425661],[80.711731,43.1377215],[80.7180576,43.133985],[80.7247802,43.135736],[80.7336274,43.142027],[80.7434801,43.1469523],[80.7578175,43.1462843],[80.7673224,43.1431535],[80.7748453,43.1394664],[80.7813115,43.1378241],[80.7868436,43.1415879],[80.7882028,43.1436031],[80.7880401,43.1462729],[80.7916637,43.152839],[80.7921836,43.159767],[80.7942492,43.1627758],[80.7971833,43.1657807],[80.7952095,43.1712767],[80.798036,43.1738158],[80.8014158,43.1746894],[80.8061667,43.1760345],[80.8030928,43.1803468],[80.7971844,43.1852469],[80.7934985,43.1921383],[80.7910063,43.1966001],[80.7881473,43.1998136],[80.7871075,43.2051687],[80.7868355,43.2087995],[80.7851909,43.2137187],[80.7827836,43.2154477],[80.7828899,43.2217855],[80.7826475,43.225948],[80.7845637,43.2314593],[80.788747,43.2365948],[80.7870909,43.2394665],[80.7827461,43.246987],[80.7798297,43.2491813],[80.7763029,43.251028],[80.7728824,43.2549657],[80.7715422,43.2594154],[80.7693898,43.261786],[80.7664012,43.2650434],[80.7650804,43.2695699],[80.7691779,43.2757941],[80.7729159,43.2823617],[80.7720197,43.2864626],[80.7719396,43.2913896],[80.7745577,43.2969634],[80.7744836,43.3003566],[80.7774917,43.3034589],[80.7782461,43.3061247],[80.7786908,43.3092669],[80.7764491,43.3122238],[80.7738679,43.3135779],[80.7676613,43.3152756],[80.7635149,43.3164732],[80.7573527,43.3161362],[80.7520898,43.3190142],[80.7482034,43.3168094],[80.7435837,43.3160971],[80.7377332,43.317875],[80.7319186,43.3169793],[80.7265932,43.3169937],[80.7208725,43.3172049],[80.7156077,43.3174529],[80.7112548,43.317739],[80.7080711,43.318442],[80.7014905,43.3179659],[80.6975761,43.3168214],[80.6928273,43.3198511],[80.6893242,43.3226679],[80.686194,43.3248556],[80.6838141,43.3273152],[80.6820686,43.3286695],[80.6831359,43.3320748],[80.6850167,43.3360047],[80.6878276,43.3385237],[80.6936308,43.3419508],[80.695269,43.3448085],[80.6978476,43.3470836],[80.7003802,43.3487014],[80.7021344,43.3506412],[80.7050305,43.353673],[80.7056313,43.3569689],[80.7061204,43.3604175],[80.7047681,43.3645544],[80.7077479,43.3657322],[80.71247,43.3689575],[80.7155547,43.3715485],[80.7198306,43.3727112],[80.7244365,43.3773398],[80.7264936,43.3808821],[80.7275386,43.384503],[80.7302307,43.3896488],[80.7327165,43.3912929],[80.7349406,43.3935572],[80.7347808,43.3962211],[80.7330338,43.3977292],[80.7328259,43.4000959],[80.7340181,43.4040951],[80.7354594,43.4076177],[80.7365089,43.4104374],[80.7347541,43.4136557],[80.7322251,43.4159809],[80.7318166,43.4177353],[80.7336433,43.4207099],[80.7344314,43.424024],[80.7348292,43.4262391],[80.7349564,43.4310368],[80.7358526,43.4350983],[80.7397189,43.4378794],[80.7425506,43.440028],[80.7451842,43.4423291],[80.7500086,43.443645],[80.7534078,43.4461366],[80.749024,43.4725353],[80.732336,43.5013897],[80.6995215,43.5586055],[80.6851042,43.5821659],[80.6697201,43.6046842],[80.663524,43.614027],[80.6567907,43.6239254],[80.651804,43.6313987],[80.6459546,43.6399581],[80.6254341,43.6721449],[80.6239803,43.6726826],[80.6225507,43.6748867],[80.6160124,43.6845669],[80.6148756,43.6861015],[80.6095656,43.6940037],[80.604067,43.702076],[80.60042,43.7076255],[80.5948315,43.7157871],[80.58825,43.7255558],[80.5828824,43.7335916],[80.5783295,43.7403161],[80.5736877,43.747175],[80.5699868,43.7525343],[80.5615013,43.7651383],[80.5458812,43.7878323],[80.5245106,43.8193899],[80.5058618,43.8169702],[80.508367,43.8067866],[80.4998183,43.7967116],[80.4887443,43.7923767],[80.4808478,43.783243],[80.4743331,43.7920759],[80.4593654,43.7971579],[80.4400241,43.7933031],[80.4224119,43.8040324],[80.410969,43.7909084],[80.3870746,43.7790782],[80.344722,43.773131],[80.3281431,43.7775003],[80.320985,43.7695339],[80.2962658,43.7708975],[80.2735712,43.7591824],[80.2424165,43.7600484],[80.229426,43.7605649],[80.2288028,43.7720131],[80.1991136,43.7601135],[80.1879474,43.7867621],[80.148122,43.7871339],[80.10349,43.8013835],[80.0878688,43.7810612],[80.0590297,43.8007641],[80.0416919,43.8065869],[80.0044414,43.8151344],[79.9967166,43.7928341],[79.9780056,43.8156298],[79.9239322,43.7986578],[79.9253055,43.8246714],[79.8729488,43.8235567],[79.835355,43.8425027],[79.790723,43.8625566],[79.7467777,43.8926247],[79.7234581,43.9035515],[79.7265434,43.920119],[79.6988201,43.9303191],[79.6574497,43.9486132],[79.6210575,43.9602295],[79.5947626,43.9677126],[79.5771122,43.9740673],[79.56575,43.9776193],[79.5410225,43.9782401],[79.5057461,43.9554448],[79.454591,43.9537147],[79.4258377,43.9342478],[79.3989727,43.9219464],[79.3703911,43.9121158],[79.3193218,43.904448],[79.2752907,43.8834184],[79.24422,43.8597822],[79.2143933,43.8693678],[79.1937081,43.8489449],[79.149162,43.8340255],[79.1044442,43.8341493],[79.0760608,43.8439505],[79.0542399,43.8406973],[79.0248792,43.8332825],[79.0057389,43.85303],[78.9785197,43.8505196],[78.9433834,43.8482701],[78.8951466,43.8483939],[78.8517162,43.850746],[78.8276837,43.8378082],[78.8013336,43.8456703],[78.7851975,43.8459179],[78.768203,43.8441227],[78.7452004,43.8434418],[78.6949894,43.8334744],[78.6646053,43.8360747],[78.6414285,43.8279155],[78.6180848,43.8272708],[78.5858819,43.8356277],[78.5323403,43.8501889],[78.4978076,43.8402143],[78.4889396,43.8502415],[78.4748675,43.8521104],[78.4680128,43.8594749],[78.458152,43.8582323],[78.445846,43.8557074],[78.4327139,43.8620199],[78.4210385,43.8645204],[78.4040465,43.8709925],[78.3922018,43.877984],[78.37083,43.8758187],[78.3406825,43.8837523],[78.1881271,43.8815113],[78.0531587,43.8662453],[77.9581916,43.8711788],[77.8383631,43.8792114],[77.8237703,43.9859765],[77.7274653,44.0687802],[77.5982906,44.0770447],[77.4648154,44.1219188],[77.3605168,44.2402651],[77.3729592,44.3011033],[77.347986,44.3404503],[77.3108868,44.3483533],[77.209182,44.3441306],[76.9331944,44.5711252],[76.9142638,44.6607067],[76.8201926,44.9585795],[76.5455712,45.0817132],[76.1834507,45.6228001],[76.2170334,46.5620379],[75.3270355,46.6820584],[74.0605324,46.0009525],[73.7220153,45.2207644],[74.13349,44.9133189],[74.5226355,44.6987269],[74.750995,44.3578143],[75.0364971,44.3084838],[75.2621065,44.1686515],[75.3068391,43.9872965],[75.2852523,43.861271],[74.9971857,43.6102913],[75.1842573,43.590705],[75.3054403,43.5289547],[75.3497878,43.4048243],[75.2777119,43.3153834],[75.3371955,43.1703201],[75.4011159,43.1253825],[75.4621591,43.1219326],[75.532556,43.0825732],[75.5965968,43.0706597],[75.6561106,43.0436523],[75.6560859,42.9806457],[75.7235991,42.9566417],[75.7510875,42.9601269],[75.7573584,42.9628731],[75.7737867,42.9727615],[75.7727828,42.9406887],[75.8046415,42.9395442],[75.827236,42.940266],[75.835201,42.936809],[75.843007,42.939894],[75.852662,42.942288],[75.857555,42.942846],[75.865202,42.943391],[75.870906,42.944508],[75.878766,42.944987],[75.886053,42.944296],[75.896026,42.944601],[75.902742,42.947952],[75.914271,42.949043],[75.917982,42.951171],[75.922157,42.953724],[75.924112,42.954814],[75.931505,42.956171],[75.937729,42.955399],[75.94124,42.951317],[75.9484467,42.94637],[75.951455,42.9429891],[75.9518514,42.9396728],[75.9489103,42.9332599],[75.9535679,42.9332832],[75.959897,42.931888],[75.97221,42.929947],[75.979737,42.930213],[75.991067,42.928537],[75.996745,42.928271],[76.008174,42.925238],[76.01693,42.921495],[76.02176,42.914133],[76.028275,42.911042],[76.038265,42.914488],[76.045472,42.916251],[76.056658,42.916084],[76.065308,42.91865],[76.078085,42.921732],[76.086289,42.918275],[76.096034,42.922846],[76.108713,42.923078],[76.117514,42.922757],[76.129101,42.925285],[76.139443,42.925876],[76.154511,42.927381],[76.163961,42.929247],[76.181716,42.931224],[76.193004,42.93119],[76.197908,42.92112],[76.203318,42.916523],[76.21098,42.919151],[76.220145,42.9217866],[76.23072,42.920318],[76.2418268,42.9210586],[76.252402,42.92015],[76.264685,42.919186],[76.271306,42.91636],[76.281902,42.914149],[76.287326,42.912267],[76.2976605,42.9108898],[76.303041,42.909904],[76.308979,42.900799],[76.30467,42.894712],[76.3003871,42.888919],[76.302536,42.883888],[76.3028514,42.8768335],[76.310167,42.872416],[76.3240396,42.8719045],[76.3267784,42.8676935],[76.330952,42.863204],[76.343325,42.860772],[76.351691,42.862179],[76.3535,42.864774],[76.359879,42.867069],[76.3672304,42.8660444],[76.371628,42.866184],[76.3790624,42.8705512],[76.3844669,42.8721267],[76.3894951,42.8752912],[76.3906071,42.8756668],[76.396902,42.874866],[76.4062156,42.8737402],[76.4135191,42.8733811],[76.426859,42.876271],[76.434458,42.880753],[76.4403797,42.8866011],[76.4478614,42.8835702],[76.455686,42.8846588],[76.4631546,42.8868103],[76.475895,42.884372],[76.48643,42.888854],[76.48832,42.89256],[76.4926124,42.902062],[76.493518,42.90373],[76.499975,42.904428],[76.503045,42.907149],[76.503347,42.914661],[76.5053754,42.918817],[76.5098578,42.9193475],[76.5143432,42.9197009],[76.5182945,42.9200842],[76.522166,42.9216401],[76.5241115,42.9212641],[76.531906,42.919334],[76.537787,42.917359],[76.546816,42.911098],[76.552647,42.910415],[76.559468,42.908756],[76.571421,42.909],[76.57949,42.905922],[76.587324,42.907482],[76.596481,42.91059],[76.602716,42.916122],[76.610093,42.914272],[76.622709,42.909398],[76.630647,42.906001],[76.642679,42.908415],[76.6498531,42.9131906],[76.658273,42.908969],[76.669584,42.909202],[76.677682,42.909304],[76.685826,42.908144],[76.68956,42.905654],[76.701171,42.905221],[76.709228,42.904469],[76.715989,42.908355],[76.724,42.909022],[76.7273892,42.9126955],[76.736025,42.917768],[76.743992,42.920075],[76.750011,42.924081],[76.752137,42.931909],[76.755625,42.936542],[76.748958,42.942772],[76.7529323,42.9472389],[76.7561251,42.9499956],[76.7722875,42.952691],[76.7804505,42.9564966],[76.792605,42.952565],[76.8021712,42.9470246],[76.811432,42.953309],[76.819282,42.954119],[76.829319,42.963975],[76.8354628,42.9692148],[76.836441,42.973456],[76.833636,42.978905],[76.838635,42.983723],[76.846871,42.983654],[76.849047,42.981273],[76.852249,42.978234],[76.8566107,42.9776864],[76.8601308,42.9764514],[76.863217,42.9742464],[76.871663,42.9713063],[76.879644,42.975484],[76.8832946,42.9755093],[76.8889101,42.9734328],[76.8974453,42.9680349],[76.901528,42.969416],[76.9096585,42.9720678],[76.9152804,42.9668764],[76.920685,42.967198],[76.930354,42.970252],[76.934191,42.973408],[76.93787,42.978474],[76.9430597,42.9822616],[76.9480362,42.9807577],[76.95255,42.980046],[76.9574726,42.9789293],[76.9635253,42.9849368],[76.9682132,42.9850941],[76.975903,42.986357],[76.9813857,42.9831923],[76.9887086,42.9834832],[76.9980191,42.9857501],[77.0033531,42.9837432],[77.0038682,42.9822608],[77.0051974,42.9796054],[77.0060491,42.9764603],[77.0111,42.969779],[77.013658,42.964176],[77.021246,42.956037],[77.025462,42.953056],[77.033434,42.953712],[77.035094,42.947192],[77.042374,42.948917],[77.053316,42.95639]]]}},{"type":"Feature","properties":{"id":215722,"name":"Жамбылская область"},"geometry":{"type":"Polygon","coordinates":[[[73.4924214,42.9154456],[73.4959107,42.9191446],[73.5220668,42.9377991],[73.5381639,42.9498716],[73.548213,42.9675807],[73.5467539,42.9684757],[73.5445652,42.9695276],[73.543664,42.9705796],[73.5427413,42.9718513],[73.5423551,42.9738452],[73.5402951,42.974065],[73.5394079,42.9744722],[73.5390434,42.9747805],[73.5386599,42.9751649],[73.5385652,42.9756082],[73.5386599,42.9760931],[73.5389724,42.9764326],[73.5388587,42.9766611],[73.5385984,42.9769728],[73.5383096,42.9774127],[73.5381603,42.9782431],[73.537892,42.978603],[73.5393494,42.9794283],[73.5389205,42.9800128],[73.5394978,42.9807623],[73.539729,42.9811621],[73.5395718,42.9815926],[73.5393469,42.9822914],[73.5386444,42.9829901],[73.5382254,42.98338],[73.5377725,42.9841621],[73.5376246,42.984827],[73.5373935,42.9851854],[73.536916,42.9854942],[73.5378865,42.9862898],[73.5387215,42.9867856],[73.5389187,42.9877458],[73.5388447,42.9884106],[73.5386414,42.9888839],[73.5388724,42.9894586],[73.5389834,42.9901099],[73.5394763,42.9911286],[73.5394732,42.9916672],[73.5397197,42.9922058],[73.5391066,42.9923501],[73.5390234,42.9928797],[73.5385982,42.9934093],[73.5387153,42.9941011],[73.5387831,42.9946915],[73.5386321,42.9954758],[73.5390789,42.9959963],[73.5394979,42.9965552],[73.5394671,42.9973123],[73.5391282,42.9980965],[73.5387554,42.9986621],[73.5386106,42.9992773],[73.538968,42.9999781],[73.5384411,43.0005211],[73.5384688,43.0009808],[73.5385397,43.0014765],[73.5380128,43.0018709],[73.5379081,43.0024657],[73.5379081,43.0031372],[73.5374891,43.0035315],[73.5370331,43.0039236],[73.5368112,43.0047708],[73.5363984,43.005449],[73.5361396,43.0057757],[73.5358715,43.0061249],[73.5355696,43.0064989],[73.5354063,43.0073596],[73.5357852,43.0075038],[73.5360748,43.0077854],[73.5356127,43.0083667],[73.5361642,43.0088781],[73.5367527,43.0093783],[73.5370207,43.0097861],[73.5372857,43.0099798],[73.5371902,43.0103989],[73.53764,43.0105161],[73.5379204,43.0108991],[73.5381638,43.011237],[73.5378526,43.0114961],[73.5381515,43.0122125],[73.5382994,43.0125392],[73.5383579,43.0128613],[73.5385582,43.0131024],[73.5387646,43.0134493],[73.5389125,43.0144879],[73.5391126,43.0162739],[73.5395417,43.0180153],[73.5406361,43.0196783],[73.5416017,43.0213538],[73.5431466,43.0229382],[73.5445628,43.024714],[73.5463736,43.02623],[73.5662335,43.0337822],[73.6144181,43.0485028],[73.6407363,43.0597063],[73.6902822,43.0729368],[73.7415491,43.0949642],[73.7648147,43.1072808],[73.7865331,43.1122023],[73.7976471,43.1147382],[73.8097099,43.1201022],[73.8198824,43.1258808],[73.829551,43.1289365],[73.8593935,43.116456],[73.8909966,43.1124412],[73.9134958,43.1216341],[73.9233956,43.1344372],[73.9345024,43.1511902],[73.9494278,43.1666842],[73.9506754,43.1770633],[73.9581536,43.197356],[73.9687217,43.221953],[73.9845499,43.2133948],[74.0135693,43.1946942],[74.0336876,43.1787996],[74.0506304,43.1771377],[74.0635009,43.1813877],[74.0869629,43.1881299],[74.1234636,43.1924472],[74.1686132,43.1985209],[74.190394,43.1958109],[74.2157428,43.2157445],[74.196929,43.2603869],[74.2042207,43.2669039],[74.2160246,43.2622064],[74.2266152,43.2539147],[74.2430733,43.2526957],[74.2562483,43.250367],[74.2715691,43.2464597],[74.2828677,43.2465101],[74.3084266,43.2163244],[74.3166207,43.214851],[74.3301819,43.2176815],[74.3308471,43.2130995],[74.3406532,43.2073912],[74.3501375,43.2032464],[74.3592785,43.1975215],[74.3735693,43.1987259],[74.3777536,43.1977248],[74.3910359,43.1896684],[74.3982456,43.1918586],[74.4047902,43.1860857],[74.4011982,43.1819697],[74.4061206,43.1784971],[74.4097469,43.1759465],[74.4142101,43.1764316],[74.4146326,43.1707234],[74.4213985,43.1734741],[74.4305441,43.165364],[74.4538089,43.1574471],[74.465549,43.1572391],[74.4798236,43.1569486],[74.4879205,43.1569569],[74.4934342,43.1563411],[74.4968113,43.1570295],[74.4974405,43.1522281],[74.500244,43.1517165],[74.5040957,43.1493291],[74.506506,43.148805],[74.507958,43.1463625],[74.5154282,43.14463],[74.5207372,43.1452196],[74.5274631,43.1423075],[74.5328275,43.1412507],[74.5360669,43.1365953],[74.5381556,43.1371117],[74.539255,43.1406216],[74.545895,43.140037],[74.5494909,43.1418913],[74.5519742,43.1382014],[74.5549527,43.1372419],[74.559711,43.1387903],[74.5636548,43.1391085],[74.564471,43.1356161],[74.5648852,43.1306186],[74.5664295,43.1302389],[74.5704649,43.1328731],[74.5734746,43.1315749],[74.5764837,43.1329422],[74.5832422,43.1287987],[74.583253,43.1255603],[74.5847872,43.1201178],[74.5871476,43.116022],[74.5916322,43.1140014],[74.5991102,43.1095683],[74.5984772,43.1031844],[74.6013096,43.1023306],[74.6076397,43.096557],[74.6160725,43.0845616],[74.6233574,43.0816231],[74.6351629,43.0789294],[74.6373563,43.0720137],[74.6395091,43.0648753],[74.6435721,43.0607071],[74.6543454,43.0560317],[74.6610149,43.0538433],[74.6701378,43.0433202],[74.6830335,43.0393684],[74.6975553,43.0356006],[74.7014256,43.0305546],[74.7147098,43.0172365],[74.7209867,43.0122848],[74.7271319,43.0046791],[74.7312839,43.0023292],[74.735892,43.0007834],[74.7387405,43.0000812],[74.7385366,42.9965187],[74.7443617,42.9938831],[74.749008,42.9902722],[74.7516873,42.9898125],[74.7536397,42.9915654],[74.7620727,42.9943108],[74.7708303,42.9936265],[74.7742759,42.9930993],[74.7781549,42.9985354],[74.7844237,43.001591],[74.7884685,43.0006063],[74.7978787,42.9985175],[74.8019324,43.0000645],[74.8077904,42.9967546],[74.8087084,43.0002101],[74.8176529,43.0015475],[74.8272931,43.0006579],[74.8360986,43.0030702],[74.8482356,43.0005961],[74.8511165,42.9993899],[74.8543867,42.9991052],[74.8575012,42.9967342],[74.8639001,42.9966513],[74.8661927,42.9958803],[74.8737673,42.9929512],[74.8726193,42.9887135],[74.8779408,42.9849227],[74.881653,42.983667],[74.8855583,42.9840437],[74.8918049,42.9820654],[74.8956768,42.9808848],[74.8965388,42.9776787],[74.9021492,42.9752635],[74.9085016,42.9715706],[74.9213434,42.9699798],[74.927219,42.9655701],[74.9277047,42.9621526],[74.9363402,42.9640075],[74.9393983,42.9614008],[74.9510546,42.9562332],[74.9604694,42.9536219],[74.9672128,42.9509285],[74.9703511,42.9480025],[74.9731344,42.9455549],[74.9823064,42.9452499],[74.9882287,42.9434592],[74.996447,42.9411659],[75.0079269,42.9336726],[75.0138599,42.9320152],[75.0225878,42.9291735],[75.0248462,42.9260528],[75.028572,42.9250221],[75.0325119,42.9225886],[75.0374633,42.9205926],[75.0461859,42.9228317],[75.0631267,42.9189269],[75.0718385,42.9130497],[75.0813336,42.9143305],[75.0848204,42.9132383],[75.0976611,42.9075659],[75.1069264,42.9002728],[75.1183628,42.895669],[75.1285981,42.8913066],[75.1368603,42.8853543],[75.1479754,42.8822883],[75.153524,42.8808917],[75.1598227,42.8792238],[75.1663418,42.8775218],[75.1721477,42.8769272],[75.1800201,42.8757109],[75.1869709,42.875169],[75.194008,42.8730194],[75.1967309,42.8672795],[75.2003883,42.8639383],[75.2055003,42.8619324],[75.2149501,42.8599479],[75.2220242,42.8557289],[75.2312996,42.853552],[75.2443618,42.8562122],[75.2557004,42.8586905],[75.2618219,42.8606601],[75.2720858,42.859302],[75.2835423,42.8590338],[75.2883522,42.8595307],[75.2993486,42.8609328],[75.3079354,42.8563723],[75.3447578,42.8514153],[75.3603616,42.8486765],[75.3738134,42.8508495],[75.4052008,42.8437134],[75.4194599,42.8395475],[75.4289865,42.8409392],[75.4363687,42.8412645],[75.4488778,42.8375058],[75.4681774,42.83624],[75.4763607,42.8390324],[75.4855376,42.842756],[75.4983693,42.8404431],[75.5117992,42.8367406],[75.5214244,42.8341107],[75.5298418,42.8340293],[75.5545518,42.8299171],[75.5703021,42.8304593],[75.5934347,42.8241685],[75.6304072,42.8162135],[75.6582599,42.809216],[75.6756124,42.8042431],[75.711571,42.7971894],[75.7443581,42.819256],[75.7724305,42.8541397],[75.814968,42.9289236],[75.8233452,42.9387415],[75.8046415,42.9395442],[75.7727828,42.9406887],[75.7737867,42.9727615],[75.7573584,42.9628731],[75.7510875,42.9601269],[75.7235991,42.9566417],[75.6560859,42.9806457],[75.6561106,43.0436523],[75.5965968,43.0706597],[75.532556,43.0825732],[75.4621591,43.1219326],[75.4011159,43.1253825],[75.3371955,43.1703201],[75.2777119,43.3153834],[75.3497878,43.4048243],[75.3054403,43.5289547],[75.1842573,43.590705],[74.9971857,43.6102913],[75.2852523,43.861271],[75.3068391,43.9872965],[75.2621065,44.1686515],[75.0364971,44.3084838],[74.750995,44.3578143],[74.5226355,44.6987269],[74.13349,44.9133189],[73.7220153,45.2207644],[74.0605324,46.0009525],[72.8070987,46.0015511],[69.2665926,45.7693648],[69.538832,45.1548863],[69.824794,44.1605552],[69.7144809,43.958754],[69.6789792,43.8035681],[69.6158612,43.6764816],[69.5157659,43.5090166],[69.4449722,43.457121],[69.4867267,43.4230052],[69.5366067,43.3919043],[69.5322841,43.3480559],[69.5612888,43.2922323],[69.6373597,43.2838283],[69.6729386,43.2608411],[69.7638951,43.2414031],[69.8050796,43.2360939],[69.8361531,43.2492537],[69.9134283,43.2329948],[69.9618451,43.2120431],[69.9953178,43.2051478],[70.0478329,43.1489121],[70.0638968,43.1169329],[70.1669215,43.0660214],[70.1982335,43.006532],[70.1922919,42.9850791],[70.1987667,42.9536206],[70.2239359,42.9172429],[70.2512943,42.8779716],[70.2012199,42.8507479],[70.2244817,42.7989372],[70.2256029,42.7333485],[70.307322,42.7079797],[70.3905579,42.6702683],[70.4910307,42.6170791],[70.5301623,42.5855364],[70.5842483,42.548423],[70.6282843,42.5158326],[70.6383624,42.5072707],[70.645145,42.4980566],[70.6521874,42.4865957],[70.7218996,42.4588021],[70.7788714,42.3926207],[70.8508015,42.3256533],[70.8655832,42.3201236],[70.886611,42.335418],[70.892303,42.361431],[70.914268,42.369133],[70.93161,42.383399],[70.955726,42.400127],[70.932899,42.41798],[70.955482,42.437652],[70.95858,42.454807],[70.964012,42.463157],[70.971183,42.478256],[70.9817355,42.4977986],[71.0889746,42.4843773],[71.0000769,42.5608668],[71.003341,42.588287],[71.042366,42.597961],[71.101333,42.599731],[71.155113,42.605026],[71.158508,42.59761],[71.160385,42.59103],[71.165168,42.595867],[71.172798,42.604469],[71.181671,42.618743],[71.1786523,42.6258227],[71.1802473,42.6330292],[71.181892,42.637596],[71.1823171,42.6416749],[71.1824869,42.6470914],[71.1819859,42.6525548],[71.181922,42.661529],[71.179328,42.664978],[71.1770682,42.669504],[71.1781675,42.6720273],[71.1784803,42.673575],[71.181976,42.6747923],[71.1933592,42.6765368],[71.206477,42.6805063],[71.2205675,42.6870109],[71.2288931,42.6913641],[71.2340429,42.6960955],[71.2404802,42.7036649],[71.2448592,42.7106347],[71.2501235,42.7113046],[71.2536347,42.7153301],[71.2545377,42.7196347],[71.2560616,42.7227153],[71.2597456,42.7240792],[71.2627666,42.7251303],[71.2649767,42.7264994],[71.2669136,42.7276885],[71.2659899,42.7299829],[71.2685623,42.7337497],[71.2673937,42.7353066],[71.2660074,42.737015],[71.2663943,42.7387024],[71.2705984,42.7401286],[71.2743907,42.7417264],[71.2756388,42.7425776],[71.2756423,42.7440036],[71.2752002,42.7455558],[71.2741096,42.7479836],[71.2739516,42.7508001],[71.2744558,42.75238],[71.2739735,42.7536191],[71.2742891,42.7555825],[71.2736388,42.7570078],[71.2727647,42.7576738],[71.2717844,42.7593873],[71.2707548,42.7625787],[71.2681864,42.7646818],[71.2680547,42.7661812],[71.2683009,42.7676939],[71.2689951,42.7710587],[71.2899803,42.7670488],[71.2895544,42.7631669],[71.2902107,42.7595647],[71.2956462,42.7580196],[71.3030789,42.7558048],[71.3068646,42.7620313],[71.3130871,42.7634176],[71.3338815,42.7564532],[71.3352355,42.757254],[71.3360266,42.7579687],[71.3362627,42.7591577],[71.337254,42.7612712],[71.3443918,42.7661318],[71.3638208,42.7630614],[71.3701263,42.7639826],[71.3754943,42.7823504],[71.3778993,42.7903623],[71.3813233,42.7979984],[71.3947503,42.7981161],[71.4035988,42.7968447],[71.4086276,42.7957926],[71.4153219,42.7959876],[71.4239958,42.7954356],[71.4310391,42.7935151],[71.446019,42.7901345],[71.4603029,42.7869973],[71.4698975,42.7848476],[71.4706568,42.7852085],[71.4696738,42.7854438],[71.4688757,42.7862563],[71.4688159,42.7877732],[71.4744946,42.7887572],[71.4921677,42.7930465],[71.4987319,42.7951835],[71.5011537,42.7931077],[71.5026575,42.792356],[71.5085786,42.7918721],[71.5131497,42.7936211],[71.5176104,42.7955511],[71.5220638,42.7978483],[71.5337045,42.8015088],[71.538457,42.8046053],[71.5417724,42.8082931],[71.5439052,42.808256],[71.5451381,42.8070774],[71.5449438,42.80523],[71.5463784,42.8050162],[71.5488442,42.8033223],[71.5498679,42.8026589],[71.5498903,42.8008717],[71.5502041,42.7985965],[71.5511157,42.7964254],[71.5524905,42.7933933],[71.5545154,42.7921487],[71.5559949,42.7907724],[71.5570709,42.7891164],[71.5590584,42.7881184],[71.5580572,42.7861937],[71.5587072,42.7853218],[71.56065,42.7851518],[71.5610833,42.7836383],[71.5634594,42.7837809],[71.5645877,42.782355],[71.5652452,42.7806879],[71.5679576,42.7795362],[71.5701761,42.7791706],[71.5808061,42.784939],[71.5843436,42.7822665],[71.5880749,42.7794845],[71.5897353,42.7793872],[71.5907406,42.7794052],[71.5909581,42.7802484],[71.5924331,42.780503],[71.5932493,42.7797057],[71.5941406,42.7782252],[71.5951584,42.7777251],[71.595912,42.7756814],[71.5962373,42.7740951],[71.5966038,42.773156],[71.5981061,42.7725607],[71.599996,42.7727276],[71.6017478,42.7732945],[71.6031979,42.7742311],[71.6046144,42.7750064],[71.6057378,42.7751591],[71.6085078,42.7751287],[71.610681,42.7758209],[71.6118889,42.7763537],[71.6131806,42.7773241],[71.6153778,42.778516],[71.616774,42.7793414],[71.6178771,42.7798894],[71.6196141,42.7806589],[71.6213336,42.781653],[71.6224837,42.782196],[71.6239336,42.7836904],[71.6261007,42.7849686],[71.6279815,42.7857375],[71.6293126,42.78632],[71.6311938,42.7874583],[71.6328003,42.7878199],[71.6350849,42.7882957],[71.6359815,42.789187],[71.6377103,42.7897868],[71.6413119,42.7908577],[71.6424715,42.7910979],[71.644352,42.7921332],[71.6464907,42.7923781],[71.6490633,42.7925723],[71.6512632,42.7937694],[71.6517901,42.7948727],[71.6525847,42.7959382],[71.6540841,42.7965055],[71.6549835,42.7975781],[71.6568213,42.7991659],[71.6579141,42.7999902],[71.6587808,42.800667],[71.6600805,42.8021622],[71.6614034,42.8032469],[71.6628385,42.8038898],[71.6651299,42.8052091],[71.6673885,42.8061022],[71.6688204,42.8071348],[71.6697127,42.8085436],[71.670921,42.8090679],[71.6716092,42.8100762],[71.6725456,42.8115831],[71.6740857,42.8128847],[71.6757856,42.8136223],[71.6782008,42.8146751],[71.6800108,42.8160791],[71.6818774,42.8171873],[71.6835677,42.8174122],[71.6865838,42.81775],[71.6879995,42.8181298],[71.689358,42.8187363],[71.6907562,42.8188409],[71.6926541,42.8185121],[71.6942531,42.8178653],[71.6956728,42.8174981],[71.6970551,42.8167308],[71.6983643,42.8159051],[71.699373,42.815505],[71.7009571,42.8147267],[71.7022721,42.8135428],[71.7031707,42.8128394],[71.7045455,42.8122419],[71.7058606,42.8112991],[71.7071831,42.8112443],[71.7089768,42.8110832],[71.7101499,42.8105296],[71.7119432,42.8100965],[71.7135497,42.8100911],[71.7151039,42.8102062],[71.716727,42.8103445],[71.7175713,42.8111886],[71.7186025,42.8116984],[71.7202089,42.8121862],[71.7214726,42.8122831],[71.7225411,42.8121022],[71.7242821,42.8124037],[71.7252385,42.8121735],[71.7268076,42.8120748],[71.7278014,42.8125846],[71.7292586,42.8129675],[71.7304691,42.8127647],[71.73156,42.8130717],[71.7324417,42.8131868],[71.7332188,42.8128469],[71.7343097,42.8127866],[71.7345845,42.8137274],[71.7357128,42.8145606],[71.7369083,42.8141111],[71.737648,42.8132999],[71.7389706,42.8131903],[71.7409282,42.8136726],[71.7416556,42.814446],[71.7425821,42.8153559],[71.7447439,42.8150948],[71.745932,42.8152428],[71.7471499,42.8148537],[71.7488535,42.8144919],[71.7495493,42.8158853],[71.7504236,42.8172391],[71.7524186,42.8182421],[71.7529804,42.8192731],[71.7542805,42.8192183],[71.7560289,42.8187579],[71.7574337,42.8186209],[71.759339,42.8173219],[71.7598172,42.816571],[71.7606242,42.8161928],[71.7620364,42.8172452],[71.7645022,42.8174151],[71.7660115,42.8172726],[71.7676853,42.8169931],[71.7694486,42.8168834],[71.7702332,42.8168231],[71.7713316,42.8165655],[71.7722955,42.8168012],[71.7731099,42.8169656],[71.7746716,42.8176946],[71.7756205,42.8185277],[71.7769747,42.8187557],[71.7781404,42.8196545],[71.7787456,42.8209534],[71.779448,42.8215618],[71.7790818,42.8224551],[71.7800233,42.8233374],[71.7816597,42.8237759],[71.7828328,42.8242691],[71.7842151,42.8248281],[71.7861877,42.8254747],[71.7876149,42.8255734],[71.7892064,42.8259022],[71.7905588,42.824987],[71.7918963,42.8250254],[71.7928453,42.8259844],[71.7935177,42.8273818],[71.7951317,42.8281326],[71.7969922,42.8278969],[71.7991292,42.8279682],[71.8003901,42.8292749],[71.8020862,42.8301407],[71.8034611,42.8306284],[71.8048882,42.8310065],[71.8062855,42.8310613],[71.8077799,42.8319326],[71.8091771,42.8329737],[71.8098571,42.8339655],[71.8109405,42.8351216],[71.8117326,42.8358559],[71.8148036,42.8352257],[71.8183852,42.8353764],[71.8225613,42.836087],[71.8298848,42.8363189],[71.8636388,42.8328097],[71.9846791,42.7840658],[72.1283422,42.7385492],[72.1911164,42.7505147],[72.2840048,42.7568005],[72.4156112,42.7101626],[72.4573577,42.6997478],[72.4659963,42.6990447],[72.4733502,42.6931321],[72.4858701,42.6859432],[72.4937659,42.680438],[72.4983979,42.6741533],[72.5066213,42.6718757],[72.5184022,42.6768032],[72.5260987,42.6826514],[72.5346341,42.6797677],[72.5480928,42.6799269],[72.5598838,42.6818522],[72.5721001,42.6865028],[72.5836775,42.6870365],[72.5934385,42.6861781],[72.6086349,42.683789],[72.6177088,42.6789318],[72.6263986,42.6783339],[72.6445855,42.675069],[72.6525098,42.6712556],[72.660435,42.6641133],[72.6718904,42.6584211],[72.6877532,42.6531489],[72.7024402,42.6496247],[72.7130195,42.6458763],[72.7231194,42.6430272],[72.7337522,42.6450899],[72.7430507,42.642144],[72.7511947,42.6352099],[72.7582899,42.6321468],[72.7612245,42.6227516],[72.7684221,42.6131852],[72.7798488,42.6080749],[72.7833561,42.5983302],[72.7999446,42.5886977],[72.8095052,42.5701878],[72.8195697,42.5623053],[72.8328045,42.5558128],[72.8473015,42.5554099],[72.8623571,42.5556653],[72.8721825,42.5577317],[72.8869521,42.5453615],[72.8965138,42.5410921],[72.9103061,42.5359126],[72.9193121,42.5358443],[72.9324322,42.5370873],[72.9508495,42.5332986],[72.9710197,42.5337414],[72.98294,42.5305023],[72.9961619,42.534147],[73.0148792,42.5369195],[73.0506492,42.5333461],[73.0773211,42.5391804],[73.1110937,42.5395135],[73.1313498,42.5371894],[73.1515415,42.533616],[73.1716473,42.5273543],[73.2014949,42.5221831],[73.2263388,42.5158073],[73.2403722,42.5206825],[73.2646837,42.5157954],[73.2950892,42.5111453],[73.3140752,42.5071276],[73.3102557,42.4919084],[73.3135602,42.4709878],[73.3057778,42.4494132],[73.3223149,42.4429984],[73.334224,42.4334494],[73.3469484,42.4283654],[73.3615181,42.4268766],[73.3749935,42.4267816],[73.3887479,42.4217288],[73.4019658,42.4262114],[73.4192178,42.4245641],[73.42926,42.4220931],[73.4419844,42.4252611],[73.4543225,42.4174994],[73.470566,42.4094833],[73.4904426,42.4151149],[73.5035318,42.4197405],[73.5116428,42.4180139],[73.5176459,42.4321877],[73.5072829,42.4461844],[73.5045473,42.4507344],[73.5025732,42.4548508],[73.498346,42.4587452],[73.4922091,42.4608507],[73.4868018,42.4620221],[73.4819309,42.4632251],[73.4762231,42.4640166],[73.4738199,42.4672774],[73.4716741,42.4712502],[73.4687344,42.4734344],[73.4667389,42.4759192],[73.4659878,42.478388],[73.4650437,42.4809201],[73.4639279,42.4828191],[73.4629838,42.4854459],[73.4620611,42.4872182],[73.4602157,42.4900347],[73.4586708,42.4922024],[73.4557954,42.4941168],[73.4543149,42.4961894],[73.4506671,42.4992745],[73.4486715,42.5019481],[73.4467188,42.5042103],[73.4425775,42.5057289],[73.440818,42.5076746],[73.439273,42.510854],[73.4372989,42.5132107],[73.4355823,42.5154567],[73.4332649,42.5182561],[73.4335653,42.5207708],[73.4344236,42.5236016],[73.4341447,42.5259895],[73.4345094,42.5289624],[73.4332649,42.5313185],[73.431677,42.5336903],[73.4299819,42.5362201],[73.4306471,42.53807],[73.4288661,42.5407103],[73.4276001,42.5422597],[73.4260766,42.5431766],[73.4253255,42.5452476],[73.4257332,42.5474924],[73.4279648,42.5497687],[73.4282438,42.552867],[73.4274499,42.5546689],[73.4266345,42.5556331],[73.4258191,42.5571979],[73.4249608,42.558731],[73.4236089,42.5611966],[73.4231369,42.5637886],[73.4207551,42.5665226],[73.4182445,42.5683874],[73.4176652,42.5713109],[73.4187595,42.5742184],[73.4194461,42.57711],[73.4204976,42.5793695],[73.4228365,42.5801595],[73.424596,42.5818816],[73.4251324,42.5842041],[73.4258834,42.5870795],[73.4270422,42.5892754],[73.4264413,42.5924348],[73.4267632,42.5955467],[73.4273426,42.5986743],[73.4264413,42.6010119],[73.4242527,42.6039655],[73.4238879,42.6071242],[73.4236304,42.6096984],[73.4209267,42.6114197],[73.4205405,42.6148939],[73.421785,42.6188416],[73.4233514,42.62091],[73.4239952,42.6231205],[73.4237377,42.6247942],[73.4228579,42.626973],[73.4234587,42.6297832],[73.4240377,42.63215],[73.4241941,42.6349089],[73.4239367,42.6381292],[73.4234002,42.6412546],[73.4262112,42.6434801],[73.4280136,42.645532],[73.4307387,42.6454531],[73.4325626,42.648515],[73.4331205,42.6526973],[73.4354165,42.6566583],[73.4380558,42.6590569],[73.4406522,42.6615185],[73.4429696,42.6651634],[73.4426477,42.6680824],[73.4439567,42.6713956],[73.4450939,42.6743142],[73.4463814,42.6767595],[73.4479478,42.679599],[73.4464887,42.681697],[73.4464028,42.6841893],[73.4456518,42.6865395],[73.4473108,42.6904925],[73.4490587,42.6931379],[73.4497831,42.6954705],[73.450933,42.6992482],[73.4532328,42.7007017],[73.4554635,42.7031016],[73.455613,42.7064647],[73.4569814,42.7082899],[73.4576023,42.7105036],[73.4578783,42.7135453],[73.4585682,42.7152181],[73.460845,42.7168064],[73.4634438,42.7190875],[73.4647086,42.7226609],[73.4653411,42.7242322],[73.4663645,42.7274083],[73.4662955,42.7308292],[73.4694577,42.7342331],[73.4720564,42.7373327],[73.4740917,42.73876],[73.476334,42.7398917],[73.4773689,42.7426532],[73.4789328,42.744587],[73.4806116,42.7461915],[73.4837738,42.7478888],[73.4871315,42.7504811],[73.4888218,42.7529129],[73.491478,42.7553614],[73.4940078,42.7586711],[73.4994123,42.7642768],[73.5015051,42.7689028],[73.5015626,42.7717559],[73.5017695,42.774938],[73.502609,42.7778837],[73.5040923,42.7809896],[73.5045753,42.7856734],[73.5047018,42.7892177],[73.5066221,42.791783],[73.506898,42.7939937],[73.5076455,42.7970144],[73.5075995,42.8029288],[73.5098878,42.8115167],[73.509709,42.8192526],[73.5103264,42.8216559],[73.5106473,42.8238502],[73.5117841,42.8263714],[73.5120506,42.8275044],[73.5109628,42.8295109],[73.5115176,42.8303766],[73.5120452,42.8313339],[73.5117515,42.8330172],[73.5115067,42.8345529],[73.5112293,42.8353387],[73.5111532,42.8363997],[73.5107561,42.8378874],[73.5103481,42.838733],[73.510359,42.8394868],[73.5098586,42.8406634],[73.5100653,42.8413374],[73.5099728,42.8423145],[73.5102937,42.8437543],[73.5104065,42.8450276],[73.5090547,42.8468526],[73.5105567,42.8476235],[73.5115008,42.8488034],[73.5134749,42.8500147],[73.512681,42.8516822],[73.5109858,42.8525474],[73.5101275,42.8544036],[73.5087757,42.8560238],[73.5091619,42.8572192],[73.5095053,42.8587607],[73.5093121,42.8607426],[73.5079818,42.8634164],[73.5080032,42.8648948],[73.5085826,42.8661058],[73.5090976,42.8681346],[73.5084324,42.8693141],[73.5078745,42.8709811],[73.5068445,42.8724908],[73.506115,42.8733871],[73.5060935,42.874708],[73.5045208,42.8751123],[73.5045423,42.8764331],[73.5037698,42.8776439],[73.5042204,42.8785717],[73.5047139,42.8794208],[73.5056151,42.880317],[73.5054649,42.8810718],[73.5042848,42.8815277],[73.502654,42.882078],[73.5033192,42.8830057],[73.5042418,42.8837604],[73.5040273,42.8847352],[73.5044135,42.8860245],[73.5029329,42.8872508],[73.5020848,42.8884823],[73.5009261,42.8890168],[73.5003897,42.8895985],[73.4996172,42.8907776],[73.4983727,42.8917994],[73.4965702,42.8928055],[73.4955832,42.8935601],[73.4940167,42.8939531],[73.4935631,42.896123],[73.494121,42.8975377],[73.4937777,42.8985595],[73.4945716,42.90043],[73.4947098,42.9020573],[73.4950317,42.9038334],[73.4968127,42.9043835],[73.4967483,42.9058767],[73.4986366,42.9071812],[73.4986012,42.9084207],[73.4977215,42.9096466],[73.4982794,42.9106209],[73.4973352,42.9122868],[73.4960907,42.9135283],[73.4947818,42.9145812],[73.4944814,42.9156184],[73.4924214,42.9154456]]]}},{"type":"Feature","properties":{"id":215727,"name":"Кызылординская область"},"geometry":{"type":"Polygon","coordinates":[[[62.9500893,47.1907705],[62.3326164,47.5311285],[61.3210154,47.7960321],[60.7024563,47.1040848],[60.1641993,46.899161],[59.4738204,46.4135817],[59.8448809,44.9843717],[61.1380816,44.2248499],[62.0845985,43.5130784],[62.0905194,43.5096994],[64.7230783,43.649387],[65.5592582,43.289475],[66.0706756,42.3379411],[67.2242762,42.9512452],[67.8342891,43.184558],[67.8445529,43.192505],[67.8616491,43.2027013],[67.8753469,43.2148424],[67.8694976,43.220391],[67.845016,43.2167692],[67.8282947,43.2252139],[67.8088748,43.2253103],[67.7859032,43.2271532],[67.8010297,43.2375121],[67.8282383,43.2485736],[67.8264458,43.2565377],[67.8043844,43.2564872],[67.7867624,43.2564156],[67.7821368,43.2610431],[67.7821343,43.273101],[67.7670783,43.274435],[67.770006,43.2802422],[67.7895084,43.281242],[67.7977443,43.283043],[67.8169488,43.2939611],[67.8012853,43.3003661],[67.7910468,43.321219],[67.7985302,43.3246518],[67.7722255,43.3353355],[67.745498,43.334008],[67.724132,43.3429525],[67.7142446,43.3516108],[67.7330348,43.3581502],[67.7466082,43.351374],[67.7424708,43.3631952],[67.7032317,43.3658414],[67.6842326,43.3535089],[67.6797622,43.3333993],[67.6867382,43.3168504],[67.6802396,43.3097803],[67.6642737,43.3196721],[67.6599182,43.3386639],[67.6655881,43.3572215],[67.6628628,43.3730742],[67.7250358,43.407283],[67.8256756,43.5987943],[67.865612,43.7360786],[67.9353738,43.7061213],[67.9549507,43.8699847],[68.0341106,43.9783015],[68.0042197,44.0629935],[67.7865918,44.2033319],[67.5829861,44.2950503],[67.5085481,44.4670781],[67.5063496,45.0483973],[67.2170649,45.2718879],[67.1679702,45.3038769],[67.1673643,45.3436487],[67.2200221,45.3874545],[67.2374603,45.4237648],[67.2646843,45.5031385],[67.2535263,45.5840504],[67.2872456,45.635788],[67.2916889,45.6430281],[67.3013877,45.6452483],[67.299714,45.6537082],[67.285627,45.6660456],[67.3421036,45.7422905],[67.3260505,45.8028913],[67.2950137,45.8520296],[67.2374075,45.8861197],[67.1673235,45.9943513],[67.167867,46.0192489],[67.165442,46.0345544],[67.1791013,46.0508413],[67.1588398,46.0744104],[67.14937,46.1146928],[67.1498196,46.135948],[66.6769346,46.1586187],[65.5859584,46.212706],[64.1789068,46.7420283],[63.8039157,46.8307984],[63.7608295,46.8401225],[63.3031255,46.9715107],[62.9507837,47.1908564],[62.9500893,47.1907705]]]}},{"type":"Feature","properties":{"id":215739,"name":"Туркестанская область"},"geometry":{"type":"Polygon","coordinates":[[[67.9727715,40.8619193],[67.9717108,40.8509743],[67.9782859,40.8446683],[67.9794878,40.8380028],[67.9761122,40.8327674],[67.9852219,40.8260672],[68.0108995,40.8087451],[68.0410668,40.796802],[68.0604202,40.7930669],[68.0745374,40.7903378],[68.0824771,40.7847982],[68.0950008,40.7749651],[68.1111416,40.7623365],[68.1198211,40.7554203],[68.1283135,40.7489385],[68.144935,40.7359175],[68.1719189,40.7166331],[68.1928593,40.7033754],[68.2102729,40.692337],[68.2249135,40.684813],[68.2654255,40.6691303],[68.337457,40.6352594],[68.3714747,40.6172423],[68.4007903,40.6162115],[68.4088098,40.6155069],[68.4193455,40.6087321],[68.4350413,40.5970301],[68.4590554,40.5913695],[68.4703684,40.5865807],[68.4833502,40.5712947],[68.4962392,40.5750987],[68.5038935,40.5798235],[68.5166358,40.5806389],[68.5237291,40.5810961],[68.5315898,40.5833563],[68.5631389,40.579168],[68.6110891,40.5775465],[68.6412276,40.599495],[68.6628212,40.5993544],[68.6574759,40.6096776],[68.6454213,40.6175847],[68.6322457,40.634427],[68.642672,40.6457477],[68.6484402,40.6706102],[68.6534958,40.6802085],[68.6512424,40.6820127],[68.6463577,40.6859738],[68.6438928,40.6918786],[68.6437642,40.6941313],[68.6188952,40.699976],[68.5844159,40.7082793],[68.5845907,40.7334101],[68.5853895,40.7607487],[68.5858581,40.7802662],[68.5852752,40.7813474],[68.5666698,40.7994819],[68.5623451,40.8105499],[68.5624163,40.826051],[68.5623163,40.8308988],[68.5624681,40.8399438],[68.5635468,40.8464507],[68.5672224,40.849688],[68.5724449,40.85079],[68.5807307,40.8544784],[68.5835558,40.8563667],[68.5853585,40.8581022],[68.5861886,40.8596936],[68.5878902,40.861592],[68.5904453,40.8651426],[68.58963,40.8706357],[68.5885948,40.8778005],[68.5767115,40.8972189],[68.5767213,40.9022854],[68.5767134,40.906637],[68.5788227,40.9115004],[68.5819858,40.9176591],[68.5814446,40.9227854],[68.5821046,40.9249504],[68.5752372,40.9267024],[68.5667057,40.934797],[68.5562727,40.9406199],[68.5527678,40.9432299],[68.5507212,40.9451471],[68.5483144,40.9465793],[68.5398767,40.9456573],[68.5249484,40.9430463],[68.5176497,40.9425324],[68.5175356,40.9466099],[68.5188558,40.9492037],[68.5196724,40.9508584],[68.5159738,40.9524847],[68.5158042,40.9541178],[68.5169692,40.9564577],[68.5150358,40.9586231],[68.5145681,40.961428],[68.5101056,40.9612689],[68.510006,40.9699604],[68.5094674,40.9725678],[68.5065999,40.9730266],[68.498328,40.9733263],[68.4979807,40.9750131],[68.4972887,40.9790347],[68.5000782,40.9831978],[68.5030662,40.989025],[68.5041015,40.9915921],[68.5043215,40.9991595],[68.5074409,41.0038615],[68.5132989,41.0098002],[68.5158416,41.0113262],[68.5265207,41.0203252],[68.5432863,41.0113301],[68.5572394,41.0071776],[68.5678781,41.0098394],[68.5767121,41.0183967],[68.5860385,41.026873],[68.6026901,41.0313488],[68.6080503,41.0300774],[68.6099287,41.0271181],[68.6093233,41.0205134],[68.6107669,41.0104868],[68.6263339,40.998242],[68.6398232,40.9967513],[68.6621918,40.9949212],[68.6739174,40.9873951],[68.6726245,40.9824729],[68.6563244,40.9760372],[68.6353643,40.973906],[68.6278389,40.9685034],[68.6285865,40.9605248],[68.636336,40.9490575],[68.6452034,40.9425654],[68.6560692,40.9471016],[68.6617367,40.9532507],[68.6680284,40.9585123],[68.6794819,40.9626583],[68.6843219,40.9618608],[68.6898792,40.9650406],[68.695794,40.9663348],[68.6976609,40.9673201],[68.7045998,40.9669637],[68.7119089,40.9647508],[68.7199864,40.9686563],[68.7289318,40.9700367],[68.7312898,40.9717415],[68.7328572,40.9733454],[68.735367,40.9744752],[68.7369613,40.9743111],[68.7364196,40.9758483],[68.7381475,40.9760176],[68.7388574,40.9774208],[68.7413418,40.9798676],[68.7413978,40.9787112],[68.7424159,40.9791907],[68.741155,40.9807067],[68.7423692,40.9813554],[68.7440971,40.9800227],[68.7467683,40.9811579],[68.7496451,40.9818842],[68.7486457,40.9825047],[68.7496347,40.9841821],[68.7483645,40.9842385],[68.7471316,40.9852961],[68.7488315,40.9870869],[68.7478989,40.9877122],[68.7482911,40.9886358],[68.7482538,40.9898273],[68.7491878,40.991054],[68.7506915,40.991202],[68.7506542,40.9923934],[68.7509157,40.9934298],[68.7539418,40.9938316],[68.7543154,40.9953472],[68.7546143,40.9965386],[68.7567065,40.9970955],[68.7582196,40.9973352],[68.7561181,40.9989424],[68.7553802,40.999464],[68.7557351,41.000472],[68.7534598,41.0022424],[68.7525243,41.0031188],[68.754439,41.0038448],[68.7555598,41.0046765],[68.7564751,41.0035276],[68.758203,41.0043735],[68.7599776,41.0053743],[68.7607808,41.0066712],[68.7566058,41.0080386],[68.758203,41.0091945],[68.7578574,41.0109283],[68.7560921,41.0100755],[68.7555396,41.0106585],[68.7548686,41.0119713],[68.7532341,41.0113652],[68.7420532,41.0059734],[68.7128299,41.0323034],[68.7160659,41.0398395],[68.7321492,41.0581395],[68.7667477,41.0877825],[68.7798878,41.0962295],[68.7815223,41.0975668],[68.7834154,41.0991525],[68.7843587,41.0993848],[68.7852554,41.1003631],[68.7857224,41.1011091],[68.7896825,41.1047618],[68.7918774,41.1062327],[68.8005865,41.1128839],[68.8022117,41.1142209],[68.8029402,41.1147908],[68.8035663,41.1155373],[68.8088768,41.1182004],[68.8283102,41.1281638],[68.8396565,41.1341283],[68.8580943,41.1424971],[68.8797243,41.1583589],[68.9068447,41.1700616],[68.913774,41.174635],[68.9145762,41.1774317],[68.9146724,41.178329],[68.9143519,41.1794606],[68.9142103,41.1801695],[68.9151193,41.1811689],[68.9224318,41.1823257],[68.9338984,41.186645],[68.9372556,41.190071],[68.9411385,41.1917279],[68.9540861,41.1967832],[68.9590854,41.1989346],[68.9659605,41.2013898],[68.9777618,41.206996],[68.9811024,41.2095908],[68.98486,41.2108169],[68.9893361,41.2138946],[68.9918852,41.2168343],[68.9953688,41.220804],[68.9967877,41.2277218],[68.9974316,41.235746],[69.0013741,41.2386604],[69.0026443,41.2366938],[69.00313,41.2358299],[69.0043816,41.2347202],[69.0048299,41.2339475],[69.0050914,41.2331398],[69.0062963,41.2329361],[69.0075665,41.2324023],[69.0084071,41.2311801],[69.0092197,41.2303582],[69.0099762,41.2295293],[69.0103311,41.2285249],[69.0112745,41.2277873],[69.01247,41.2276608],[69.0133666,41.2271832],[69.0152907,41.2270356],[69.0166823,41.2269303],[69.0181207,41.2260381],[69.0195684,41.2257923],[69.0205397,41.2252373],[69.021838,41.224872],[69.0229121,41.2248861],[69.0245186,41.2243732],[69.0257608,41.2242398],[69.030088,41.2250601],[69.0275122,41.2336926],[69.0289089,41.238197],[69.0282457,41.2407743],[69.0271903,41.2414134],[69.0267046,41.2423756],[69.0249954,41.2434079],[69.0230433,41.2445878],[69.0210305,41.2459015],[69.0240566,41.2478538],[69.0249626,41.2494829],[69.0324813,41.2518424],[69.0391874,41.2544685],[69.0395045,41.2587189],[69.0402891,41.2598282],[69.0408495,41.2610499],[69.0408028,41.2618362],[69.0403358,41.2636827],[69.0402611,41.2646726],[69.0384451,41.2660177],[69.0363623,41.2662915],[69.0348119,41.2666285],[69.0329906,41.2668742],[69.0301699,41.2679343],[69.0286215,41.2686357],[69.0273045,41.2694852],[69.026053,41.2701521],[69.0239702,41.2710085],[69.0219807,41.2719632],[69.0205704,41.2724335],[69.0187865,41.2729249],[69.0176985,41.2732316],[69.0182323,41.2763661],[69.0150518,41.2873445],[69.0148073,41.2926713],[69.0193557,41.2983565],[69.0212092,41.2988199],[69.0230305,41.2984901],[69.0266007,41.2981038],[69.0313846,41.3031457],[69.0382379,41.3030645],[69.0411894,41.3060114],[69.0436551,41.3090072],[69.0442758,41.312591],[69.0398561,41.3230672],[69.0414495,41.3321079],[69.0454631,41.3426676],[69.045582,41.3500048],[69.0426119,41.3508111],[69.0394269,41.3502152],[69.036242,41.3501591],[69.0314039,41.3505657],[69.0249126,41.3515403],[69.0237731,41.3527112],[69.0223067,41.3535315],[69.0225122,41.354499],[69.0218864,41.3552772],[69.0287073,41.3583968],[69.0411714,41.3660187],[69.0431371,41.3654111],[69.0466894,41.3648904],[69.0519165,41.3681445],[69.0544425,41.3685341],[69.0567625,41.3696307],[69.0595717,41.3696957],[69.0620145,41.3713598],[69.0789596,41.377052],[69.0839015,41.3730684],[69.0879492,41.3680276],[69.08656,41.36698],[69.0850294,41.3662287],[69.0837036,41.3654285],[69.0845867,41.3645293],[69.0842791,41.3636564],[69.084875,41.3626657],[69.0841558,41.3625956],[69.083446,41.3621049],[69.0827455,41.3617474],[69.0827922,41.3604926],[69.0821944,41.3597214],[69.081083,41.3597214],[69.0797006,41.3596794],[69.0787164,41.3578682],[69.0809319,41.357779],[69.085703,41.3571691],[69.0966342,41.3586272],[69.0969471,41.3599049],[69.0974048,41.3611667],[69.0977877,41.3621832],[69.0969658,41.3645035],[69.0978064,41.3652255],[69.0978531,41.3666695],[69.0981333,41.3678261],[69.0978157,41.3684709],[69.0988992,41.369284],[69.0994689,41.3696836],[69.0995997,41.3700691],[69.099309,41.3705822],[69.0989516,41.3713868],[69.0993922,41.3716504],[69.0999715,41.3713752],[69.1001409,41.3716689],[69.1005738,41.3716745],[69.1009287,41.3719619],[69.1013854,41.3728278],[69.1010093,41.3736005],[69.1011681,41.3745397],[69.1012709,41.3752686],[69.1013082,41.3758083],[69.1018126,41.3761096],[69.1023543,41.37639],[69.1030641,41.377203],[69.1029614,41.3778828],[69.1032042,41.378899],[69.1037927,41.3795718],[69.1048574,41.3801955],[69.1051328,41.3806724],[69.1055531,41.3814573],[69.1054023,41.3822555],[69.105533,41.3829073],[69.1065884,41.3832436],[69.1075318,41.3840916],[69.1081576,41.3849115],[69.1092597,41.3858926],[69.1099415,41.3864882],[69.1104926,41.3873011],[69.1111183,41.38824],[69.1118282,41.389116],[69.112149,41.3899049],[69.1128495,41.3908999],[69.1137554,41.3914744],[69.1147922,41.3919019],[69.1160718,41.3922592],[69.1170618,41.3922382],[69.118276,41.3921751],[69.119621,41.392042],[69.1207604,41.392035],[69.1216664,41.392077],[69.1225164,41.3917197],[69.1236465,41.3911381],[69.1246926,41.3905986],[69.1259161,41.3899189],[69.127121,41.3892112],[69.1290578,41.3903893],[69.1324379,41.391687],[69.1338219,41.3916709],[69.13556,41.3913892],[69.1362788,41.3916628],[69.1372015,41.3920894],[69.1389825,41.3924838],[69.1395833,41.3919445],[69.1415574,41.3929184],[69.1424908,41.392677],[69.1432419,41.3931438],[69.1452589,41.392838],[69.1461923,41.3933933],[69.1488745,41.3934416],[69.1507216,41.3923994],[69.1517486,41.3868584],[69.1544057,41.3864515],[69.157438,41.3889425],[69.1585502,41.3902121],[69.1598006,41.3914943],[69.1602869,41.3924248],[69.1603414,41.3931617],[69.1612285,41.3940204],[69.1627028,41.3945223],[69.1637696,41.3949264],[69.1652175,41.39487],[69.166347,41.3946657],[69.1673842,41.3953485],[69.1677017,41.3962728],[69.1679587,41.396902],[69.1674532,41.3980946],[69.168587,41.3993356],[69.1702925,41.4004248],[69.1722578,41.4006675],[69.1737045,41.4007381],[69.1752458,41.4021698],[69.174707,41.4031689],[69.1707977,41.4028953],[69.1686519,41.4044641],[69.1671571,41.4064472],[69.1659699,41.4090715],[69.1646669,41.411701],[69.1627678,41.4162846],[69.1617777,41.4190651],[69.160423,41.423892],[69.1570137,41.4256594],[69.1512292,41.4269553],[69.1502345,41.4278882],[69.1504158,41.4296072],[69.1487961,41.4306116],[69.1499179,41.4318989],[69.1511503,41.4299527],[69.1517082,41.4287275],[69.1538738,41.4296478],[69.1538661,41.4311589],[69.1532289,41.4318969],[69.1545018,41.4327875],[69.1561659,41.4339276],[69.1574533,41.4343918],[69.1576629,41.4332862],[69.158846,41.4341616],[69.160859,41.4332193],[69.164882,41.4341165],[69.1671125,41.4353318],[69.1714425,41.4407047],[69.1747936,41.4412091],[69.1749588,41.4401018],[69.1748775,41.4381278],[69.1762319,41.4363651],[69.1787667,41.4375329],[69.1775383,41.4385461],[69.1798644,41.4423227],[69.1805851,41.4444624],[69.1825422,41.4459452],[69.1840826,41.4478809],[69.1859327,41.4485734],[69.1845274,41.4505036],[69.1856433,41.4523748],[69.188117,41.451995],[69.190984,41.4519574],[69.1916961,41.4532571],[69.1939072,41.4543209],[69.1962027,41.4526324],[69.200455,41.4527478],[69.2021053,41.4552439],[69.2041715,41.4548038],[69.2053414,41.4538162],[69.2081402,41.4552042],[69.2095211,41.4571661],[69.2128654,41.4575691],[69.2155676,41.4581948],[69.2177746,41.4594515],[69.2196761,41.4596413],[69.2217214,41.4594734],[69.223302,41.4607773],[69.2259937,41.4626932],[69.2280344,41.4625639],[69.229876,41.4598728],[69.2320903,41.4593258],[69.2345493,41.4586198],[69.2389181,41.4604852],[69.2413213,41.4624985],[69.2447546,41.4625242],[69.2476127,41.4654958],[69.2504318,41.4659426],[69.2519799,41.4637044],[69.2529733,41.4613833],[69.2541699,41.4601264],[69.2546048,41.4595724],[69.2552415,41.4587372],[69.2562938,41.4574496],[69.2583554,41.4554988],[69.2600303,41.4547564],[69.2608153,41.4542315],[69.2615381,41.453871],[69.2618111,41.453233],[69.2628666,41.452512],[69.264315,41.4521099],[69.2652269,41.452118],[69.2662462,41.4522708],[69.2674371,41.4521099],[69.2682954,41.4520778],[69.2698189,41.4522225],[69.2711171,41.452319],[69.27217,41.4517506],[69.273436,41.45126],[69.2765688,41.4505122],[69.2780386,41.4498769],[69.2796587,41.4486948],[69.2811071,41.4474242],[69.2812895,41.4463304],[69.2820682,41.4454302],[69.2836239,41.4451086],[69.2845573,41.4445617],[69.285235,41.4444449],[69.2857496,41.4435398],[69.2862302,41.4426255],[69.2865381,41.4419685],[69.2873409,41.4415156],[69.2896454,41.4416033],[69.2904074,41.442088],[69.2903077,41.4413698],[69.2912256,41.4413174],[69.2908381,41.4403095],[69.2902808,41.4395184],[69.291612,41.4396419],[69.2926064,41.4397926],[69.2931009,41.4389604],[69.2919859,41.4385563],[69.292364,41.4377224],[69.2929369,41.4371367],[69.2941508,41.4378282],[69.2953624,41.4378289],[69.2958819,41.4369804],[69.2957096,41.4365212],[69.2965314,41.4356923],[69.2972085,41.4366223],[69.2973395,41.437433],[69.2994956,41.4375146],[69.299902,41.4368407],[69.3008409,41.4368657],[69.3008963,41.4373807],[69.3009032,41.4390709],[69.3019383,41.4393613],[69.3028144,41.4384134],[69.3033412,41.4388742],[69.3055117,41.4401546],[69.3056335,41.4394426],[69.3059857,41.4385465],[69.3077536,41.4393776],[69.3100018,41.4388755],[69.3112809,41.4396135],[69.3111478,41.4403627],[69.3126976,41.4406837],[69.3140895,41.4400465],[69.3136854,41.4412015],[69.3159429,41.442357],[69.3169493,41.4429313],[69.3181147,41.4445527],[69.3178734,41.4449807],[69.3190135,41.4461067],[69.3202884,41.4467226],[69.3206385,41.4474691],[69.3218917,41.4480067],[69.3224786,41.44877],[69.3224837,41.4494245],[69.3226043,41.4499812],[69.3249197,41.4499195],[69.3263121,41.4498602],[69.3276314,41.4502697],[69.3294017,41.4515272],[69.330685,41.4521301],[69.3318652,41.4531215],[69.3326537,41.4541749],[69.3329033,41.4547615],[69.3348731,41.4558833],[69.3360461,41.4567744],[69.3347279,41.4574543],[69.3368059,41.457499],[69.3374092,41.4590609],[69.3387534,41.4592413],[69.3393877,41.4584574],[69.3414259,41.4591544],[69.3428375,41.4605121],[69.3439241,41.459115],[69.3453257,41.4592531],[69.3455982,41.4620317],[69.3480067,41.4636609],[69.3496197,41.4646686],[69.3518214,41.4656039],[69.3541646,41.4673537],[69.3542719,41.4692775],[69.3546403,41.4726048],[69.3588259,41.4716172],[69.3599264,41.4697122],[69.3657034,41.4680469],[69.3712768,41.4664433],[69.3748545,41.4658137],[69.377648,41.4657264],[69.3799005,41.4653533],[69.3838348,41.4662307],[69.3861738,41.4662835],[69.3902794,41.4666674],[69.394253,41.4677616],[69.3967425,41.4674598],[69.4006353,41.467681],[69.4042709,41.4690258],[69.4064359,41.4698571],[69.4089458,41.4700642],[69.4120467,41.4704281],[69.411038,41.4691264],[69.4120187,41.4680276],[69.4140735,41.4671667],[69.4136438,41.4662289],[69.4159695,41.4662989],[69.4164542,41.4648405],[69.4152307,41.4642596],[69.4165383,41.4634127],[69.4194337,41.4640567],[69.4224692,41.4639237],[69.4234405,41.4630978],[69.425514,41.4621179],[69.4275034,41.4616839],[69.4289418,41.4620899],[69.4304549,41.4618029],[69.4319212,41.4615859],[69.4339293,41.4615649],[69.4345338,41.4610917],[69.4358974,41.4611407],[69.436794,41.4620016],[69.438167,41.4622606],[69.4401564,41.4627786],[69.441408,41.4634785],[69.4429398,41.4635275],[69.4446957,41.4636535],[69.4462368,41.4641014],[69.4483476,41.4642834],[69.4499354,41.4638844],[69.4499177,41.4629793],[69.4518324,41.4625103],[69.4537934,41.4632976],[69.4558482,41.4646204],[69.4578282,41.4655723],[69.4601819,41.4669861],[69.4570503,41.4686818],[69.4583798,41.4717421],[69.454433,41.4850335],[69.4481709,41.4887382],[69.4412742,41.4878945],[69.438312,41.4879702],[69.434684,41.4909757],[69.4320181,41.4936708],[69.4211299,41.4990767],[69.3987684,41.5051121],[69.401618,41.51416],[69.4063679,41.5237342],[69.4143693,41.5307947],[69.4228221,41.5375222],[69.4451213,41.5631621],[69.4659367,41.5644254],[69.4766143,41.558885],[69.4809383,41.551182],[69.492333,41.5495136],[69.4953032,41.5486958],[69.4970217,41.5482624],[69.4996649,41.5479059],[69.5007764,41.5476962],[69.5141483,41.5555876],[69.5269563,41.5628298],[69.5364855,41.5658369],[69.5495377,41.5725355],[69.5377991,41.5782039],[69.540573,41.589958],[69.559661,41.599453],[69.565856,41.614734],[69.5914444,41.6406874],[69.611335,41.6553058],[69.630284,41.6634037],[69.651886,41.669322],[69.665657,41.670463],[69.675582,41.674304],[69.6954453,41.6748126],[69.715408,41.678276],[69.722572,41.686302],[69.7373046,41.6985886],[69.751106,41.699256],[69.7618617,41.6968307],[69.7731144,41.6965572],[69.7789281,41.6982741],[69.7881886,41.7008454],[69.7974742,41.7073453],[69.8130483,41.709322],[69.8201742,41.7117688],[69.8239897,41.7136348],[69.8300347,41.7164432],[69.8391215,41.7204589],[69.8460558,41.7206044],[69.861572,41.713775],[69.8639718,41.7120489],[69.8662921,41.7107627],[69.875747,41.709331],[69.8884152,41.7077397],[69.894317,41.70676],[69.89685,41.7089576],[69.8993725,41.7088034],[69.9017542,41.7093755],[69.9032453,41.7099714],[69.9046962,41.7111599],[69.9067865,41.7120973],[69.9091751,41.7127515],[69.9103905,41.7127397],[69.9114407,41.7130898],[69.9138683,41.7129978],[69.9175419,41.7136868],[69.9208789,41.7155705],[69.9224605,41.7161823],[69.922587,41.7173345],[69.9216115,41.720322],[69.9219078,41.724602],[69.9262005,41.7266309],[69.937251,41.7253562],[69.9576833,41.7337735],[69.9606657,41.7415914],[69.957328,41.750328],[69.9692204,41.7564076],[69.9723596,41.7668544],[69.9820902,41.7789846],[69.9942403,41.7872534],[69.992466,41.8002885],[70.0062925,41.8007046],[70.0213473,41.7915878],[70.023071,41.784729],[70.0362039,41.7761232],[70.0498433,41.7795437],[70.0498044,41.7897882],[70.0539336,41.8018413],[70.0633296,41.8046791],[70.078416,41.8120121],[70.089485,41.8213349],[70.0984482,41.8314261],[70.1084551,41.8382323],[70.1180431,41.8374564],[70.1327759,41.8438983],[70.1418969,41.842269],[70.1481924,41.8375236],[70.157722,41.8494606],[70.1695923,41.8561358],[70.1773441,41.8567566],[70.1829358,41.8690169],[70.1809963,41.8796266],[70.1878544,41.8844683],[70.1951324,41.8900503],[70.1959798,41.9009121],[70.2017712,41.9043807],[70.2141592,41.907242],[70.2273849,41.9172346],[70.223518,41.928379],[70.232933,41.936233],[70.2460428,41.9436367],[70.2594778,41.9500562],[70.2666442,41.9522781],[70.276718,41.954566],[70.2883912,41.9581384],[70.300904,41.9638581],[70.3114436,41.9683432],[70.3208279,41.9700704],[70.3352504,41.9747055],[70.336784,41.9836],[70.330062,41.997066],[70.3320475,42.0194148],[70.3232211,42.0301989],[70.3197688,42.0362893],[70.3257574,42.04052],[70.3328633,42.0454366],[70.3403839,42.0485516],[70.353232,42.0542787],[70.3591687,42.0575832],[70.3722328,42.0643997],[70.3779081,42.0696253],[70.3977191,42.0685713],[70.4110126,42.0761062],[70.41957,42.079917],[70.4433725,42.0915294],[70.4562079,42.0855689],[70.4683361,42.0962957],[70.4754749,42.1070894],[70.4801228,42.1078651],[70.4916214,42.1041807],[70.4989175,42.0993251],[70.5034354,42.0947217],[70.5136164,42.0843132],[70.5348595,42.0819804],[70.5499215,42.0677059],[70.5548009,42.055542],[70.5578989,42.0450939],[70.5524148,42.030368],[70.5676083,42.0220415],[70.5796555,42.0161361],[70.5994951,42.0086927],[70.623252,42.0145916],[70.637809,42.0150337],[70.637325,42.0172218],[70.6367663,42.024798],[70.6474307,42.0385854],[70.655462,42.0535849],[70.6602624,42.0679556],[70.6686158,42.0797409],[70.6792873,42.0906048],[70.6823398,42.1067165],[70.6871709,42.1210878],[70.697193,42.1280119],[70.7064882,42.1297718],[70.7084492,42.1341833],[70.7148966,42.1401938],[70.7258007,42.147815],[70.7243202,42.1536976],[70.7339851,42.1626231],[70.7493646,42.1657782],[70.7555542,42.1709479],[70.7509753,42.1771568],[70.7398171,42.1801542],[70.745918,42.188678],[70.7515897,42.1937084],[70.7691797,42.1986873],[70.7758932,42.2025091],[70.7862115,42.2059787],[70.7938434,42.2094529],[70.8187405,42.2025081],[70.8237552,42.1993848],[70.839187,42.19585],[70.8526401,42.2030494],[70.8661085,42.2118386],[70.883651,42.2106909],[70.8874776,42.2170994],[70.896041,42.2217799],[70.9106927,42.2275603],[70.912498,42.235218],[70.92366,42.2363172],[70.92893,42.2458843],[70.9360173,42.2534792],[70.940628,42.266242],[70.92044,42.266349],[70.890678,42.266483],[70.882331,42.287853],[70.867538,42.302352],[70.8627953,42.3210722],[70.8431254,42.3262516],[70.7934449,42.414204],[70.6913746,42.450403],[70.6513597,42.4876558],[70.6448377,42.4987161],[70.6373471,42.5079513],[70.6277466,42.5161569],[70.5703248,42.5469041],[70.5246562,42.5845016],[70.4661781,42.6333988],[70.3798067,42.6852446],[70.3030577,42.7146963],[70.2118851,42.7440428],[70.2079444,42.8041545],[70.2023905,42.8529692],[70.2359747,42.8842644],[70.2287906,42.9236437],[70.207183,42.9665823],[70.1957827,42.9854836],[70.1859385,42.9981952],[70.1727433,43.0686071],[70.0726706,43.129989],[70.0043516,43.170464],[70.0002584,43.20498],[69.9530857,43.2078768],[69.9047167,43.2295389],[69.8213852,43.2335625],[69.7892713,43.242667],[69.7590938,43.2430672],[69.6565372,43.2557139],[69.6316023,43.2973735],[69.5398953,43.2984718],[69.5280886,43.359369],[69.5382474,43.3952259],[69.4830408,43.4212583],[69.4504879,43.4637579],[69.5220072,43.5158729],[69.6382409,43.7089972],[69.6797653,43.8200512],[69.7336549,43.9874852],[69.716991,44.6539121],[69.4643563,45.3384052],[69.2499637,45.7691513],[67.1673235,45.9943513],[67.2374075,45.8861197],[67.2950137,45.8520296],[67.3260505,45.8028913],[67.3421036,45.7422905],[67.285627,45.6660456],[67.299714,45.6537082],[67.3013877,45.6452483],[67.2916889,45.6430281],[67.2872456,45.635788],[67.2535263,45.5840504],[67.2646843,45.5031385],[67.2374603,45.4237648],[67.2200221,45.3874545],[67.1673643,45.3436487],[67.1679702,45.3038769],[67.2170649,45.2718879],[67.5063496,45.0483973],[67.5085481,44.4670781],[67.5829861,44.2950503],[67.7865918,44.2033319],[68.0042197,44.0629935],[68.0341106,43.9783015],[67.9549507,43.8699847],[67.9353738,43.7061213],[67.865612,43.7360786],[67.8256756,43.5987943],[67.7250358,43.407283],[67.6628628,43.3730742],[67.6655881,43.3572215],[67.6599182,43.3386639],[67.6642737,43.3196721],[67.6802396,43.3097803],[67.6867382,43.3168504],[67.6797622,43.3333993],[67.6842326,43.3535089],[67.7032317,43.3658414],[67.7424708,43.3631952],[67.7466082,43.351374],[67.7330348,43.3581502],[67.7142446,43.3516108],[67.724132,43.3429525],[67.745498,43.334008],[67.7722255,43.3353355],[67.7985302,43.3246518],[67.7910468,43.321219],[67.8012853,43.3003661],[67.8169488,43.2939611],[67.7977443,43.283043],[67.7895084,43.281242],[67.770006,43.2802422],[67.7670783,43.274435],[67.7821343,43.273101],[67.7821368,43.2610431],[67.7867624,43.2564156],[67.8043844,43.2564872],[67.8264458,43.2565377],[67.8282383,43.2485736],[67.8010297,43.2375121],[67.7859032,43.2271532],[67.8088748,43.2253103],[67.8282947,43.2252139],[67.845016,43.2167692],[67.8694976,43.220391],[67.8753469,43.2148424],[67.8616491,43.2027013],[67.8445529,43.192505],[67.8342891,43.184558],[67.2242762,42.9512452],[66.0706756,42.3379411],[66.7091523,41.1425258],[67.5695979,41.167376],[67.965538,41.148967],[67.9688501,41.1394267],[67.9710388,41.1348269],[67.9740803,41.1283573],[67.9757085,41.1240638],[67.977831,41.1185442],[67.9798634,41.112189],[67.9829656,41.1035796],[67.9845573,41.0991366],[67.9877194,41.0855983],[67.9859318,41.0745586],[67.9843869,41.066886],[67.9840496,41.0635503],[67.9849999,41.0566229],[67.985275,41.0489389],[67.9831585,41.0334264],[67.9832556,41.0249304],[68.0079674,41.0226024],[68.0203071,41.0205403],[68.0241961,41.0182803],[68.0237749,41.0237185],[68.0254711,41.0315325],[68.0235787,41.0366555],[68.0299075,41.0392548],[68.0415783,41.0443033],[68.0516731,41.0418405],[68.0587766,41.0601301],[68.0639046,41.0719257],[68.0804193,41.0815395],[68.1009642,41.0680041],[68.112236,41.0669343],[68.1125147,41.0607451],[68.1185612,41.0473671],[68.1266854,41.0441583],[68.1135736,41.0352273],[68.1087045,41.0343739],[68.0852988,41.0285588],[68.0811313,41.0261603],[68.0554949,41.009158],[68.0679812,41.0080318],[68.083659,40.9978647],[68.0787678,40.9946932],[68.0843864,40.9661112],[68.0818216,40.9629211],[68.0715542,40.9533195],[68.0637184,40.9460391],[68.0910646,40.9419187],[68.092033,40.9306267],[68.0804794,40.9232959],[68.0594007,40.9136808],[68.0496078,40.9088224],[68.0341558,40.9034962],[68.0274001,40.8987694],[68.0068325,40.8855794],[68.0061945,40.8620036],[68.0013575,40.8607497],[67.9968214,40.8600954],[67.9934764,40.85994],[67.9903695,40.8595181],[67.9851989,40.8607707],[67.9820925,40.8610481],[67.9796928,40.8612709],[67.9772149,40.8613217],[67.9745863,40.8613267],[67.9727715,40.8619193]]]}},{"type":"Feature","properties":{"id":215743,"name":"Акмолинская область"},"geometry":{"type":"Polygon","coordinates":[[[71.5121348,53.3992084],[71.5142806,53.4011735],[71.5131304,53.403159],[71.5184004,53.4054718],[71.5231636,53.4068795],[71.5295837,53.4084043],[71.5345447,53.4101745],[71.5392482,53.4125279],[71.5437458,53.4141752],[71.5483634,53.4177356],[71.5515392,53.4181653],[71.5551956,53.4176128],[71.5585773,53.418861],[71.5629203,53.4195669],[71.5701644,53.4203239],[71.574497,53.4214232],[71.631932,53.3080792],[71.7029956,53.1490599],[71.6060496,53.0422147],[71.694717,52.957441],[71.7981924,52.8962627],[71.9154773,52.8542158],[72.2019871,52.9898052],[72.4555072,52.9797505],[72.4632109,52.9811658],[72.4679398,52.9807169],[72.4708769,52.9804539],[72.4729368,52.9804849],[72.4751856,52.9811154],[72.4769708,52.9814771],[72.4824125,52.9823453],[72.4864637,52.9835441],[72.4897939,52.9843916],[72.4931585,52.9848463],[72.497141,52.9844742],[72.5023939,52.9851873],[72.5069772,52.985394],[72.5122644,52.9846706],[72.5171739,52.9845776],[72.5217058,52.9841539],[72.5257913,52.985766],[72.5297052,52.9858074],[72.535988,52.9841435],[72.5390093,52.9842676],[72.545807,52.9862414],[72.559025,52.9894965],[72.5629388,52.9907985],[72.5654794,52.9917492],[72.5711443,52.993888],[72.5775816,52.9955411],[72.5828856,52.9971845],[72.5882414,52.9981144],[72.5976999,52.9998087],[72.6047724,53.0016165],[72.6073473,53.0021331],[72.610626,53.0040648],[72.6149808,53.004457],[72.6181394,53.0047256],[72.6227742,53.005521],[72.6275464,53.0055933],[72.6338292,53.0052628],[72.6382752,53.0057482],[72.6462747,53.0072253],[72.6527635,53.0098695],[72.6526261,53.0118422],[72.6549092,53.0130196],[72.6573967,53.0132283],[72.659594,53.0119786],[72.6621861,53.0108941],[72.664658,53.0120406],[72.6688809,53.0124537],[72.6719021,53.0127635],[72.6759533,53.0139202],[72.6776528,53.0149426],[72.6803478,53.0145192],[72.6829056,53.0139409],[72.6855149,53.0125569],[72.6888108,53.0128461],[72.692141,53.0111833],[72.6952652,53.0106256],[72.6996254,53.009727],[72.7034121,53.008066],[72.7079268,53.0077458],[72.7095061,53.0073636],[72.7109995,53.0069092],[72.7170592,53.0063101],[72.7196856,53.006341],[72.7219344,53.0061241],[72.7251616,53.0061758],[72.7274962,53.0061241],[72.7312041,53.007219],[72.7336932,53.0070744],[72.7366286,53.0086548],[72.7360964,53.0103693],[72.7372327,53.0117144],[72.7382798,53.0124786],[72.7411122,53.011859],[72.7433782,53.0121791],[72.7447686,53.0131396],[72.7472062,53.0149676],[72.7490945,53.0155872],[72.7513432,53.0166302],[72.7553086,53.0167335],[72.7594972,53.0179727],[72.7619347,53.0191499],[72.7643552,53.0194597],[72.7668271,53.0197385],[72.7712903,53.0189744],[72.7721658,53.0170846],[72.7731442,53.0155149],[72.7762341,53.0155562],[72.7790837,53.0151018],[72.780869,53.014255],[72.7835297,53.0139658],[72.7887139,53.0145648],[72.7897954,53.0156698],[72.7956319,53.0168368],[72.8010049,53.0176836],[72.8050904,53.0202858],[72.8114934,53.020864],[72.8175874,53.016971],[72.8279557,53.0192842],[72.8336377,53.0201929],[72.8367104,53.0206472],[72.8414998,53.0197695],[72.8444695,53.0198314],[72.8482976,53.0192016],[72.8519025,53.0189434],[72.8549924,53.0181483],[72.8571038,53.0162068],[72.8603139,53.0156285],[72.8629918,53.0171982],[72.868279,53.0178694],[72.8694119,53.0156595],[72.8726735,53.0125613],[72.8759351,53.0113116],[72.8941583,52.9457016],[72.9119156,52.723593],[73.3215999,52.7095346],[73.5198118,52.6221909],[73.54526,52.6024063],[73.9210434,52.5619707],[74.0014177,52.3185544],[73.9998167,52.1203272],[74.0002728,52.0198831],[74.0290862,51.8910565],[73.8365588,51.8062792],[73.825269,51.8137203],[73.8215783,51.8128514],[73.8193788,51.8101584],[73.8159757,51.8080864],[73.8099074,51.8042994],[73.8101864,51.7985041],[73.8098269,51.7955348],[73.8145691,51.7964207],[73.8202661,51.7965667],[73.8215267,51.7947353],[73.8219774,51.7921357],[73.8215804,51.7905165],[73.8179253,51.7902203],[73.8161247,51.7879887],[73.8166333,51.7851057],[73.8161784,51.7817074],[73.8162364,51.7790546],[73.8148126,51.7766315],[73.8139419,51.7747032],[73.8171127,51.7752214],[73.8152416,51.7735113],[73.8152343,51.7724425],[73.816467,51.7704342],[73.8134104,51.7684563],[73.8130619,51.7654858],[73.8098183,51.7629174],[73.8099771,51.7598137],[73.8075181,51.7566034],[73.8021923,51.7548036],[73.7984254,51.7525156],[73.799598,51.7502846],[73.8002128,51.7466518],[73.7997837,51.7439161],[73.7993053,51.7405026],[73.7993889,51.737961],[73.7967742,51.7360655],[73.7988664,51.7323525],[73.7930792,51.7304166],[73.7914549,51.7272956],[73.7941865,51.7217397],[73.7948752,51.7181067],[73.793584,51.7164811],[73.787983,51.7141835],[73.7908895,51.7119525],[73.7903015,51.7099396],[73.7879477,51.7072916],[73.7877835,51.7034999],[73.7906095,51.7003598],[73.7937016,51.698458],[73.7907769,51.6954415],[73.790073,51.6909432],[73.7864639,51.6883878],[73.7898713,51.6877207],[73.7934172,51.6857872],[73.7939633,51.6810376],[73.7958666,51.6787359],[73.7953902,51.6759284],[73.7977699,51.6744647],[73.8006731,51.6735412],[73.8022696,51.6705877],[73.8046106,51.6682661],[73.8045377,51.6650067],[73.8025196,51.6631654],[73.8033167,51.6600249],[73.8004436,51.6560767],[73.7973343,51.6549424],[73.7942165,51.6559649],[73.7881612,51.6524743],[73.7866205,51.6489782],[73.7875475,51.6466216],[73.782257,51.6409172],[73.7853717,51.6338923],[73.7779658,51.6301736],[73.7827546,51.625484],[73.7896268,51.6236975],[73.7962928,51.6232976],[73.8234196,51.6252723],[73.848613,51.6267439],[73.8840654,51.6284017],[73.9055719,51.6300407],[73.9246118,51.6305629],[73.9420926,51.6333422],[73.9584465,51.6365342],[73.9698657,51.6373608],[73.9932681,51.6403503],[74.1704618,51.5790102],[74.1033142,51.5111273],[73.8160367,51.4400183],[73.8099169,51.4369237],[73.8103461,51.4346551],[73.8136763,51.4330391],[73.8109297,51.4315087],[73.8110499,51.4291221],[73.8108349,51.4263831],[73.8072472,51.4257623],[73.8046722,51.4234931],[73.8053932,51.4213201],[73.8055305,51.4185369],[73.8070755,51.4151325],[73.8083801,51.4135586],[73.8100796,51.4102824],[73.812706,51.4096828],[73.8148174,51.4072093],[73.8174953,51.4053889],[73.8175812,51.4036434],[73.8144569,51.4021335],[73.8168945,51.3996703],[73.817667,51.3970892],[73.816843,51.3945615],[73.8120365,51.394765],[73.8104744,51.3934154],[73.8068867,51.3914338],[73.8015823,51.3912517],[73.8017197,51.3896771],[73.7999687,51.3882095],[73.7969303,51.386217],[73.7983551,51.3830459],[73.7981663,51.3812352],[73.794836,51.3816852],[73.7936001,51.3833137],[73.7891884,51.3836779],[73.7839355,51.382553],[73.7854977,51.3813638],[73.7881584,51.3798531],[73.7843304,51.3790067],[73.7827168,51.3771209],[73.7852058,51.3754064],[73.7816868,51.3750207],[73.7742023,51.37501],[73.7708034,51.3733598],[73.7656708,51.3711201],[73.7606239,51.3704342],[73.7565899,51.3684731],[73.7509766,51.3688267],[73.7458954,51.3670798],[73.7458954,51.3643683],[73.741003,51.3636609],[73.7387199,51.3624176],[73.7313385,51.3616137],[73.7271328,51.3627606],[73.725296,51.3612707],[73.7281456,51.3584302],[73.7270641,51.3543674],[73.7228756,51.3523412],[73.7194424,51.3506365],[73.7195282,51.3480419],[73.7158375,51.346573],[73.7119236,51.3462299],[73.7084389,51.3433885],[73.7004223,51.3412331],[73.6984138,51.3378444],[73.6971092,51.3350989],[73.6960449,51.3336082],[73.6935902,51.3310877],[73.6935558,51.3282453],[73.6908264,51.3258962],[73.6880798,51.3248342],[73.690034,51.3226615],[73.6898623,51.3198936],[73.6891785,51.3182043],[73.6868439,51.3159727],[73.6865349,51.3140521],[73.6877022,51.3117129],[73.6866722,51.3098351],[73.6859856,51.307925],[73.6843891,51.3053495],[73.6844406,51.303407],[73.6837196,51.3018722],[73.683445,51.2997793],[73.683754,51.2974073],[73.6825695,51.2947238],[73.6818485,51.2929311],[73.6796856,51.2918684],[73.6774025,51.2898931],[73.6771965,51.2885405],[73.6755657,51.2873595],[73.6752052,51.2850942],[73.6738319,51.2838809],[73.6717377,51.2830649],[73.6698638,51.2814808],[73.6685424,51.2794116],[73.440808,51.2964755],[73.3613542,51.297227],[73.3209355,51.2742451],[73.3174508,51.272849],[73.3140348,51.273096],[73.3120607,51.2733001],[73.3083284,51.2742436],[73.3064916,51.2744476],[73.2825277,51.2743724],[73.2723653,51.2748879],[73.2669923,51.2740825],[73.2034024,51.2883841],[73.1556685,51.2764592],[73.2809197,51.1744051],[73.3218489,51.1204212],[73.3258658,51.120863],[73.3308439,51.1207014],[73.3361139,51.1214772],[73.339324,51.1236752],[73.3416071,51.124063],[73.344697,51.1245155],[73.3472683,51.1259079],[73.4991956,51.1543723],[73.5782275,51.1218219],[73.5771289,51.120098],[73.5731635,51.1186002],[73.5713783,51.1165313],[73.5657649,51.1161757],[73.5613361,51.1155399],[73.5572677,51.1159817],[73.5546413,51.1161326],[73.5534568,51.1136864],[73.5487361,51.1136541],[73.5464874,51.1129536],[73.5447707,51.1134062],[73.5446162,51.1114125],[73.5413718,51.1108521],[73.542419,51.1086319],[73.5421724,51.1068671],[73.5394258,51.1063498],[73.5376233,51.10663],[73.5363359,51.1053474],[73.5341729,51.1046252],[73.5314607,51.1024371],[73.5295038,51.0993111],[73.5263967,51.0976833],[73.5231008,51.0967023],[73.5188779,51.096325],[73.5151014,51.0974138],[73.5111703,51.098481],[73.5082854,51.0979213],[73.5057277,51.0965738],[73.5008868,51.0941804],[73.4978313,51.0913234],[73.4999084,51.0880564],[73.4959945,51.0865252],[73.4937286,51.0843686],[73.4917888,51.0837971],[73.48851,51.0806806],[73.4845962,51.0784698],[73.4848365,51.076701],[73.4836279,51.0738921],[73.4792849,51.0724899],[73.4776713,51.0688764],[73.4763152,51.0657373],[73.4730708,51.0639573],[73.4708735,51.0629324],[73.4667193,51.0617888],[73.4620844,51.0615191],[73.4577414,51.0607747],[73.4564711,51.058304],[73.456351,51.0563295],[73.4527976,51.057074],[73.4482142,51.0559626],[73.4433333,51.0569543],[73.4406553,51.0555085],[73.4383894,51.0531238],[73.4388186,51.0515052],[73.4383551,51.0499944],[73.4343897,51.0507175],[73.4315744,51.0491635],[73.4270598,51.0467461],[73.4272314,51.0436163],[73.4248453,51.0442639],[73.4243818,51.0426234],[73.4218584,51.0403783],[73.4232145,51.0389752],[73.4205023,51.0368811],[73.4170862,51.035359],[73.4150606,51.0331677],[73.4138075,51.0313864],[73.4113184,51.0306955],[73.407147,51.0289249],[73.4028727,51.0274458],[73.3993364,51.0267764],[73.3978601,51.0249733],[73.3943411,51.025362],[73.3889338,51.0249301],[73.3863245,51.0237532],[73.3824278,51.0242175],[73.3799387,51.0244119],[73.3773949,51.0226631],[73.3748095,51.0227354],[73.3721543,51.0224245],[73.3678869,51.0209244],[73.364224,51.0212256],[73.3632218,51.0198937],[73.3611515,51.021284],[73.359128,51.0201642],[73.3560125,51.0191471],[73.3536292,51.0191072],[73.3513374,51.0181522],[73.3528453,51.0204443],[73.3490468,51.0191077],[73.3450713,51.017951],[73.3407196,51.0173245],[73.3387758,51.0152564],[73.3295669,51.0133381],[73.32303,51.0123939],[73.318423,51.0127838],[73.3136053,51.0142432],[73.313708,51.0171158],[73.309007,51.0152352],[73.3067535,51.0159877],[73.3046525,51.0140273],[73.2991851,51.012739],[73.2966906,51.0144504],[73.2935058,51.0115769],[73.2892355,51.0113037],[73.2854554,51.0102772],[73.2836915,51.0113667],[73.2769149,51.009406],[73.2722746,51.0084772],[73.269228,51.0101652],[73.2661951,51.0080279],[73.2600587,51.0063955],[73.2542771,51.0044807],[73.2482235,51.0036462],[73.2434328,51.0024849],[73.2383422,51.0015277],[73.2348963,51.0024942],[73.2296956,51.0011015],[73.2257598,51.0014704],[73.2233318,51.000579],[73.2214477,51.0010655],[73.2144292,50.9998033],[73.2096031,50.9986867],[73.2068141,50.9988168],[73.204003,50.9987147],[73.202531,50.9972322],[73.1976618,50.9981021],[73.1914913,50.9977608],[73.187637,50.9952689],[73.1838854,50.9949661],[73.1794678,50.9938288],[73.1757427,50.9926767],[73.1736625,50.9935718],[73.1715835,50.9931448],[72.9829796,50.8633781],[72.7741074,50.8702243],[72.6865637,50.785739],[72.515538,50.7117558],[72.511546,50.7212043],[72.4753682,50.7369416],[72.4105655,50.6882051],[72.4031678,50.6637952],[72.4287806,50.6385403],[72.4733743,50.6167491],[72.476011,50.6122205],[72.2667959,50.5936902],[72.1170697,50.4452614],[72.0389295,50.4557764],[71.9084542,50.4660253],[71.7209579,50.4452381],[71.8164391,50.5892633],[71.7926256,50.6525022],[71.7356709,50.7543395],[71.5553713,50.7733244],[71.4795174,50.764458],[71.4393594,50.7517007],[71.3401852,50.7014383],[71.0583831,50.5567902],[70.8537108,50.4770094],[70.7703215,50.4166994],[70.6720821,50.2850418],[70.5483173,50.148981],[70.3949592,50.0927371],[70.3490731,50.0790254],[70.3065765,50.0653847],[70.2690779,50.0604556],[70.2324355,50.0501013],[70.2073729,50.0530774],[70.1811087,50.0426053],[70.1665175,50.0427156],[70.1517546,50.0418336],[70.1284087,50.0440385],[70.1139891,50.0600207],[70.1306403,50.0765485],[70.128752,50.0907578],[70.117594,50.1056235],[70.1308119,50.1237864],[70.1366484,50.139082],[70.1491797,50.1548126],[70.1454031,50.1730668],[70.1558745,50.1842797],[70.1732123,50.1986769],[70.1610243,50.2062583],[70.1375067,50.214278],[70.1224005,50.2037313],[70.0927031,50.2007646],[70.0913298,50.2129598],[70.095793,50.2285563],[70.0762236,50.2453552],[70.0645506,50.2572097],[70.0290167,50.244477],[70.010134,50.2465628],[69.9773279,50.236904],[69.739245,50.1955911],[69.7145754,50.1998591],[69.7065646,50.1954022],[69.7013625,50.1958982],[69.6850869,50.189861],[69.6728194,50.1942813],[69.6566832,50.1952703],[69.6384871,50.1969187],[69.6237242,50.1941714],[69.6074164,50.1988966],[69.4855265,50.3615124],[69.2936369,50.3033654],[69.1528482,50.1781493],[68.8519533,50.2053289],[68.6739334,50.2440104],[68.7733508,50.5480601],[68.4778619,50.762904],[68.3305373,50.7232927],[68.1451181,50.6188947],[67.9469577,50.6531909],[67.8927561,50.6554262],[67.9003607,50.6553065],[67.906077,50.6536304],[67.9051329,50.6499952],[67.9023005,50.6461856],[67.9083601,50.6409931],[67.9155699,50.6393819],[67.9166296,50.6354668],[67.9168013,50.6314056],[67.9218996,50.6283675],[67.9204233,50.6238047],[67.916673,50.619731],[67.9226983,50.6173348],[67.9309037,50.6137295],[67.9357102,50.6104289],[67.9365514,50.6065942],[67.9390638,50.6028875],[67.9428918,50.5992484],[67.9430292,50.5953256],[67.9383943,50.5908141],[67.938566,50.5872612],[67.9358008,50.5831089],[67.9343588,50.5801986],[67.9386847,50.5757619],[67.9348052,50.5720879],[67.9351865,50.5673615],[67.9360277,50.5596412],[67.9355055,50.5559324],[67.9341665,50.5534566],[67.9320379,50.5526713],[67.9323297,50.5493774],[67.9304071,50.5492028],[67.9282957,50.5471849],[67.9251543,50.5470213],[67.9231458,50.5450032],[67.9222017,50.5433996],[67.9181505,50.5426033],[67.9193521,50.5399741],[67.9183221,50.5377594],[67.9150091,50.5350426],[67.9120565,50.5334714],[67.9087091,50.5316928],[67.9061342,50.5303507],[67.8999372,50.5278736],[67.8946844,50.5269679],[67.8902727,50.5255383],[67.886582,50.524065],[67.8824106,50.5237048],[67.879046,50.5221332],[67.8771406,50.5192628],[67.8716474,50.518477],[67.8692785,50.5181495],[67.8660856,50.5170471],[67.8625837,50.5154535],[67.8568674,50.5136415],[67.853108,50.5121896],[67.8498808,50.510574],[67.8461557,50.5075828],[67.8439413,50.5047661],[67.8424478,50.5015998],[67.8394437,50.5007699],[67.8358389,50.4990447],[67.8328863,50.497112],[67.8311697,50.4967953],[67.8287836,50.4962712],[67.8224149,50.4955068],[67.8185354,50.4937595],[67.8145872,50.492176],[67.8098836,50.491073],[67.803927,50.4898717],[67.8014036,50.489413],[67.7964941,50.4885611],[67.7911897,50.4874689],[67.7866407,50.4860927],[67.7822805,50.4844544],[67.7800661,50.4858525],[67.7765642,50.487043],[67.7718092,50.4867808],[67.7655607,50.4871413],[67.7632261,50.4878621],[67.7585397,50.488015],[67.7537675,50.4883536],[67.7511583,50.4891181],[67.7469183,50.4896969],[67.7385412,50.488998],[67.7290871,50.4866335],[67.7266667,50.4836845],[67.717912,50.4851481],[67.7139294,50.4853884],[67.7061188,50.4874745],[67.6983426,50.4866991],[67.6926606,50.4875728],[67.6890557,50.4860984],[67.6855881,50.4863933],[67.684438,50.4869284],[67.6822579,50.4866554],[67.678859,50.486852],[67.6765072,50.4853993],[67.6735547,50.4834879],[67.6692631,50.4816965],[67.6668942,50.4822645],[67.6649544,50.4834551],[67.6592209,50.4837282],[67.6553757,50.484034],[67.6543114,50.4832257],[67.6532986,50.4818822],[67.6475995,50.4814343],[67.6444066,50.4819259],[67.6352227,50.4834551],[67.629781,50.483477],[67.6238587,50.4838592],[67.614177,50.486295],[67.608598,50.4867537],[67.6051648,50.4871578],[67.6031392,50.4856724],[67.5973885,50.4863168],[67.5939896,50.4891128],[67.5885651,50.4902923],[67.582042,50.4924765],[67.5763256,50.4922362],[67.5697853,50.4924874],[67.5649445,50.4932737],[67.5610821,50.4916138],[67.557872,50.4888834],[67.5543187,50.4848969],[67.5479329,50.4851918],[67.5428173,50.4847767],[67.5398476,50.4832476],[67.5373585,50.4831711],[67.5370152,50.4820788],[67.5342514,50.4813688],[67.531213,50.4809537],[67.5297024,50.479632],[67.5261319,50.4787799],[67.5231621,50.4776438],[67.5212052,50.4777421],[67.5155575,50.4762892],[67.511781,50.4765186],[67.5046914,50.474869],[67.5017388,50.47429],[67.4956448,50.4732521],[67.4915249,50.4729789],[67.4833367,50.4720612],[67.4758522,50.4697559],[67.4750283,50.4679094],[67.4788563,50.4633528],[67.4809506,50.4595936],[67.4811566,50.4568724],[67.483165,50.4554297],[67.4852078,50.4527738],[67.4887268,50.4508064],[67.1852468,50.3941138],[67.1096947,50.431219],[67.0766971,50.5044254],[67.0946191,50.5461907],[67.1006409,50.576238],[67.1099909,50.6224148],[66.7244936,50.6115003],[66.2406361,50.8273718],[66.1095527,50.7981981],[66.0842829,50.829399],[66.0030239,50.9387144],[65.9417166,50.9425541],[65.8155567,50.8810618],[65.7960836,50.8605566],[65.7635154,50.8521148],[65.7338539,50.8519138],[65.7000536,50.8451036],[65.6708893,50.8471933],[65.6427759,50.8388884],[65.6226523,50.8272413],[65.6142102,51.0061124],[65.5606566,51.1362401],[65.3980736,51.3133619],[65.569161,51.5833816],[65.5177608,51.7956846],[65.8496995,52.0808059],[65.8545958,52.0930609],[66.0308591,52.4406269],[66.0550904,52.4467828],[66.099972,52.4354589],[66.213023,52.3514594],[66.2854074,52.3437324],[66.3560675,52.3605968],[66.4334087,52.3654384],[66.5554765,52.3270245],[66.562873,52.3021116],[66.5562543,52.3012003],[66.544166,52.2933482],[66.5412528,52.2859173],[66.7005319,52.2778503],[66.7699274,52.2810117],[66.8325705,52.2594929],[66.9550703,52.2472239],[66.9853627,52.2506128],[67.0195078,52.2448658],[67.035758,52.2442871],[67.1024089,52.2546757],[67.1298747,52.2491716],[67.1577912,52.2426026],[67.2642212,52.2153967],[67.2957866,52.2264963],[67.2959734,52.2667293],[67.2955442,52.3103972],[67.29562,52.3190324],[67.2956289,52.3488075],[67.2956617,52.3926852],[67.2976379,52.4283333],[67.3687065,52.4288136],[67.4208017,52.4289105],[67.4492164,52.4274603],[67.6767152,52.3619859],[67.7506678,52.3365962],[67.8591195,52.2739853],[67.8819058,52.3362681],[67.9110621,52.3745148],[67.9635153,52.3533923],[67.9814962,52.3558327],[67.9943656,52.4019977],[68.0413361,52.4519147],[68.0495769,52.4619503],[68.0384063,52.4838286],[68.0075094,52.4834308],[67.9928842,52.5074913],[67.9893229,52.5347658],[68.1428253,52.5503883],[68.1552254,52.5741639],[68.1655839,52.5934643],[68.1769089,52.5943503],[68.1850649,52.5920379],[68.1880848,52.5872823],[68.1925214,52.583288],[68.20576,52.5850088],[68.218091,52.5917904],[68.2254926,52.6009245],[68.2281076,52.6067373],[68.3007737,52.6061031],[68.3471034,52.6296413],[68.398402,52.670391],[68.4139671,52.7061338],[68.414791,52.7074963],[68.4125938,52.70837],[68.4097785,52.7096492],[68.4078559,52.7106164],[68.405178,52.7120308],[68.4023971,52.7149218],[68.4021911,52.7168559],[68.4051437,52.7173654],[68.4076328,52.71853],[68.410242,52.7187276],[68.4123706,52.7196738],[68.4166793,52.719861],[68.4185676,52.7209631],[68.4225673,52.7228346],[68.4254512,52.7237496],[68.4274425,52.7250803],[68.4281291,52.7258913],[68.4304809,52.7267333],[68.4323348,52.7275546],[68.4348411,52.7284175],[68.4372443,52.7286982],[68.4404887,52.7296961],[68.4455184,52.7320974],[68.4477844,52.7330745],[68.4499301,52.73243],[68.4520244,52.7332512],[68.4534663,52.7341867],[68.4547023,52.735039],[68.4570026,52.7360057],[68.4585132,52.7373984],[68.4613284,52.7386768],[68.4633025,52.7395395],[68.4659937,52.7403209],[68.4692209,52.7417032],[68.4716929,52.7433452],[68.4750574,52.7452261],[68.4768599,52.7465043],[68.4811514,52.7483019],[68.4820955,52.7496216],[68.4863012,52.7515438],[68.487726,52.7542763],[68.4894941,52.7564269],[68.4938643,52.7555357],[68.5738941,52.7819748],[68.6807452,52.8127481],[68.6404863,52.8627135],[68.6620774,52.8780325],[68.6526715,52.9025996],[68.6449504,52.9212104],[68.6266054,52.9591296],[68.6709145,52.9965319],[68.7413539,53.031108],[68.7785231,53.0848993],[68.7710622,53.0927788],[68.7188089,53.1058596],[68.7466955,53.1638517],[68.7278408,53.2068806],[68.7060615,53.266567],[68.663795,53.2739935],[68.6414605,53.2754387],[68.6171944,53.2722265],[68.5937246,53.269524],[68.5561297,53.3069295],[68.5059883,53.4081269],[68.5626275,53.4850091],[68.6495561,53.5051556],[68.6979389,53.5517926],[68.7697821,53.5678136],[68.7306969,53.6418754],[68.896932,53.6315738],[68.9485346,53.6149388],[69.1348287,53.6773459],[69.1345815,53.5968033],[69.2702158,53.5605229],[69.3278793,53.5102447],[69.4277095,53.5503462],[69.4108408,53.5511142],[69.3843465,53.5728514],[69.4265817,53.6027235],[69.4550594,53.6351136],[69.4991727,53.6493295],[69.6313296,53.6798467],[69.6346408,53.6784424],[69.6355165,53.6778113],[69.6373757,53.6781588],[69.6385318,53.6794056],[69.6396921,53.6797199],[69.6422286,53.6799294],[69.643898,53.6808952],[69.6439756,53.6822084],[69.6440447,53.6839201],[69.6462852,53.6839361],[69.6473118,53.6818208],[69.6471213,53.6801854],[69.6477338,53.6792293],[69.6488468,53.6784756],[69.6513897,53.6796433],[69.6538304,53.6796449],[69.6557975,53.6801354],[69.6570053,53.6815228],[69.6591794,53.68186],[69.6618754,53.6810476],[69.6617849,53.6796628],[69.6597166,53.6779108],[69.6840025,53.6681034],[69.8019943,53.6683101],[69.814863,53.6324862],[69.8395572,53.5962616],[69.8708603,53.5196004],[69.9781843,53.5230269],[70.0731616,53.5082337],[70.0735596,53.4693069],[70.0645089,53.4311095],[70.0297028,53.42638],[70.0132206,53.3799677],[70.1389978,53.3598045],[70.2556044,53.3399075],[70.3665717,53.2199178],[70.447065,53.2787464],[70.5837252,53.3341175],[70.6369704,53.4304036],[71.0228543,53.4279745],[71.0117407,53.3309679],[71.1479267,53.3164754],[71.153437,53.3169779],[71.159119,53.3173573],[71.1633247,53.3181469],[71.1706718,53.317265],[71.1790037,53.3172789],[71.1873292,53.3168995],[71.1961011,53.3153305],[71.2006502,53.3144793],[71.207551,53.313064],[71.2155332,53.3106231],[71.2245156,53.3104138],[71.2307125,53.3077983],[71.2372872,53.3061879],[71.2440506,53.3045364],[71.2509342,53.3054904],[71.2558024,53.3057085],[71.2633383,53.3088062],[71.2670977,53.3103242],[71.2702563,53.3129702],[71.274668,53.3136881],[71.2774832,53.3162827],[71.277981,53.3193284],[71.2853796,53.3234299],[71.2889265,53.3257011],[71.2947287,53.326552],[71.3015265,53.3272492],[71.305097,53.3271569],[71.3094357,53.3267146],[71.3145683,53.3268376],[71.3173836,53.326366],[71.3224991,53.3283037],[71.3261555,53.3303643],[71.329726,53.3316663],[71.3350304,53.3333474],[71.3387039,53.3344238],[71.342944,53.3352848],[71.3489626,53.3364526],[71.3537348,53.3384514],[71.3548678,53.3405935],[71.3583353,53.3417619],[71.3654249,53.3430942],[71.3974055,53.3556469],[71.4036024,53.3619781],[71.4038217,53.3703031],[71.4072893,53.3711839],[71.4093836,53.3710507],[71.410053,53.373181],[71.4136923,53.3749629],[71.4134004,53.3768677],[71.4169023,53.3792946],[71.4202841,53.3800728],[71.4244039,53.3801855],[71.4258459,53.3802367],[71.4258974,53.3820286],[71.4289358,53.3840149],[71.4324377,53.385264],[71.4366777,53.3863595],[71.4426687,53.38724],[71.444763,53.3882228],[71.44993,53.3898506],[71.4519556,53.3906593],[71.459234,53.3914271],[71.4639719,53.3918571],[71.4679029,53.3909357],[71.4717138,53.3920209],[71.4749925,53.3925532],[71.4803655,53.3937508],[71.4850519,53.3942934],[71.4899099,53.3968114],[71.5006044,53.3976712],[71.5089592,53.397821],[71.5121348,53.3992084]]]}},{"type":"Feature","properties":{"id":215760,"name":"Северо-Казахстанская область"},"geometry":{"type":"MultiPolygon","coordinates":[[[[69.6580286,53.6772727],[69.731484,53.6683933],[69.8021965,53.6468509],[69.8401888,53.6303253],[69.8393092,53.545935],[69.9135414,53.5241041],[70.0330313,53.5092579],[70.0718137,53.495606],[70.0700792,53.4342528],[70.0517753,53.4298156],[70.0084026,53.418792],[70.0092217,53.3607382],[70.2091625,53.3678819],[70.2959228,53.291552],[70.4564358,53.2443925],[70.516231,53.3318612],[70.5833426,53.3943914],[70.8399083,53.4293384],[71.0442458,53.3896939],[71.1458274,53.3286205],[71.1494888,53.3168241],[71.1558403,53.3169984],[71.1607326,53.3180136],[71.166449,53.3179419],[71.1754846,53.3170943],[71.1841707,53.3170533],[71.1932516,53.3154946],[71.199191,53.3148382],[71.2030019,53.314346],[71.2115678,53.312264],[71.2192456,53.3103522],[71.2281033,53.3085266],[71.2344719,53.3068239],[71.2406174,53.3046185],[71.2473637,53.3049365],[71.253073,53.3059137],[71.2598021,53.3074112],[71.2652609,53.3091959],[71.2678873,53.3117805],[71.2722132,53.3130523],[71.2761786,53.3146419],[71.2772257,53.3181696],[71.2830107,53.3220662],[71.2871069,53.3247475],[71.2919821,53.3267776],[71.2992777,53.3266546],[71.3031744,53.327362],[71.3076847,53.3264685],[71.3108604,53.3271657],[71.3159416,53.3266941],[71.3195637,53.3276271],[71.3243015,53.3295647],[71.3287647,53.3305591],[71.331374,53.3324659],[71.3372963,53.3337062],[71.3413818,53.3344955],[71.3469265,53.3363816],[71.3526533,53.3375392],[71.3552626,53.3397941],[71.3555372,53.3413314],[71.3611677,53.3414954],[71.3831919,53.3471627],[71.4033449,53.3601752],[71.4031733,53.3688923],[71.4058817,53.3713785],[71.4085424,53.3707127],[71.4092291,53.3724334],[71.4132631,53.3741846],[71.4142244,53.3757105],[71.4137094,53.3777176],[71.4187048,53.379612],[71.42152,53.3797759],[71.4253137,53.3798988],[71.4253652,53.3809227],[71.4289015,53.3833187],[71.4303091,53.3847931],[71.4349783,53.3853869],[71.4406431,53.3870557],[71.4437502,53.3875983],[71.4463079,53.3892671],[71.4518011,53.3900758],[71.4558523,53.3906798],[71.4622381,53.3910995],[71.4674223,53.3914476],[71.46998,53.3911917],[71.4735849,53.392502],[71.4788378,53.3927579],[71.4828375,53.3936997],[71.4860475,53.3956752],[71.4951628,53.3977121],[71.5063207,53.3979168],[71.5104599,53.3978525],[71.5141776,53.4001808],[71.5131133,53.402023],[71.5150359,53.4046122],[71.5209067,53.4063007],[71.5274551,53.4084043],[71.5324504,53.4090285],[71.5367076,53.4109112],[71.5413082,53.4133567],[71.5478313,53.4164568],[71.5496166,53.4184927],[71.5532215,53.4179198],[71.557101,53.4180221],[71.5600193,53.4192702],[71.5655468,53.4195259],[71.5731857,53.4211014],[71.6107581,53.3762393],[71.7387331,53.2127292],[71.7099756,53.0997095],[71.6473475,52.9853218],[71.7618595,52.9412709],[71.8522168,52.8805117],[72.2033974,52.89206],[72.4520818,52.9785891],[72.4597044,52.9804878],[72.4657426,52.9809546],[72.4696924,52.9802679],[72.4716837,52.9803092],[72.4735719,52.9807536],[72.4761297,52.9812911],[72.4787733,52.9816838],[72.4849531,52.9835855],[72.4876653,52.9839575],[72.4910814,52.9848153],[72.4952528,52.9847326],[72.499613,52.9846293],[72.5040933,52.985239],[72.5091573,52.9847326],[72.5152857,52.9849806],[72.5195429,52.9844846],[72.5240576,52.9839368],[72.527405,52.9863344],[72.5327436,52.985022],[72.5374643,52.9838955],[72.5412752,52.9858384],[72.5507681,52.9867065],[72.5608446,52.9904059],[72.5645181,52.9912532],[72.5676939,52.9924518],[72.5741312,52.9948592],[72.5809115,52.9961927],[72.5848597,52.9976288],[72.5911425,52.9987962],[72.6009787,53.0005318],[72.606489,53.0019471],[72.6091154,53.0035586],[72.613453,53.0042814],[72.6171266,53.0049529],[72.6204568,53.0052214],[72.6245423,53.0058205],[72.6308251,53.0052421],[72.635975,53.0057792],[72.6413651,53.0063473],[72.6494847,53.0086094],[72.6528665,53.0105408],[72.6540166,53.0126684],[72.656025,53.0132158],[72.6587357,53.0124743],[72.660933,53.0109148],[72.6628384,53.0116687],[72.6668209,53.0121128],[72.6703572,53.012402],[72.6749749,53.0136104],[72.6765026,53.0146741],[72.6794895,53.0149013],[72.6816868,53.014798],[72.684708,53.0133522],[72.6875405,53.0128978],[72.6908535,53.0116894],[72.6937546,53.0106463],[72.6963467,53.0102641],[72.701335,53.0091918],[72.7051287,53.0078594],[72.7084761,53.0072707],[72.7109481,53.0072913],[72.7133341,53.0062068],[72.7182265,53.0061448],[72.7209559,53.006341],[72.7229472,53.0059795],[72.7259513,53.0065786],[72.7287665,53.0065993],[72.7322684,53.0068472],[72.7351351,53.0076219],[72.7361308,53.0092228],[72.7362166,53.0114434],[72.7381082,53.011735],[72.7404427,53.0123237],[72.7421422,53.0120552],[72.7445455,53.0122721],[72.7451634,53.0141104],[72.7479443,53.0156698],[72.7496266,53.0162172],[72.7535405,53.0165063],[72.7569566,53.0171879],[72.7601666,53.0186852],[72.7633252,53.0196249],[72.764853,53.0198934],[72.769093,53.0194804],[72.771462,53.0183135],[72.7722688,53.0161965],[72.7752728,53.0153187],[72.7774014,53.0152464],[72.779633,53.0147094],[72.7824483,53.0146474],[72.7866883,53.0139452],[72.7900872,53.0151225],[72.7919583,53.0162688],[72.7978463,53.0171569],[72.8030648,53.0192738],[72.8081288,53.0203374],[72.8150468,53.0176113],[72.8218446,53.0181896],[72.8299298,53.0195836],[72.834702,53.0198624],[72.8400922,53.0199863],[72.8427014,53.0198314],[72.8459458,53.0193255],[72.849688,53.0193771],[72.8539281,53.0186336],[72.8560223,53.0166715],[72.8578934,53.0156492],[72.8619103,53.0161862],[72.8662019,53.0179934],[72.8688283,53.0171776],[72.8705621,53.0133978],[72.8748193,53.0121688],[72.8770509,53.0108985],[72.930057,52.9095167],[73.1181476,52.7300664],[73.4913738,52.6658848],[73.5275891,52.6079072],[73.7374448,52.5978182],[73.8349317,52.6270041],[73.6896162,52.6740858],[73.6695178,52.6933282],[73.6730712,52.6931825],[73.6762469,52.6928496],[73.6790279,52.6926415],[73.6837657,52.6930265],[73.6884006,52.6934634],[73.6910098,52.6945766],[73.6946662,52.6978745],[73.6977046,52.6998094],[73.6999877,52.7019211],[73.7007945,52.7053224],[73.6989406,52.7101691],[73.7026485,52.7167519],[73.7074378,52.7197153],[73.7130855,52.7190707],[73.7165015,52.7152545],[73.716759,52.7117707],[73.7226204,52.7108675],[73.7747993,52.6983246],[73.920166,52.6818841],[73.9174514,52.7560213],[73.9849214,52.7950458],[73.98464,52.8203965],[74.0162782,52.8720267],[73.9403589,52.9168092],[73.8561986,52.9010455],[73.7585855,52.8117596],[73.7545888,52.8115841],[73.7526147,52.8118331],[73.7499539,52.8125075],[73.7508809,52.8135036],[73.7518594,52.8140639],[73.7510011,52.8151014],[73.7497136,52.8156513],[73.7480313,52.8163567],[73.746246,52.8171763],[73.7451646,52.8164812],[73.7456109,52.8180582],[73.7476193,52.8182864],[73.7464692,52.8194587],[73.7511559,52.8197889],[73.6883613,52.7982227],[73.622734,52.8641291],[73.6678106,52.9327595],[73.5233607,52.9397203],[73.5051082,52.9379316],[73.5045417,52.9395662],[73.5070479,52.9430214],[73.5075972,52.9453074],[73.5130217,52.948607],[73.5125239,52.9503964],[73.5090049,52.9509859],[73.5102408,52.9539231],[73.5153048,52.9538093],[73.5234588,52.9501585],[73.5348399,52.9517202],[73.5408995,52.9562603],[73.5579724,52.9714981],[73.5902744,53.0185761],[73.7757719,53.1657353],[73.6527467,53.2079436],[73.5485375,53.1546099],[73.4329487,53.12576],[73.430319,53.1266161],[73.4310771,53.1367691],[73.4274738,53.1430267],[73.4218073,53.1461646],[73.4217771,53.1502444],[73.4214791,53.1538485],[73.4211412,53.1520747],[73.4187354,53.1542726],[73.4163161,53.1545415],[73.4155804,53.1493853],[73.4184143,53.145499],[73.4203722,53.1417538],[73.4237931,53.1387988],[73.4174736,53.1406225],[73.4124424,53.1478105],[73.4093068,53.1553723],[73.4075665,53.1598782],[73.4059116,53.1656872],[73.4057126,53.1732874],[73.4065622,53.1881738],[73.4105264,53.2047298],[73.4097858,53.2127319],[73.4120332,53.2314143],[73.415796,53.2518304],[73.4205345,53.2663849],[73.4282803,53.2855487],[73.5897802,53.2818775],[73.518693,53.3570649],[73.3627317,53.4679249],[73.2933654,53.5549445],[73.2661683,53.6211835],[73.2842153,53.675164],[73.3483593,53.7413369],[73.4301088,53.8237052],[73.6311512,53.8632043],[73.7209888,53.9330178],[73.7035689,54.066005],[73.6527863,54.0482605],[73.6086928,54.0075407],[73.5207595,53.9660119],[73.4572676,53.9639815],[73.3311804,53.9439635],[73.2473943,53.957184],[73.0675043,53.995769],[72.9883961,54.0792498],[72.7235851,54.1226635],[72.5410346,54.0643458],[72.6202596,54.0470411],[72.7171033,53.9754022],[72.7142765,53.9509049],[72.5939655,53.9717184],[72.4865985,53.9008316],[72.4035593,53.9266844],[72.4127469,53.99278],[72.3971382,54.0514063],[72.3781347,54.1088719],[72.4897295,54.1080479],[72.5152845,54.1127083],[72.2991178,54.1868233],[72.3349328,54.2392257],[72.2358692,54.3347568],[72.0525048,54.3378419],[72.1356254,54.3051787],[72.0984852,54.2442742],[72.219806,54.1828681],[72.089339,54.178729],[71.8856391,54.2312019],[71.7519675,54.2537612],[71.7310161,54.197507],[71.7572408,54.1533635],[71.6098641,54.1157697],[71.3000684,54.1851267],[71.1951657,54.103862],[71.0928254,54.1891087],[70.9960813,54.2752359],[71.2043012,54.3318674],[71.2000382,54.407584],[71.172041,54.500574],[71.1695999,54.5488158],[71.2914173,54.6183869],[71.2108093,54.7003687],[71.0753342,54.7300895],[71.0255534,54.7995853],[70.9991927,54.8541552],[70.9612863,54.8944283],[71.0045059,54.9612819],[70.9877128,55.0005712],[71.0200743,55.0855568],[70.9251984,55.1670979],[70.8076873,55.2924545],[70.4754099,55.2803711],[70.3596809,55.2070154],[70.2845321,55.1874558],[70.2061042,55.1455485],[70.0578511,55.2090505],[69.900819,55.255705],[69.78568,55.3288711],[69.7355154,55.3466184],[69.5391033,55.3370662],[69.5343021,55.3366665],[69.5311403,55.3366018],[69.5275998,55.3372365],[69.5243007,55.337491],[69.5170995,55.3386742],[69.5091784,55.3386838],[69.5046326,55.3394349],[69.4998035,55.3393166],[69.494173,55.3385276],[69.4878688,55.3387027],[69.4827704,55.3406437],[69.4717074,55.3416214],[69.448388,55.3517983],[69.4259805,55.3498338],[69.419814,55.3525547],[69.4136642,55.3504052],[69.4070506,55.3515003],[69.403707,55.3562615],[69.4184103,55.3695174],[69.4143675,55.3827442],[69.4097197,55.3844659],[69.403759,55.3849593],[69.3989375,55.3857052],[69.3802469,55.3842921],[69.3776325,55.3856862],[69.3708605,55.3842527],[69.3630284,55.3869465],[69.3562264,55.3844429],[69.3525154,55.3809625],[69.3410629,55.3640821],[69.3378442,55.3632467],[69.3332405,55.3636831],[69.3307857,55.3600769],[69.3328436,55.3574883],[69.2337595,55.3359751],[69.1299741,55.3989305],[68.9323768,55.4418421],[68.9861755,55.3343929],[68.9571298,55.3265508],[68.8514899,55.3426181],[68.7106558,55.3496154],[68.7143153,55.3252512],[68.7027128,55.3138257],[68.7055745,55.3018295],[68.6965312,55.2927748],[68.6694226,55.2755771],[68.6200529,55.1983208],[68.5256873,55.2050911],[68.4452769,55.1967207],[68.3042014,55.2035308],[68.2097635,55.1776087],[68.253131,55.1133738],[68.2873464,55.079743],[68.3122576,55.0671514],[68.2370911,55.0291505],[68.2354337,55.0140505],[68.2271587,54.9771494],[68.0936406,54.9562798],[67.8196689,54.9712675],[67.7731176,54.8858934],[67.6407103,54.8647891],[67.5590355,54.8454778],[67.5167917,54.8617974],[67.3451644,54.8675641],[67.2576624,54.8217383],[67.1303186,54.8078525],[67.0778932,54.8048591],[67.0497618,54.7798159],[67.0232803,54.7821343],[66.9324488,54.7863446],[66.8572673,54.7775315],[66.6804418,54.7422593],[66.4831092,54.7188929],[66.3063176,54.6885137],[66.1282949,54.6519565],[66.0743402,54.6088887],[66.0857912,54.5518124],[66.0993203,54.51266],[66.0856096,54.4732525],[66.0877659,54.4163911],[66.1039081,54.3956395],[66.1408302,54.3400848],[66.1656545,54.3064407],[66.1598023,54.2878001],[66.0848389,54.2597734],[66.1090494,54.2184289],[66.1787668,54.1888199],[66.2694824,54.1804477],[66.308203,54.1165448],[66.2259673,54.0875809],[66.1256574,54.0655553],[66.0342127,54.0283115],[65.9691971,54.0022862],[65.9710187,53.9810037],[66.0148594,53.9306431],[66.034932,53.8751142],[66.0714574,53.8041975],[66.1296112,53.8051836],[66.1609761,53.8055253],[66.1710751,53.805696],[66.1781152,53.8057755],[66.17821,53.7926848],[66.176424,53.7581852],[66.1758257,53.7473204],[66.1748855,53.7207768],[66.1736502,53.6974198],[66.1719467,53.6680914],[66.1369714,53.6517074],[66.1049581,53.6103193],[66.1058513,53.5720299],[66.1082692,53.5322687],[66.1393931,53.503125],[66.2483794,53.5002502],[66.2484581,53.447097],[66.2491579,53.4045327],[66.2492395,53.3553184],[66.2551823,53.2561234],[66.2559221,53.2113004],[66.399366,53.1448644],[66.3716971,53.0926336],[66.2764794,53.1029292],[66.2315005,53.1082189],[66.1991914,53.1111183],[66.1425761,53.0802765],[66.0791599,53.0670898],[66.0523799,53.0475542],[66.0523397,53.0441552],[66.0688249,52.9842262],[66.1113682,52.9783274],[66.2305274,52.9735464],[66.3170496,52.9490147],[66.3092323,52.9019956],[66.158252,52.8920958],[66.1220834,52.8495299],[66.1246842,52.817109],[66.0971632,52.7633637],[66.0197731,52.7431424],[66.0166597,52.6713865],[66.0141925,52.6134628],[66.0105425,52.5262251],[66.0089372,52.482522],[66.032952,52.4410467],[66.0605167,52.4480618],[66.1185702,52.4216232],[66.2227101,52.3442926],[66.3005436,52.3473129],[66.3575096,52.3607033],[66.4431298,52.3661874],[66.5643232,52.3043959],[66.5623079,52.3017661],[66.5554293,52.3009182],[66.5430023,52.2919678],[66.5413966,52.2816276],[66.7051688,52.2779651],[66.7784461,52.2814202],[66.8638524,52.2531427],[66.9665521,52.2485941],[66.9894184,52.2496133],[67.0215338,52.2445237],[67.0564446,52.2440175],[67.1053701,52.2545312],[67.1371703,52.24682],[67.1673184,52.2402113],[67.2697358,52.2138321],[67.2956793,52.2270483],[67.2958446,52.2711938],[67.2955657,52.3110138],[67.2954044,52.3265312],[67.2955832,52.3535925],[67.2957041,52.4052926],[67.2997629,52.4282892],[67.372247,52.4287907],[67.4261128,52.428227],[67.4683808,52.4274699],[67.6835337,52.3608184],[67.7739393,52.3231749],[67.8601205,52.274838],[67.8794624,52.337144],[67.911743,52.3755124],[67.9675963,52.351188],[67.9669831,52.3624143],[67.9980467,52.4059218],[68.0449437,52.4555527],[68.0491798,52.4629898],[68.0276593,52.4837301],[67.9988395,52.4833453],[67.9922551,52.5164612],[67.9892428,52.5386813],[68.1432905,52.5510355],[68.1577512,52.5796959],[68.1662142,52.5935662],[68.1774903,52.5941913],[68.1870184,52.5915814],[68.189306,52.5862943],[68.1943664,52.5831314],[68.2081036,52.5859234],[68.2195743,52.5931957],[68.226111,52.6023833],[68.2445199,52.6067605],[68.3380187,52.6057538],[68.3534152,52.6430782],[68.4027995,52.6799936],[68.4141902,52.7064354],[68.4148254,52.7077043],[68.4124393,52.7085156],[68.4097099,52.7101276],[68.4074954,52.7107204],[68.4047317,52.7126755],[68.4022426,52.7152233],[68.4022598,52.7169911],[68.4053497,52.7176046],[68.4078902,52.7184885],[68.410654,52.71879],[68.4129371,52.7197986],[68.4169196,52.7199338],[68.4193057,52.7211919],[68.4229106,52.7229282],[68.425743,52.7239679],[68.4270648,52.7252675],[68.4285926,52.7258497],[68.4309615,52.7267645],[68.432661,52.7275338],[68.4352359,52.7283967],[68.437931,52.7288333],[68.4411926,52.7299872],[68.4461879,52.7322325],[68.4485053,52.7331577],[68.4500846,52.732586],[68.4523677,52.7334175],[68.4535522,52.734353],[68.4553031,52.735039],[68.4575004,52.7359745],[68.459629,52.7379077],[68.4616889,52.7389679],[68.4638519,52.7396226],[68.4663199,52.7407159],[68.4701307,52.7421916],[68.472431,52.7435322],[68.4758642,52.7454651],[68.4770487,52.7466705],[68.4811857,52.7486656],[68.4829882,52.7500684],[68.4867647,52.7518659],[68.4878977,52.7547646],[68.4899748,52.7563334],[68.5035201,52.7388602],[68.593294,52.7840882],[68.6827543,52.8125181],[68.6420631,52.8633182],[68.6602492,52.8816002],[68.6523445,52.9038576],[68.6409428,52.9330626],[68.6201365,52.9704639],[68.6859458,53.0025967],[68.744128,53.0363422],[68.7798866,53.0863527],[68.760086,53.0935705],[68.7010356,53.115584],[68.7488656,53.1805919],[68.7064988,53.2087652],[68.687858,53.2692445],[68.6627239,53.2741915],[68.6406068,53.2754607],[68.5972994,53.2693629],[68.5922739,53.2697811],[68.5464332,53.3180001],[68.4800358,53.4611821],[68.5837537,53.4817436],[68.6550794,53.5261015],[68.7162248,53.551736],[68.7573975,53.5728403],[68.8164876,53.6355902],[68.896754,53.630583],[68.9872014,53.6150653],[69.1349168,53.6658504],[69.1571715,53.5966955],[69.2705865,53.5559262],[69.3432739,53.5119873],[69.4276895,53.5508207],[69.410603,53.5525532],[69.3797519,53.572628],[69.4283763,53.6079184],[69.4569472,53.6351513],[69.5130993,53.6493222],[69.6342945,53.6798331],[69.6347098,53.6783376],[69.6359392,53.6776963],[69.6374749,53.6783657],[69.6388812,53.6796228],[69.6401019,53.6798246],[69.6426341,53.6799907],[69.6439627,53.6810357],[69.6439109,53.6824562],[69.6441913,53.684127],[69.646695,53.6836194],[69.6474326,53.6814094],[69.647337,53.6800347],[69.6477532,53.6790364],[69.6491552,53.6784424],[69.6516231,53.6797154],[69.6543308,53.679696],[69.6559873,53.6803219],[69.6573418,53.6816352],[69.6596841,53.6818396],[69.6621774,53.6807307],[69.6614895,53.6794131],[69.6592809,53.6775914],[69.6580286,53.6772727]]],[[[73.7716714,53.039785],[73.7826405,53.0570285],[73.7952061,53.0755955],[73.8199926,53.0696562],[73.8401457,53.0647257],[73.8709932,53.0572465],[73.8859106,53.0536044],[73.8865114,53.0533258],[73.8867378,53.0529117],[73.8867832,53.0147074],[73.8866504,53.0018765],[73.8868221,53.0007401],[73.8873543,52.9993868],[73.8402673,53.010948],[73.7860394,52.9905862],[73.7847863,52.9987176],[73.7790013,53.0131065],[73.7735253,53.0272428],[73.7722207,53.032415],[73.7716714,53.039785]]]]}},{"type":"Feature","properties":{"id":215772,"name":"Павлодарская область"},"geometry":{"type":"Polygon","coordinates":[[[77.6971702,50.2218527],[78.3932873,50.0370765],[78.73764,50.2573032],[78.7573209,50.4395932],[78.6807131,50.5537845],[78.6835669,50.6445623],[78.6939525,50.6970013],[78.5237358,50.6809948],[78.4742646,50.7796807],[78.4782422,50.7982841],[78.4722228,50.8068996],[78.4655902,50.8179568],[78.4675374,50.8278844],[78.4611001,50.8385636],[78.450264,50.8423306],[78.4176979,50.8407676],[78.4016624,50.8479398],[78.3851614,50.8520514],[78.3665523,50.8536566],[78.3556625,50.8663238],[78.2800313,50.8759761],[78.2774993,50.8797536],[78.2701912,50.8877943],[78.2627669,50.9003138],[78.246459,50.9194452],[78.2419958,50.9395422],[78.2279625,50.9541835],[78.2065907,50.9609686],[78.1998101,50.9684283],[78.1947031,50.9897874],[78.1913772,51.008936],[78.1810775,51.023083],[78.1633106,51.0263222],[78.135952,51.02504],[78.1245287,51.0295644],[78.1233564,51.0350533],[78.1346002,51.0531312],[78.1315747,51.0639475],[78.1192365,51.0720648],[78.0967704,51.0726311],[78.084046,51.0752871],[78.0798395,51.0866614],[78.0835759,51.0916098],[78.0908277,51.0947074],[78.0975794,51.0979436],[78.1077582,51.0990845],[78.1108521,51.0984318],[78.1154537,51.1007193],[78.123232,51.1026175],[78.1321692,51.1050849],[78.1396794,51.1137473],[78.1377052,51.1186099],[78.1233179,51.1254989],[78.0938458,51.1424173],[78.1078382,51.1487126],[78.1191665,51.1547504],[78.2131041,51.1866987],[78.3401497,51.2447613],[78.4283774,51.2216405],[78.4429699,51.2256027],[78.4744322,51.2298509],[78.5135259,51.235104],[78.5905614,51.2547],[78.6353223,51.2745737],[78.6963639,51.2992412],[78.7132489,51.310332],[78.7652068,51.2994294],[78.778909,51.3813997],[78.7423658,51.4447036],[78.9528497,51.4535704],[79.0957222,51.5352481],[79.0613119,51.5870022],[79.11088,51.5960833],[79.220496,51.6299019],[79.2492395,51.6518169],[79.2360665,51.6670994],[79.2355701,51.6830145],[79.2543388,51.6996181],[79.3265383,51.7364183],[79.2082247,51.8952983],[79.0565985,52.0629595],[78.8744192,52.2583534],[78.7133946,52.433246],[78.5360026,52.6345703],[78.4253668,52.7567302],[78.3056875,52.8844058],[78.1864813,53.0027044],[78.0874085,53.0988535],[77.9782023,53.2118988],[77.8914299,53.2960649],[77.8349095,53.3301402],[77.6224093,53.44329],[77.4960429,53.5117748],[77.3656757,53.5806206],[77.2598558,53.6357655],[77.1198822,53.7051749],[76.9222404,53.8033945],[76.8290166,53.8494607],[76.696635,53.9170146],[76.635586,53.9486439],[76.5495709,53.9934884],[76.4977867,54.071382],[76.4650787,54.0982296],[76.4386521,54.1607558],[76.582836,54.1489139],[76.6534612,54.1270478],[76.7552437,54.1662994],[76.8276862,54.224402],[76.8785156,54.3022109],[76.7838604,54.3702524],[76.8393342,54.3893229],[76.878146,54.4029052],[76.9514858,54.4161214],[76.9386235,54.4348488],[76.9312404,54.4534717],[76.8721567,54.447497],[76.8281469,54.4296328],[76.7516586,54.4187773],[76.676093,54.3449189],[76.5142806,54.3232045],[76.2278221,54.2761259],[76.1452417,54.2445457],[76.1043489,54.2335061],[75.9271725,54.186326],[75.7776525,54.1463163],[75.528534,54.1148929],[75.4039967,54.0406938],[75.4111712,53.9596446],[75.3431467,53.9468594],[75.3030066,53.9286391],[75.2166724,53.8760471],[75.0396604,53.7940301],[74.9861312,53.8151207],[74.9884164,53.8189274],[74.9830413,53.8171603],[74.9812388,53.8201371],[74.9823224,53.8224614],[74.9763207,53.8225741],[74.8722767,53.8205708],[74.7670861,53.7718974],[74.5531242,53.6790396],[74.4346674,53.6291196],[74.4872446,53.5731931],[74.4269829,53.5044622],[74.3473969,53.471491],[74.2617467,53.5645592],[74.089084,53.561945],[74.0560224,53.5817679],[74.0608006,53.6311133],[73.9510274,53.6449778],[73.8624192,53.6159313],[73.7799954,53.5943034],[73.5506927,53.5022128],[73.518693,53.3570649],[73.5897802,53.2818775],[73.4282803,53.2855487],[73.4205345,53.2663849],[73.415796,53.2518304],[73.4120332,53.2314143],[73.4097858,53.2127319],[73.4105264,53.2047298],[73.4065622,53.1881738],[73.4057126,53.1732874],[73.4059116,53.1656872],[73.4075665,53.1598782],[73.4093068,53.1553723],[73.4124424,53.1478105],[73.4174736,53.1406225],[73.4237931,53.1387988],[73.4203722,53.1417538],[73.4184143,53.145499],[73.4155804,53.1493853],[73.4163161,53.1545415],[73.4187354,53.1542726],[73.4211412,53.1520747],[73.4214791,53.1538485],[73.4217771,53.1502444],[73.4218073,53.1461646],[73.4274738,53.1430267],[73.4310771,53.1367691],[73.430319,53.1266161],[73.4329487,53.12576],[73.5485375,53.1546099],[73.6527467,53.2079436],[73.7757719,53.1657353],[73.5902744,53.0185761],[73.5579724,52.9714981],[73.5408995,52.9562603],[73.5348399,52.9517202],[73.5234588,52.9501585],[73.5153048,52.9538093],[73.5102408,52.9539231],[73.5090049,52.9509859],[73.5125239,52.9503964],[73.5130217,52.948607],[73.5075972,52.9453074],[73.5070479,52.9430214],[73.5045417,52.9395662],[73.5051082,52.9379316],[73.5233607,52.9397203],[73.6678106,52.9327595],[73.622734,52.8641291],[73.6883613,52.7982227],[73.7511559,52.8197889],[73.7464692,52.8194587],[73.7476193,52.8182864],[73.7456109,52.8180582],[73.7451646,52.8164812],[73.746246,52.8171763],[73.7480313,52.8163567],[73.7497136,52.8156513],[73.7510011,52.8151014],[73.7518594,52.8140639],[73.7508809,52.8135036],[73.7499539,52.8125075],[73.7526147,52.8118331],[73.7545888,52.8115841],[73.7585855,52.8117596],[73.8561986,52.9010455],[73.9403589,52.9168092],[74.0162782,52.8720267],[73.98464,52.8203965],[73.9849214,52.7950458],[73.9174514,52.7560213],[73.920166,52.6818841],[73.7747993,52.6983246],[73.7226204,52.7108675],[73.716759,52.7117707],[73.7165015,52.7152545],[73.7130855,52.7190707],[73.7074378,52.7197153],[73.7026485,52.7167519],[73.6989406,52.7101691],[73.7007945,52.7053224],[73.6999877,52.7019211],[73.6977046,52.6998094],[73.6946662,52.6978745],[73.6910098,52.6945766],[73.6884006,52.6934634],[73.6837657,52.6930265],[73.6790279,52.6926415],[73.6762469,52.6928496],[73.6730712,52.6931825],[73.6695178,52.6933282],[73.6896162,52.6740858],[73.8349317,52.6270041],[73.9207478,52.5439548],[74.0027635,52.3115329],[73.9999663,52.1102918],[74.0003807,52.012044],[73.9672357,51.8928825],[73.8268309,51.8152275],[73.8246413,51.8135903],[73.8209946,51.8124839],[73.8194132,51.8098705],[73.8152418,51.8079845],[73.8090706,51.8031782],[73.8098699,51.7980496],[73.8109106,51.7953457],[73.8153094,51.7964339],[73.8208026,51.796434],[73.8217091,51.7940418],[73.822002,51.7918576],[73.8209957,51.7904136],[73.8170072,51.7899706],[73.8166719,51.7876363],[73.8167813,51.7844406],[73.8156323,51.7814061],[73.8163008,51.7787058],[73.8133546,51.7760035],[73.8144176,51.774924],[73.8173359,51.7748709],[73.8146923,51.773745],[73.8159907,51.7723124],[73.8159639,51.7701879],[73.8139168,51.7680036],[73.8122779,51.7651325],[73.8101531,51.7625592],[73.8097105,51.7592422],[73.8070321,51.7562939],[73.8014907,51.7547292],[73.7985209,51.7522745],[73.7992022,51.7498694],[73.800098,51.7461012],[73.7997676,51.7430836],[73.799918,51.739856],[73.7986475,51.7379125],[73.7968429,51.7358489],[73.7988503,51.7317612],[73.7926072,51.7302389],[73.7918985,51.7265998],[73.7952196,51.7205878],[73.7942251,51.7178952],[73.7916104,51.7151812],[73.7877405,51.7137268],[73.7911523,51.7114739],[73.790058,51.7097774],[73.7876097,51.7068043],[73.7893156,51.7029785],[73.7909657,51.7003584],[73.7934054,51.6979513],[73.7905301,51.6948496],[73.7894164,51.6901344],[73.7868501,51.6882002],[73.7902232,51.6874115],[73.793914,51.6850209],[73.7947315,51.6806558],[73.7968214,51.6786734],[73.7955683,51.675621],[73.7979223,51.674164],[73.8014607,51.6726217],[73.8024971,51.6704486],[73.8048831,51.6681962],[73.8035672,51.6647652],[73.8025464,51.6625564],[73.8015958,51.6582092],[73.7998942,51.6552247],[73.7972742,51.6551954],[73.7933367,51.6555855],[73.7871805,51.6516782],[73.7863845,51.6481567],[73.7871816,51.6460637],[73.7853979,51.6376073],[73.7849524,51.6335047],[73.7778891,51.6297735],[73.7831704,51.6260407],[73.7903145,51.6235169],[73.8023113,51.6236406],[73.8247153,51.6253488],[73.8500958,51.6268086],[73.8855074,51.6284682],[73.9058621,51.6283247],[73.934654,51.6320097],[73.9465153,51.6339551],[73.9595648,51.6367032],[73.9711334,51.6375171],[74.007623,51.6424706],[74.2506032,51.5628753],[74.0778232,51.5090474],[73.8110787,51.4388093],[73.8099856,51.4363352],[73.8111872,51.4344196],[73.8134016,51.4327395],[73.8108439,51.4312733],[73.8113074,51.4285548],[73.8099937,51.425848],[73.8067493,51.4256767],[73.8046722,51.4228616],[73.805582,51.4209562],[73.8055305,51.4181301],[73.8071785,51.4147363],[73.808466,51.4131411],[73.8105602,51.4102181],[73.8130493,51.4095114],[73.8153839,51.4070165],[73.8179588,51.4051426],[73.8173408,51.4034292],[73.8147316,51.40193],[73.817255,51.3992526],[73.8178558,51.3967143],[73.8161907,51.3943473],[73.8114529,51.3947007],[73.8101311,51.3924942],[73.806303,51.3916159],[73.8017712,51.3908554],[73.8007755,51.3893878],[73.7993851,51.3879845],[73.7968273,51.3851778],[73.7983723,51.3826066],[73.7977543,51.3810209],[73.7945442,51.3818566],[73.7934799,51.383528],[73.7889137,51.3834315],[73.7838497,51.3821673],[73.7857208,51.3812888],[73.7879524,51.3794567],[73.7835064,51.3789209],[73.7831116,51.3769601],[73.7849483,51.3750957],[73.7811546,51.3750421],[73.7735157,51.3749671],[73.7698421,51.373049],[73.7647781,51.3707557],[73.7600403,51.3701556],[73.7559032,51.3685159],[73.7489681,51.3681194],[73.7457066,51.3668762],[73.7456894,51.3640467],[73.7407627,51.3636609],[73.7380161,51.3624497],[73.7306862,51.3615815],[73.7264805,51.3627177],[73.7252789,51.3610456],[73.7282486,51.3579156],[73.7267208,51.3538635],[73.7213821,51.352041],[73.7192879,51.3504007],[73.719408,51.347731],[73.7151337,51.3466481],[73.7117176,51.3458439],[73.7072372,51.3430989],[73.6993752,51.3409114],[73.6986885,51.3374905],[73.6967659,51.3347236],[73.6957188,51.3332971],[73.6929207,51.3303369],[73.6933842,51.3278913],[73.6904659,51.3257353],[73.6878738,51.3244802],[73.6901713,51.3221143],[73.6901542,51.3194538],[73.6889038,51.3178932],[73.6867237,51.3157473],[73.6868439,51.3136229],[73.6877537,51.3114769],[73.6854363,51.3094917],[73.6862087,51.3075923],[73.684269,51.3050812],[73.684063,51.3031065],[73.6838398,51.3016361],[73.6835308,51.2994788],[73.6837368,51.2961085],[73.6826038,51.2945091],[73.6810417,51.293017],[73.6793079,51.2915571],[73.6772137,51.2897321],[73.6765785,51.2881862],[73.6762695,51.2869408],[73.6750164,51.2849761],[73.6736088,51.2835266],[73.6715145,51.2831508],[73.6693145,51.281266],[73.6683729,51.2791584],[74.0303751,51.1999995],[74.0258186,51.1976301],[74.0190667,51.1980829],[74.0109295,51.1931309],[74.0056203,51.1840537],[74.0035525,51.164946],[74.0134219,51.1585228],[74.0159095,51.1467452],[74.0180341,51.1411388],[74.0235938,51.1353371],[74.0298423,51.137222],[74.0342712,51.1361557],[74.0354041,51.1325364],[74.0320052,51.1301665],[74.0378074,51.1240903],[74.0449713,51.1178744],[74.0444134,51.1050333],[74.0479979,51.0975328],[73.9996482,51.0304],[74.0032576,51.0246987],[74.0113514,51.0179755],[74.0151194,51.013004],[74.0194109,51.0097612],[74.0168875,51.0050249],[74.0211275,51.0035881],[74.0260113,51.0036583],[74.0243591,51.0010549],[74.016688,50.9990345],[74.0186116,50.9970915],[74.0234353,50.9953845],[74.0202703,50.9903155],[74.0132322,50.9890837],[74.0087003,50.9877978],[74.0107088,50.9836698],[74.0167288,50.979436],[74.0175409,50.9757585],[74.0106058,50.9753694],[74.0020162,50.9730066],[74.0019082,50.9705804],[74.0019768,50.9686022],[74.0022858,50.9644616],[74.0016678,50.9624939],[73.9954709,50.9618236],[73.9910597,50.9580204],[73.9900319,50.9546666],[73.9897009,50.9511562],[74.044042,50.8546398],[74.0512329,50.8522942],[74.0534407,50.84813],[74.0555345,50.8449962],[74.060753,50.845216],[74.0640194,50.8420163],[74.0647356,50.83777],[74.0670293,50.8351525],[73.9966288,50.7967984],[73.9853546,50.7284428],[74.0204625,50.6758093],[74.2434985,50.6203516],[74.4502306,50.6633262],[74.569234,50.6293319],[74.5968152,50.5546143],[74.7089632,50.4803852],[74.8712584,50.45443],[74.9676577,50.3890987],[74.9916462,50.3199439],[75.1212071,50.2297612],[74.9838625,50.1883035],[74.8882256,50.1564195],[74.8410691,50.1194763],[74.8171048,50.0855288],[74.8398419,50.0503158],[74.9125783,50.0379944],[75.0124294,50.0295995],[75.0738403,50.0553245],[75.0784409,50.0575839],[75.079282,50.0582341],[75.0792992,50.0595455],[75.0795052,50.0615953],[75.0795395,50.0634907],[75.0810916,50.0655189],[75.0821044,50.0665767],[75.0832374,50.0682626],[75.0834777,50.0704442],[75.0845248,50.0717664],[75.0855719,50.0730664],[75.0873572,50.0742012],[75.0894515,50.0750495],[75.0902068,50.0754461],[75.093846,50.0749504],[75.0963695,50.0756444],[75.0976741,50.0767241],[75.0996482,50.0774181],[75.1008155,50.0777596],[75.1029784,50.078685],[75.105828,50.0792798],[75.1076304,50.0799298],[75.1095359,50.0805467],[75.1121108,50.0808331],[75.1136901,50.0817804],[75.1168143,50.082915],[75.1195781,50.0833115],[75.121432,50.0835318],[75.1235778,50.0842918],[75.1265647,50.0852942],[75.1287963,50.0856136],[75.1305129,50.0871887],[75.1315257,50.0883121],[75.1327788,50.0892152],[75.1347186,50.0901073],[75.137448,50.0902835],[75.1395079,50.0915721],[75.1414649,50.0924862],[75.1419799,50.093191],[75.1427008,50.0942372],[75.1453788,50.0955477],[75.1475589,50.0970783],[75.149945,50.0982346],[75.1523139,50.0988953],[75.154288,50.0995009],[75.1556613,50.100591],[75.1571376,50.1016481],[75.1586997,50.1020775],[75.1603991,50.1023307],[75.1626822,50.1041034],[75.1651885,50.1048961],[75.1674918,50.1049662],[75.1675433,50.1059021],[75.1691912,50.1049222],[75.171234,50.105748],[75.1731394,50.1045809],[75.1746672,50.1052085],[75.1782549,50.1062984],[75.1794051,50.1065847],[75.1810187,50.1077627],[75.1826666,50.1077407],[75.1835078,50.1085334],[75.186014,50.1076967],[75.1876276,50.1075535],[75.1888464,50.1086435],[75.1906317,50.1101737],[75.1919535,50.1096783],[75.1925887,50.1091499],[75.1942023,50.1101627],[75.1948374,50.1111755],[75.1970347,50.1112966],[75.1960219,50.1123865],[75.1980567,50.1124001],[75.199121,50.1111231],[75.2002197,50.1123671],[75.2001682,50.1136],[75.2026229,50.1139193],[75.204494,50.1138972],[75.2060047,50.1138422],[75.2062278,50.1145027],[75.2061077,50.1156915],[75.2086483,50.1145027],[75.2092491,50.1160878],[75.210588,50.1176398],[75.2115493,50.1168803],[75.2133174,50.1167813],[75.2155662,50.116385],[75.2152916,50.1180801],[75.2176433,50.1173536],[75.2173343,50.1164841],[75.221437,50.1182672],[75.2242523,50.119467],[75.2257629,50.1202815],[75.2265525,50.119445],[75.2290931,50.1204356],[75.2318912,50.1213161],[75.2318912,50.1226918],[75.2344833,50.1222296],[75.2350326,50.1236604],[75.2375045,50.1251791],[75.2397705,50.1246619],[75.2415386,50.1263787],[75.2443538,50.1263787],[75.24789,50.1281505],[75.249744,50.1298562],[75.2495037,50.1312427],[75.2508598,50.1314848],[75.2510829,50.1328163],[75.2525077,50.13198],[75.254705,50.131936],[75.2553023,50.1328611],[75.2579458,50.1345337],[75.2606238,50.1346217],[75.2597311,50.1360191],[75.2614821,50.1364702],[75.2635592,50.1377685],[75.2664946,50.1373394],[75.2674749,50.1380791],[75.2696607,50.1381879],[75.2715199,50.1383686],[75.2727902,50.1393478],[75.2738717,50.1399969],[75.2762063,50.140492],[75.2779229,50.1411191],[75.2792275,50.1418782],[75.2810128,50.1426153],[75.2817509,50.1436164],[75.2827981,50.1445625],[75.2830384,50.1457726],[75.2853558,50.1454976],[75.2856305,50.1471807],[75.2870553,50.1471807],[75.2859566,50.1490397],[75.2880681,50.1490617],[75.2888234,50.1503597],[75.2887891,50.1521196],[75.2904198,50.1538794],[75.2887891,50.1540004],[75.2890294,50.1554742],[75.2910893,50.1566841],[75.2934058,50.1569819],[75.2938521,50.1583896],[75.2977488,50.1581697],[75.3003581,50.1583237],[75.3002551,50.1593244],[75.3017828,50.1604462],[75.3022807,50.1615679],[75.3030703,50.1633714],[75.303242,50.1650648],[75.3043406,50.1666153],[75.3062289,50.1671211],[75.3099883,50.167451],[75.3133357,50.1681327],[75.3160822,50.169815],[75.3167174,50.1712113],[75.5057634,50.183462],[75.6726454,50.220081],[75.734342,50.2225045],[75.8478562,50.2040553],[75.9926236,50.247835],[76.2668494,50.262705],[76.3199768,50.3286012],[76.5233734,50.3309108],[76.6529781,50.2724767],[76.6553814,50.2755926],[76.6577331,50.2773369],[76.6594669,50.2800246],[76.662265,50.2812093],[76.6660415,50.2837212],[76.666412,50.2862546],[76.6680256,50.2907075],[76.6697594,50.2937564],[76.6733643,50.29584],[76.6739995,50.29902],[76.678291,50.3011144],[76.6802308,50.3054453],[76.6893288,50.3088988],[76.6894318,50.3133387],[76.689346,50.3157613],[76.6891915,50.3207266],[76.6905819,50.3244311],[76.6946675,50.3290448],[76.695646,50.3313241],[76.6960579,50.335729],[76.6959378,50.3379642],[76.6965901,50.340506],[76.6958691,50.3435516],[76.6977402,50.3457535],[76.6981179,50.3476486],[76.6989418,50.3510224],[76.7027012,50.3533773],[76.6990792,50.3561702],[76.6980492,50.3603757],[76.6955258,50.3626097],[76.6923157,50.365205],[76.6919552,50.3690921],[76.6968647,50.3712491],[76.6991135,50.3740738],[76.6988732,50.376756],[76.6946846,50.3793504],[76.6951996,50.3835976],[76.6951996,50.3859838],[76.6921784,50.3880962],[76.6949765,50.3907229],[76.6986157,50.3930321],[76.6993023,50.3951989],[76.6982037,50.3984051],[76.6975857,50.4011625],[76.6972596,50.4027163],[76.6956631,50.4068301],[76.6971222,50.409587],[76.6965043,50.4130548],[76.6959721,50.4174084],[76.7000233,50.4200444],[76.7033192,50.4224615],[76.7035424,50.423927],[76.7061173,50.4272516],[76.7084176,50.4296575],[76.7093438,50.4332174],[76.7127606,50.4372241],[76.7174641,50.4405477],[76.7201077,50.442122],[76.7243649,50.4434995],[76.7279869,50.4463855],[76.7320038,50.4496101],[76.7355229,50.452146],[76.736364,50.4542008],[76.7344242,50.4575232],[76.7333256,50.459403],[76.7326733,50.4624847],[76.7308022,50.4656536],[76.7291542,50.4684945],[76.7290341,50.4715428],[76.7324633,50.4749907],[76.7347121,50.4786612],[76.738523,50.4825828],[76.7397761,50.485379],[76.7464709,50.4880767],[76.7516036,50.4915716],[76.7509341,50.4965403],[76.74999,50.5024803],[76.7531657,50.5080921],[76.7513117,50.5120221],[76.7529597,50.5162028],[76.7511229,50.5195428],[76.7498011,50.5225114],[76.7499041,50.5261892],[76.7516722,50.5301832],[76.7519984,50.5320382],[76.7512431,50.534526],[76.7526335,50.5359335],[76.7536292,50.5390429],[76.7549681,50.5415194],[76.7574229,50.542654],[76.7536807,50.5459375],[76.7552256,50.5477374],[76.7545561,50.5506934],[76.7567191,50.5507588],[76.7586589,50.551206],[76.7590193,50.5540636],[76.7611136,50.5561031],[76.7622637,50.558306],[76.7644953,50.5600509],[76.7660575,50.5628861],[76.7683062,50.5648053],[76.7695079,50.5671387],[76.7708983,50.5697445],[76.7705035,50.5716307],[76.7678599,50.5729499],[76.7689414,50.5753701],[76.7712931,50.5766564],[76.7731986,50.5778229],[76.7717051,50.5802755],[76.7731471,50.581758],[76.7748637,50.5841777],[76.7770095,50.5855292],[76.7781939,50.5870006],[76.7810607,50.5887008],[76.7818331,50.5902593],[76.7820974,50.5929645],[76.7832562,50.5952665],[76.7859598,50.5965605],[76.7890497,50.5962608],[76.7908736,50.5972415],[76.7938777,50.5976229],[76.7957231,50.5983039],[76.7979117,50.5972143],[76.8006798,50.5980451],[76.8024179,50.5992846],[76.8035337,50.6012731],[76.8059798,50.6011914],[76.8102499,50.6018178],[76.8134686,50.6030436],[76.8160649,50.6035475],[76.8188759,50.6054813],[76.8205067,50.6077283],[76.8219873,50.6094304],[76.8253561,50.6129435],[76.8247124,50.6155986],[76.82718,50.6173958],[76.826193,50.61873],[76.829197,50.6201867],[76.831729,50.6233178],[76.8324371,50.6260812],[76.8333384,50.6283],[76.8323728,50.6300286],[76.8342181,50.634207],[76.8373724,50.6364254],[76.8405052,50.6376774],[76.8432733,50.6394057],[77.0617368,50.6596955],[77.6459057,50.4646201],[77.6971702,50.2218527]]]}},{"type":"Feature","properties":{"id":215776,"name":"Карагандинская область"},"geometry":{"type":"Polygon","coordinates":[[[67.3991195,49.9154538],[67.438387,49.8819664],[67.4449058,49.8726342],[67.4443079,49.8676901],[67.4498894,49.8610004],[67.4862895,49.8327369],[67.5481671,49.7618435],[67.5448737,49.7450084],[67.54496,49.7313119],[67.5630849,49.7202585],[67.5756054,49.7161142],[67.5816712,49.7138795],[67.5877424,49.7107302],[67.5945985,49.7084344],[67.6653786,49.6981431],[67.7909637,49.4999889],[68.3629244,49.1475148],[69.7723802,48.7168506],[70.4964816,48.9930932],[70.7090353,49.3791588],[70.9439444,49.2228423],[71.6682286,49.1644997],[71.9394645,49.1699021],[71.9588588,49.0351885],[71.9959237,48.9517851],[72.1046405,48.8315874],[72.063206,48.8147119],[72.0692226,48.806678],[72.1039649,48.737577],[72.0367519,48.7149392],[72.0019829,48.5070539],[71.8427068,48.3211702],[71.8478348,48.3164119],[71.8578732,48.3066295],[71.8635277,48.2988034],[71.8606572,48.2904252],[71.8660559,48.2856691],[71.8765434,48.2784976],[71.882914,48.2731995],[71.8971072,48.2617991],[71.9029854,48.2491953],[71.9056678,48.2389827],[71.901796,48.2240646],[71.907669,48.2130066],[71.9161102,48.2053458],[71.923427,48.2033569],[71.9287235,48.1986937],[71.9324007,48.1961233],[71.9378941,48.1918948],[71.9429401,48.1861747],[71.948013,48.1821362],[71.9502676,48.1787835],[71.9577382,48.1743925],[71.9644842,48.1697683],[71.9681255,48.1662537],[71.9685818,48.1609306],[71.9714717,48.1554219],[71.9671593,48.1456086],[71.9700133,48.139746],[71.9730732,48.1333633],[71.9760882,48.1242625],[71.9755693,48.1194785],[71.9731645,48.112224],[71.9701152,48.1064791],[71.9716462,48.1008518],[71.9674834,48.0958408],[71.9677365,48.0896039],[71.9646871,48.077821],[71.9623315,48.0645818],[71.9463819,48.0494006],[71.9396718,48.0434313],[71.9439777,48.0357117],[71.9516158,48.0326491],[71.9629963,48.0257086],[71.9710663,48.0238177],[71.9743409,48.0159663],[71.9785127,48.0129855],[71.980991,48.0080116],[71.9874506,48.0048092],[71.9897589,48.0002775],[71.9911099,47.9969968],[71.9913116,47.9904335],[71.9930641,47.9843574],[71.9939308,47.9781493],[72.0008582,47.973444],[72.0111512,47.9694457],[72.0190908,47.9674549],[72.0247429,47.9625821],[72.0282382,47.9550241],[72.0349821,47.9474988],[72.0388285,47.9430246],[72.04231,47.9376943],[72.04293,47.9326844],[72.0611421,47.8850309],[72.0941613,47.8389642],[72.0961451,47.7989397],[72.0835441,47.7987426],[72.078139,47.7965046],[72.0676013,47.7947862],[72.0575308,47.795048],[72.0473888,47.7916545],[72.0350679,47.7888955],[72.0243159,47.783903],[72.0145499,47.7786664],[72.0090574,47.7808679],[71.9951818,47.7773231],[71.9863523,47.7759868],[71.9757329,47.7782917],[71.961872,47.7755125],[71.9513008,47.7710808],[71.9381895,47.7630959],[71.9270656,47.75642],[71.9118258,47.7527464],[71.9047996,47.7458179],[71.8961015,47.7429887],[71.8912425,47.7369964],[71.8878216,47.7290935],[71.8820701,47.7192684],[71.8678613,47.7129207],[71.8487742,47.7041958],[71.8356118,47.7023891],[71.8171604,47.6988701],[71.8029462,47.7020116],[71.7923682,47.7023419],[71.7126858,47.5188678],[71.3092208,47.1418195],[71.3260421,46.0072627],[73.6822255,46.0008155],[75.0189389,46.5572977],[76.2252178,46.6385096],[76.403127,46.6224719],[76.6046084,46.6655735],[76.8930805,46.6158765],[76.9419555,46.6174097],[77.1068789,46.5459988],[77.5555727,46.6212111],[77.2916873,47.1824641],[76.7792421,47.2409795],[77.0375234,47.4680341],[77.0019595,47.7168689],[77.0928338,47.8493158],[77.1685812,48.0171363],[77.097858,48.1481578],[77.1622152,48.2729829],[76.8783342,48.3480968],[76.8713056,48.404893],[76.8913656,48.4129821],[76.9013005,48.431559],[76.9860364,48.4990772],[77.3111034,48.6333281],[77.308786,48.6378516],[77.3025847,48.6432679],[77.3013617,48.6507675],[77.3038078,48.6531348],[77.3027993,48.6583652],[77.3104168,48.6663303],[77.3148156,48.6720553],[77.3176266,48.6785022],[77.3181845,48.6871865],[77.3134423,48.6932774],[77.3116399,48.6994667],[77.309816,48.7058676],[77.3138715,48.7115598],[77.3143865,48.7145047],[77.3161567,48.7172725],[77.318678,48.7188935],[77.3153735,48.723926],[77.3122407,48.7268207],[77.3169292,48.7289014],[77.314011,48.7314632],[77.3157705,48.7367208],[77.179289,48.8461699],[76.8838598,48.8140769],[76.8338298,49.0133858],[76.9857502,49.0991614],[76.9824672,49.1002783],[76.9790661,49.1029475],[76.9757295,49.1032566],[76.9717491,49.1031442],[76.968466,49.1043032],[76.9642818,49.1059889],[76.9604516,49.1078432],[76.9569325,49.1078432],[76.9538534,49.1078572],[76.9498408,49.1093672],[76.9473946,49.1106525],[76.9459999,49.1122186],[76.9458067,49.1139251],[76.9459033,49.1154771],[76.9429529,49.1153367],[76.9406247,49.1164322],[76.940614,49.1185599],[76.9392514,49.1195078],[76.9372988,49.1206102],[76.9358396,49.1234469],[76.9335008,49.1231942],[76.9304216,49.1229554],[76.926012,49.1247318],[76.9214415,49.1259745],[76.9177937,49.1268451],[76.914736,49.1280878],[76.9118392,49.1286424],[76.9094252,49.1285231],[76.9072258,49.1294287],[76.9054985,49.1297236],[76.9032669,49.1298569],[76.9003487,49.1300605],[76.899029,49.1302852],[76.8976021,49.130552],[76.8953276,49.1301869],[76.8918192,49.1295761],[76.8896735,49.1288951],[76.8872273,49.1291268],[76.8844056,49.1295129],[76.8816376,49.1301378],[76.8780005,49.1309451],[76.8758333,49.1319911],[76.8737519,49.1320262],[76.8717241,49.1318437],[76.8686235,49.1332477],[76.8655229,49.1340199],[76.8625831,49.1352132],[76.8595362,49.1353325],[76.8568861,49.1354168],[76.8544292,49.1355291],[76.8529165,49.1373963],[76.8498158,49.1397687],[76.8430136,49.1949423],[76.6138458,49.3337083],[76.614275,49.3353512],[76.61376,49.3375534],[76.6119361,49.3401889],[76.6110778,49.3403008],[76.6087067,49.3425587],[76.6060352,49.3441105],[76.6049302,49.3460816],[76.6030848,49.3481995],[76.6024518,49.3501005],[76.6003168,49.3520435],[76.5991151,49.3544965],[76.5979886,49.3570542],[76.5963685,49.3571241],[76.5966689,49.360639],[76.598407,49.3625047],[76.5960574,49.3623929],[76.5938258,49.3640209],[76.5931392,49.3655721],[76.5915513,49.3659633],[76.589545,49.3659214],[76.5921628,49.36822],[76.5905535,49.369785],[76.587646,49.3718809],[76.5876889,49.3739417],[76.5868628,49.3753319],[76.584481,49.3768896],[76.586262,49.3778326],[76.584878,49.3794252],[76.5826142,49.3797605],[76.5827,49.3809549],[76.5828931,49.3832319],[76.5836441,49.385383],[76.5841377,49.3875271],[76.5830326,49.3883652],[76.5840089,49.3901739],[76.5828717,49.3909421],[76.5818095,49.3913751],[76.5822494,49.3939588],[76.5827751,49.3955509],[76.5799642,49.3965843],[76.5782905,49.3984975],[76.5763163,49.3995099],[76.5759516,49.4013182],[76.5748572,49.402561],[76.5727544,49.4016534],[76.571424,49.4028961],[76.570158,49.4039084],[76.5703833,49.4049138],[76.5689027,49.404069],[76.5663278,49.4051721],[76.5647507,49.4052838],[76.5653622,49.4068336],[76.5671861,49.4073502],[76.5652442,49.4080623],[76.5639138,49.4087185],[76.562401,49.4101635],[76.5622616,49.411413],[76.5614462,49.4126764],[76.5608454,49.4137234],[76.5604484,49.4149798],[76.5638387,49.4161036],[76.5647292,49.4172762],[76.5639996,49.418365],[76.5636349,49.4195096],[76.5624332,49.4204797],[76.5642035,49.4218825],[76.5613389,49.4224338],[76.5606737,49.424032],[76.5621865,49.4258185],[76.5642786,49.4252253],[76.5641391,49.426935],[76.5618646,49.428212],[76.5652978,49.4298378],[76.565094,49.4311148],[76.5662205,49.4333545],[76.5676796,49.4352523],[76.5687096,49.4381338],[76.5674543,49.4394872],[76.5694284,49.4404988],[76.5712309,49.4424521],[76.5726578,49.44218],[76.5749645,49.4431148],[76.5764665,49.4449773],[76.5759516,49.4462888],[76.5754795,49.4481233],[76.5767026,49.4507668],[76.5793955,49.4506622],[76.5803826,49.4521548],[76.5792453,49.4539751],[76.5800822,49.4566183],[76.5831935,49.4583409],[76.8232725,49.5057047],[77.1826471,49.7565547],[77.1707166,49.9301059],[77.1819175,49.9373985],[77.1873463,49.9416658],[77.193612,49.9440962],[77.2120012,49.9423839],[77.2289957,49.9435922],[77.4760701,50.050699],[77.6971702,50.2218527],[77.3784768,50.548063],[76.8700656,50.6425229],[76.8411704,50.6386573],[76.8381234,50.6371603],[76.8351408,50.6352822],[76.8328019,50.6319205],[76.8325015,50.6289125],[76.8333384,50.6271293],[76.8323942,50.6248697],[76.8308707,50.6217795],[76.8272015,50.6190295],[76.82718,50.618376],[76.8263002,50.6166606],[76.8255921,50.6149859],[76.8238112,50.6119904],[76.820614,50.6087496],[76.8201633,50.6067205],[76.8173309,50.604065],[76.8154212,50.6028393],[76.8121596,50.60224],[76.8078252,50.6015455],[76.8047138,50.6015455],[76.8031474,50.6003742],[76.8012377,50.5987398],[76.7991348,50.5973641],[76.7966028,50.5980451],[76.7945643,50.5979634],[76.7925902,50.5974458],[76.7900368,50.5967239],[76.7876335,50.5964379],[76.7850586,50.5954572],[76.7829128,50.5940951],[76.7817327,50.5916567],[76.7813353,50.5898233],[76.7787432,50.5881668],[76.7781939,50.5862813],[76.7757907,50.5851042],[76.7743659,50.5834256],[76.7728896,50.5807987],[76.7726836,50.5787712],[76.7721514,50.5770598],[76.770555,50.5759151],[76.7681346,50.5742145],[76.7696795,50.5723175],[76.7708468,50.5704968],[76.7710528,50.5685561],[76.7690615,50.5660701],[76.7683577,50.5639656],[76.7658171,50.5617411],[76.7634825,50.5593093],[76.7626071,50.5570301],[76.7587962,50.5553723],[76.7584357,50.5523512],[76.758058,50.5505625],[76.7552256,50.5516641],[76.7561011,50.5487627],[76.7543158,50.5470829],[76.7537322,50.5451521],[76.7570452,50.5415085],[76.7546935,50.5402103],[76.7532,50.5380174],[76.7515521,50.535377],[76.7523074,50.5327911],[76.7508139,50.5314272],[76.7511229,50.5282081],[76.7499213,50.524454],[76.74999,50.5209616],[76.7523245,50.518102],[76.7519812,50.513725],[76.7520156,50.5097842],[76.7521872,50.5056575],[76.7496466,50.5010937],[76.7520671,50.4939195],[76.7494578,50.4899552],[76.7448401,50.4869736],[76.7384371,50.4839918],[76.7382998,50.4803872],[76.7334418,50.4770335],[76.7297551,50.4727774],[76.7282101,50.4701553],[76.730373,50.4668555],[76.7315747,50.4645499],[76.7325703,50.461064],[76.7329308,50.458332],[76.736261,50.4554139],[76.7348706,50.4531952],[76.7350766,50.4509436],[76.7310425,50.4477956],[76.7271115,50.4448769],[76.7221333,50.4424391],[76.7185112,50.4412693],[76.7171379,50.4389078],[76.7104947,50.4353981],[76.7087094,50.4319757],[76.7085892,50.4288154],[76.7042633,50.4263986],[76.7043492,50.4231287],[76.7016541,50.4208319],[76.6975342,50.4185459],[76.6948048,50.4163036],[76.6964013,50.4110639],[76.6975514,50.4083617],[76.6959721,50.4053968],[76.6976029,50.4018956],[76.6983239,50.4004076],[76.6975342,50.3962713],[76.6987359,50.3942906],[76.6971394,50.3923754],[76.6920239,50.3890484],[76.6932084,50.3874285],[76.6961609,50.384528],[76.6953541,50.3811019],[76.6959206,50.3777084],[76.700401,50.3753766],[76.6970364,50.3729899],[76.6950966,50.3702089],[76.6921956,50.3676139],[76.6923672,50.3639347],[76.6985299,50.3617117],[76.6987359,50.3579116],[76.7023064,50.3547902],[76.7011391,50.352293],[76.6988217,50.3494013],[76.6985814,50.3467394],[76.6967103,50.3448552],[76.6952855,50.342719],[76.6962124,50.3393008],[76.6967789,50.3367589],[76.6950108,50.3340745],[76.69441,50.3300749],[76.6935345,50.3278065],[76.6890713,50.3217568],[76.6884533,50.317822],[76.689861,50.3143034],[76.6909081,50.3109708],[76.6817242,50.3071337],[76.6801106,50.3031867],[76.6755101,50.2993819],[76.6735703,50.2971559],[76.6722828,50.2944363],[76.6684376,50.292232],[76.6676651,50.288876],[76.666206,50.2853552],[76.6641361,50.2811105],[76.6602051,50.2809021],[76.6572181,50.2785326],[76.6568577,50.2763276],[76.6537163,50.2734861],[76.6045651,50.299093],[76.4672321,50.327681],[76.3022065,50.3106931],[76.1066051,50.2577182],[75.9290788,50.2210528],[75.7763874,50.203331],[75.7046865,50.2342374],[75.570253,50.1808902],[75.3498973,50.1746212],[75.3177302,50.1704967],[75.3151553,50.1688914],[75.3123057,50.1671871],[75.307997,50.1668242],[75.3042204,50.1675939],[75.3039801,50.1655487],[75.3037569,50.1640971],[75.3027098,50.1621507],[75.3011134,50.161117],[75.3018858,50.1597204],[75.3001006,50.1587636],[75.2993281,50.1579277],[75.295397,50.1584226],[75.2930624,50.1577958],[75.2925484,50.1565191],[75.2905572,50.1560022],[75.2880338,50.1549243],[75.2896817,50.1545724],[75.2897504,50.1530215],[75.2895959,50.1515036],[75.2890294,50.1491717],[75.2876733,50.1496447],[75.2863686,50.1484237],[75.286609,50.1468837],[75.2858708,50.1461466],[75.284137,50.1453766],[75.2821629,50.1447495],[75.2834504,50.1440675],[75.2805493,50.1431324],[75.2800687,50.1426703],[75.2781804,50.1416912],[75.2769616,50.1414161],[75.275039,50.14025],[75.273185,50.1400739],[75.2725842,50.1387757],[75.2706007,50.1377669],[75.2685055,50.1386017],[75.2673186,50.1374384],[75.265087,50.1378785],[75.2623575,50.1374604],[75.2603148,50.1367783],[75.2607268,50.135887],[75.2593191,50.1343686],[75.2560747,50.1338184],[75.2558723,50.132101],[75.2534175,50.1317489],[75.2523361,50.1326072],[75.250877,50.132112],[75.249847,50.1316169],[75.2503791,50.1306485],[75.2487484,50.1291959],[75.2466712,50.1274022],[75.2432724,50.1258284],[75.2407146,50.1257734],[75.2389293,50.1252562],[75.2362514,50.12486],[75.2348266,50.1228019],[75.2330413,50.1228349],[75.2323032,50.1220645],[75.2306552,50.1205456],[75.2277542,50.1198522],[75.2255226,50.1193679],[75.2249218,50.1205016],[75.2230163,50.1186305],[75.2185875,50.1172656],[75.216785,50.1168583],[75.2166992,50.117992],[75.2150856,50.1175628],[75.2146907,50.1161208],[75.2116352,50.116396],[75.2118927,50.1176398],[75.2085624,50.116352],[75.2097297,50.1153173],[75.2077041,50.1154493],[75.2058673,50.1151631],[75.20676,50.1139743],[75.2048717,50.1134789],[75.2033439,50.1134019],[75.201181,50.1142385],[75.1999965,50.1128845],[75.2000652,50.1116626],[75.1989837,50.1116516],[75.1970954,50.1132147],[75.1963309,50.1118801],[75.1959532,50.1109113],[75.1934298,50.1107022],[75.1935843,50.1095352],[75.1915587,50.1091609],[75.1916789,50.1101407],[75.1891898,50.1091609],[75.1877306,50.108137],[75.1866835,50.1072563],[75.1841429,50.1079058],[75.1826323,50.1083132],[75.1818083,50.1076526],[75.1801775,50.1066397],[75.1782721,50.1068489],[75.1754569,50.1049993],[75.1735857,50.1049552],[75.1721438,50.1050763],[75.17041,50.1052305],[75.1683844,50.1056599],[75.1673373,50.1055057],[75.1662386,50.1050653],[75.1645533,50.1044447],[75.1613261,50.1027491],[75.1591117,50.102628],[75.1581504,50.1018242],[75.1565024,50.1013177],[75.1554725,50.0999854],[75.1533267,50.0991045],[75.1510436,50.098631],[75.1490867,50.097673],[75.1465117,50.0963626],[75.1436278,50.0947658],[75.142512,50.0935875],[75.1420142,50.0928055],[75.1402461,50.0921227],[75.1384265,50.0907571],[75.1361262,50.0900963],[75.1337916,50.0894575],[75.1327102,50.0884773],[75.1307532,50.0879156],[75.1291053,50.0861093],[75.1275603,50.0853603],[75.125363,50.0847434],[75.122359,50.0838072],[75.1203162,50.0831243],[75.1189086,50.0832675],[75.115956,50.0824854],[75.1126944,50.0813618],[75.1111838,50.0806017],[75.1086089,50.080084],[75.1062571,50.0797645],[75.1047294,50.0789714],[75.1013991,50.0785748],[75.1005923,50.0773079],[75.0983436,50.0769444],[75.0972449,50.076008],[75.09467,50.0754241],[75.0908763,50.0750605],[75.090121,50.0750054],[75.0891253,50.074686],[75.0861041,50.0736724],[75.0844047,50.0723503],[75.0840442,50.070907],[75.0836837,50.0693534],[75.0827395,50.0672158],[75.0817954,50.0660258],[75.0800201,50.0643613],[75.0793507,50.0624879],[75.0788357,50.0604823],[75.0794708,50.05873],[75.0794537,50.0577602],[75.0768272,50.0569446],[75.0736858,50.0543877],[74.9714418,50.0176566],[74.8452324,50.0403946],[74.8251639,50.0713685],[74.8033107,50.1067637],[74.870891,50.1403838],[74.8994662,50.1642559],[75.0709804,50.2054869],[75.0969557,50.2764635],[74.9732322,50.3517319],[74.939115,50.4455042],[74.7252724,50.5286015],[74.632116,50.4887776],[74.6131533,50.6123283],[74.5180546,50.6383639],[74.3180234,50.6246672],[74.0545196,50.6197524],[74.0036911,50.7007534],[73.9831855,50.778191],[74.0231044,50.811078],[74.0649423,50.8362961],[74.0646282,50.8391549],[74.0624151,50.8440674],[74.0587938,50.8453242],[74.054522,50.8466573],[74.0532154,50.8503191],[74.0461079,50.8529649],[74.0309732,50.9224478],[73.9897052,50.9530654],[73.990541,50.9566363],[73.9925265,50.96016],[73.9978398,50.9629048],[74.0025948,50.9632183],[74.0014447,50.9665373],[74.0020283,50.9695751],[74.0016497,50.971662],[74.006283,50.9767431],[74.0156526,50.9749695],[74.0183756,50.9774555],[74.0139208,50.9813274],[74.0080995,50.9857879],[74.0104856,50.9888568],[74.0165109,50.9889108],[74.022886,50.9933316],[74.0220792,50.9966701],[74.0164905,50.9975723],[74.0186513,51.0005709],[74.0263117,51.0021515],[74.0236617,51.0043983],[74.0181664,51.0038582],[74.017617,51.0068935],[74.0182887,51.0117374],[74.012184,51.0156634],[74.0105704,51.0223003],[74.0009573,51.0263803],[74.0000131,51.0439892],[74.0481588,51.1002711],[74.0443592,51.1110751],[74.0404738,51.1185101],[74.0359878,51.1261373],[74.033533,51.1307374],[74.0355071,51.1341091],[74.0324859,51.1371897],[74.0258941,51.1356925],[74.0217742,51.1362634],[74.015548,51.1433112],[74.0169829,51.157089],[74.0043508,51.1625868],[74.0009772,51.1749871],[74.0099145,51.191058],[74.0153504,51.1968391],[74.0229067,51.1983386],[74.0282434,51.1979238],[74.0304609,51.2018742],[73.5010834,51.3061812],[73.3936565,51.3034575],[73.3251695,51.2784597],[73.3187726,51.2730316],[73.3152021,51.2729457],[73.3128503,51.2734611],[73.3094957,51.2738033],[73.3070238,51.274308],[73.2833002,51.2743724],[73.2733095,51.2748235],[73.2698934,51.2746194],[73.209615,51.2950334],[73.1750692,51.2841474],[73.2487663,51.2317889],[73.3207503,51.1205182],[73.3237715,51.1206583],[73.3293162,51.120626],[73.3340883,51.1213371],[73.3378306,51.1227701],[73.3408175,51.1243216],[73.3432722,51.1245263],[73.3464136,51.1248711],[73.4519791,51.1733843],[73.578279,51.122393],[73.5785194,51.1206367],[73.5732837,51.119139],[73.5715842,51.117027],[73.5665374,51.1164667],[73.5628982,51.1155184],[73.5586753,51.1157123],[73.5550018,51.1166283],[73.5545554,51.1141175],[73.5507617,51.1133954],[73.5470367,51.1133523],[73.5454059,51.1135248],[73.5449596,51.1118112],[73.5425563,51.1114987],[73.5419727,51.1093756],[73.5422645,51.1074895],[73.5404043,51.1061019],[73.5382413,51.1064576],[73.5363187,51.1057354],[73.5346021,51.1049917],[73.531186,51.1034072],[73.5307912,51.0996453],[73.5270318,51.097942],[73.5250062,51.0967777],[73.5198049,51.0963034],[73.5156507,51.0968855],[73.5130243,51.098039],[73.5097274,51.0980507],[73.506483,51.0966169],[73.5016421,51.0946979],[73.4981059,51.0922398],[73.4986724,51.0891993],[73.4978656,51.0868164],[73.49481,51.085296],[73.4918059,51.0841745],[73.4883899,51.0813708],[73.4855746,51.0786962],[73.4841842,51.0773266],[73.484476,51.0740802],[73.4804694,51.0729321],[73.4777915,51.0696746],[73.4769332,51.0662551],[73.4742552,51.0653382],[73.4713198,51.0631374],[73.4680411,51.0621341],[73.4636466,51.0616917],[73.4588572,51.0609581],[73.4563166,51.0592103],[73.4569861,51.0569013],[73.4534327,51.0570956],[73.4496733,51.0561029],[73.4441229,51.0570083],[73.4418226,51.0557459],[73.439282,51.053577],[73.4377543,51.0518937],[73.439282,51.0505448],[73.435248,51.0505987],[73.4325872,51.0495304],[73.4290682,51.0482354],[73.4274546,51.0452568],[73.4255663,51.0439509],[73.4243303,51.0432493],[73.4224421,51.0407561],[73.4224077,51.039245],[73.4217382,51.0376259],[73.417481,51.0358448],[73.4171206,51.0339989],[73.4137388,51.031775],[73.4122797,51.030825],[73.40828,51.0296914],[73.4048124,51.0275214],[73.4006582,51.027597],[73.3986841,51.0251137],[73.3954741,51.0256103],[73.3919722,51.0247898],[73.3870626,51.0243579],[73.3835608,51.0238072],[73.3805052,51.0248653],[73.3804537,51.0237208],[73.3743601,51.0222196],[73.3740151,51.0233315],[73.3689572,51.0211605],[73.3655022,51.0216198],[73.3639621,51.0196976],[73.3626596,51.0212373],[73.360363,51.0199585],[73.3564201,51.0201118],[73.3545806,51.0190944],[73.3525353,51.0178222],[73.3526895,51.0198203],[73.3502519,51.0197977],[73.3466917,51.0176791],[73.3417779,51.0171572],[73.3398071,51.0161698],[73.3324582,51.0138113],[73.3263195,51.0134496],[73.3199823,51.0124339],[73.3135984,51.0127573],[73.3145158,51.0168688],[73.310695,51.0158032],[73.3074028,51.0156004],[73.3049198,51.0152158],[73.301061,51.0129682],[73.2978724,51.013843],[73.2949339,51.0131116],[73.2905336,51.011055],[73.2864643,51.0102392],[73.2853008,51.0112458],[73.2792999,51.0098619],[73.2734766,51.0087685],[73.2701982,51.010241],[73.2679059,51.0084381],[73.2621082,51.0066664],[73.255907,51.0050178],[73.249969,51.0044872],[73.2450414,51.0035434],[73.2400947,51.0016875],[73.2359292,51.0024239],[73.2309918,51.0013964],[73.2268971,51.001321],[73.2243237,51.0011425],[73.2219507,51.0004873],[73.2165845,51.000423],[73.2109029,50.9991282],[73.2078828,50.9986002],[73.2047417,50.9985845],[73.2041299,50.9977098],[73.1989856,50.9974864],[73.1934433,50.997429],[73.1891415,50.9966753],[73.1848593,50.9944217],[73.1799055,50.9946104],[73.1765862,50.9930106],[73.1733214,50.9932657],[73.1726959,50.9936988],[73.0504128,50.8926768],[72.7919682,50.8870404],[72.7169127,50.8185863],[72.519193,50.7116101],[72.5129752,50.7188411],[72.494914,50.7442414],[72.4481075,50.7143906],[72.4006966,50.6679948],[72.4246076,50.6410237],[72.463098,50.6220567],[72.475373,50.6139491],[72.4458289,50.5649266],[72.2027942,50.4552015],[72.0818048,50.4269892],[71.9365515,50.4662911],[71.7996797,50.4240918],[71.7798255,50.5055995],[71.7691521,50.6172717],[71.7951201,50.6938166],[71.6533691,50.7852299],[71.500816,50.7778783],[71.4503473,50.7546587],[71.4073613,50.7500566],[71.2116139,50.606326],[70.9486777,50.4716312],[70.7828269,50.4387662],[70.7299998,50.2311597],[70.4752932,50.2347361],[70.4034244,50.0928568],[70.3549753,50.0849383],[70.3202407,50.0733753],[70.2794161,50.0626329],[70.2474163,50.0561088],[70.2168143,50.0498809],[70.19364,50.0449204],[70.171324,50.0412824],[70.1569044,50.0429361],[70.1364767,50.0406209],[70.1151907,50.0553919],[70.1196539,50.0756671],[70.138365,50.0823869],[70.1169073,50.1011092],[70.1215422,50.1181732],[70.1347601,50.1328103],[70.1366484,50.1500829],[70.1464331,50.1693285],[70.1493513,50.1794431],[70.1701224,50.1926328],[70.1646292,50.2018634],[70.1438582,50.2166946],[70.1304686,50.2061485],[70.1050627,50.2018634],[70.0834334,50.2075767],[70.0969946,50.2224062],[70.0842917,50.2422813],[70.0700438,50.2561122],[70.0441229,50.2496364],[70.0154555,50.2472214],[69.9915945,50.2383289],[69.9485774,50.2319235],[69.7294351,50.2010658],[69.7095999,50.1977184],[69.703813,50.1961461],[69.6947607,50.1903087],[69.6774542,50.1959297],[69.6626913,50.1957099],[69.6460402,50.1948307],[69.6280157,50.1974681],[69.6122229,50.1984571],[69.5845361,50.2889898],[69.2661749,50.3582696],[69.184538,50.2599667],[69.0505395,50.1905903],[68.7517067,50.2392472],[68.7605597,50.4709674],[68.4775456,50.7775235],[68.3727979,50.7390711],[68.2105778,50.641838],[68.029105,50.655397],[67.8914515,50.6558615],[67.8975283,50.65572],[67.9039656,50.6548603],[67.9064719,50.6512251],[67.9020087,50.6472197],[67.9069525,50.6415592],[67.913716,50.6403072],[67.9169432,50.636573],[67.9161833,50.63244],[67.9211958,50.6292278],[67.9215391,50.6251224],[67.9166043,50.6204934],[67.9197285,50.6180973],[67.9295476,50.6149495],[67.9348004,50.611137],[67.9368088,50.6077599],[67.9374502,50.6040969],[67.942188,50.6003489],[67.9435613,50.5960666],[67.9393556,50.5924488],[67.938566,50.588678],[67.9378793,50.5840351],[67.9340327,50.5809834],[67.9382212,50.5771464],[67.9360755,50.5732545],[67.9340192,50.5695312],[67.9351522,50.5639159],[67.991344,50.5126914],[67.9429491,50.3132159],[67.5758572,50.1628483],[67.3991195,49.9154538]]]}},{"type":"Feature","properties":{"id":1288730,"name":"Костанайская область"},"geometry":{"type":"Polygon","coordinates":[[[60.9356265,51.6152641],[60.4255772,51.647035],[60.422119,51.6474006],[60.4133267,51.6494563],[60.4008963,51.6565719],[60.3961335,51.6639222],[60.390779,51.6685051],[60.3837142,51.6726786],[60.375118,51.6751672],[60.3697933,51.6763388],[60.3631932,51.6766084],[60.3575811,51.682676],[60.3551546,51.686074],[60.3534311,51.6889964],[60.3599864,51.6915637],[60.3757927,51.6968065],[60.3900205,51.70535],[60.402541,51.708191],[60.412374,51.7124423],[60.4211953,51.7153024],[60.428938,51.7182665],[60.4311726,51.7193197],[60.4318323,51.7223684],[60.4414941,51.7290203],[60.4537763,51.7347852],[60.4531654,51.7398924],[60.4566057,51.7486717],[60.4662997,51.7594396],[60.4773116,51.763763],[60.4784167,51.7666481],[60.4858053,51.7684637],[60.4976237,51.7718742],[60.5086375,51.7732299],[60.5157959,51.7733404],[60.5189014,51.7740564],[60.5181708,51.7789133],[60.482558,51.7980369],[60.2294178,51.8705691],[60.1557952,51.8735831],[60.074519,51.888273],[60.003262,51.9711508],[60.001992,51.9932809],[60.0493598,51.9926989],[60.1738062,51.9911965],[60.2787542,52.0244477],[60.3685078,52.0737824],[60.4255691,52.1091278],[60.5082324,52.1549433],[60.6128611,52.1562026],[60.7120532,52.1561582],[60.7379742,52.1761414],[60.7627033,52.2000214],[60.7721873,52.2100333],[60.776144,52.2210301],[60.7892448,52.2296872],[60.8170625,52.2287146],[60.8383485,52.2317637],[60.8539611,52.2403053],[60.8719856,52.2469271],[60.8932716,52.2513412],[60.9190208,52.260273],[60.9384271,52.2652898],[60.9578163,52.2747702],[60.9740917,52.284961],[60.9812122,52.2916525],[60.9863213,52.2985411],[60.9893743,52.3071552],[61.0066066,52.3157957],[61.0106547,52.32607],[61.0307575,52.3300993],[61.0468311,52.3382452],[61.0657659,52.3481602],[60.9922327,52.4230554],[60.9823287,52.5078713],[60.8590624,52.5204971],[60.843468,52.5708484],[60.843069,52.6410326],[60.8309322,52.6369568],[60.8154301,52.6316556],[60.8037741,52.6309728],[60.7862279,52.6306671],[60.7614617,52.6266924],[60.7449585,52.631715],[60.714271,52.673719],[60.7319321,52.7609968],[60.870612,52.8327564],[60.8889878,52.8320758],[60.9023458,52.8344585],[60.9409697,52.847938],[60.9706671,52.8664913],[60.9835417,52.8829649],[61.0070593,52.8933225],[61.0294175,52.9004121],[61.0419065,52.9114423],[61.0625059,52.9195162],[61.0583693,52.9375338],[61.0086368,52.9781089],[61.0354256,52.9800437],[61.0492948,52.9808167],[61.0646703,52.9762443],[61.0967946,52.9669672],[61.1165356,52.978558],[61.1236381,52.9885827],[61.1437017,52.9987253],[61.1647081,53.0009166],[61.1842138,53.0095716],[61.1967337,53.0172811],[61.2132246,53.0245454],[61.2374289,53.0289849],[61.2510284,53.0361836],[61.3068427,52.9959542],[61.4589339,53.0308949],[61.4771104,53.0342071],[61.5057778,53.0242188],[61.5226436,53.0154997],[61.5388656,53.014964],[61.5852362,52.9913107],[61.7032779,52.9972853],[61.7263017,52.9913494],[61.7702047,52.9962261],[61.8021549,52.996562],[61.8165974,52.9948198],[61.8412595,52.9951724],[62.0293354,52.9510472],[62.1358461,53.0148388],[62.1443313,53.0540769],[62.1193063,53.1118151],[61.9363153,53.1420379],[61.8502075,53.1633122],[61.7742919,53.1911141],[61.7323896,53.2391598],[61.6393854,53.248929],[61.5487543,53.2169873],[61.4566451,53.2395194],[61.397035,53.2745061],[61.3048857,53.2857326],[61.2552434,53.2845912],[61.1770356,53.3117561],[61.1652287,53.3703044],[61.1831931,53.4170168],[61.2201118,53.4550145],[61.2414877,53.4915468],[61.2586516,53.5080373],[61.271013,53.508282],[61.2758436,53.5102166],[61.2813078,53.5109825],[61.2844145,53.5118529],[61.2942319,53.5146645],[61.3078308,53.5140952],[61.3112748,53.5166023],[61.3171649,53.5187457],[61.3594177,53.4930675],[61.4273629,53.458353],[61.5067193,53.473348],[61.5504581,53.5071041],[61.5591753,53.5079257],[61.565178,53.5383436],[61.3577923,53.5613929],[61.3510931,53.5592905],[61.3434924,53.5586666],[61.3343351,53.5590194],[61.3229998,53.5601808],[61.3124892,53.5608082],[61.3002333,53.5622906],[61.2843544,53.5640155],[61.2750437,53.5647723],[61.2673713,53.5648972],[61.2555765,53.5653147],[61.2418171,53.5640486],[61.2299064,53.5674661],[61.2234715,53.5643793],[61.2084671,53.5662351],[61.1938832,53.5689757],[61.1712986,53.5739672],[61.1217767,53.6151332],[60.9342814,53.6246086],[60.9235749,53.6262153],[60.9454269,53.6703904],[61.0584766,53.7213169],[61.2271763,53.795613],[61.136899,53.9045151],[60.9952606,53.9205243],[61.054354,53.9583755],[61.0885629,53.9564185],[61.1417751,53.9733367],[61.1749756,53.9541127],[61.2306194,53.9221796],[61.2646472,53.9652004],[61.2694882,53.9963304],[61.2660688,54.0416006],[61.2938343,54.0738747],[61.297275,54.0732433],[61.3020014,54.070578],[61.3082633,54.0719028],[61.3129945,54.0742817],[61.3172383,54.0766944],[61.3241821,54.0782982],[61.331058,54.0786104],[61.3349073,54.0787558],[61.3405743,54.0771774],[61.3461596,54.0737501],[61.3500892,54.0740196],[61.3495312,54.0751212],[61.3579881,54.0751305],[61.3636367,54.0767432],[61.3659975,54.0804173],[61.3730298,54.0822551],[61.3807401,54.0848925],[61.3853705,54.0854306],[61.39096,54.0847413],[61.398637,54.0857508],[61.4002654,54.0868578],[61.4052504,54.0863934],[61.4146128,54.0841385],[61.4154188,54.0829389],[61.4193337,54.0826185],[61.4253935,54.0842116],[61.4303966,54.0825985],[61.437592,54.0836724],[61.4507035,54.0830868],[61.4633836,54.0833239],[61.4726107,54.082243],[61.4805654,54.0827653],[61.4805168,54.0755026],[61.4820203,54.0405073],[61.5505305,54.0132633],[61.5446266,54.010264],[61.5429025,54.0086433],[61.5709877,53.9675987],[61.6143487,53.9790998],[61.6141208,53.9866427],[61.6192883,53.9938349],[61.6243094,53.9959011],[61.6261547,53.9975433],[61.6302102,54.0000155],[61.6301029,54.0023487],[61.6314446,54.0035191],[61.6319522,54.0047857],[61.6317156,54.0058475],[61.6320911,54.0070014],[61.632928,54.0082977],[61.6375628,54.0099622],[61.6394082,54.0120326],[61.6399017,54.0142517],[61.6406527,54.0160395],[61.642026,54.0172877],[61.6430345,54.0182962],[61.6451683,54.019518],[61.6469577,54.020043],[61.6486937,54.020903],[61.6521894,54.0223685],[61.6539215,54.0240391],[61.6550797,54.0247286],[61.6604313,54.0297723],[61.7006455,54.0188582],[61.7251697,54.029539],[61.7458838,54.0005646],[61.7950662,53.9968169],[61.825791,54.0239642],[61.8459145,54.0317174],[61.8487066,54.0196155],[61.8485396,54.0094321],[61.8642905,54.0160469],[61.884419,54.0141008],[61.8926432,54.0087712],[61.8915319,54.0066655],[61.890581,54.003869],[61.8886548,54.002461],[61.8876973,54.0023658],[61.8861368,54.0010291],[61.8854774,53.9985563],[61.8843914,53.9957821],[61.8823084,53.9923608],[61.8809927,53.9905346],[61.879531,53.9892562],[61.8785077,53.9881228],[61.8752039,53.9843012],[61.8743325,53.9826252],[61.8761369,53.9809039],[61.8745324,53.9785887],[61.8702482,53.9743875],[61.8681951,53.9725195],[61.8649229,53.9700005],[61.8619234,53.9683493],[61.8595334,53.9656979],[61.8574963,53.9638767],[61.8582921,53.9624392],[61.945311,53.9497389],[62.0267272,53.9853103],[62.006329,54.0379087],[62.0132898,54.0398533],[62.0215188,54.0378979],[62.0311188,54.0363391],[62.0404884,54.0350341],[62.041229,54.0382747],[62.0479692,54.0396665],[62.0527836,54.0388618],[62.0573017,54.0379267],[62.0623383,54.0405799],[62.0671897,54.0397535],[62.0715226,54.0437113],[62.0721893,54.0458205],[62.0742261,54.0464728],[62.0726666,54.0496284],[62.0755182,54.0507155],[62.078629,54.0495197],[62.0820732,54.0502154],[62.0843693,54.0486282],[62.0845544,54.0479325],[62.0891096,54.0477368],[62.0879615,54.0449971],[62.0898132,54.043127],[62.09722,54.0427574],[62.1019233,54.0438881],[62.1102929,54.0453885],[62.1125532,54.042785],[62.1153303,54.0427272],[62.1241542,54.0415699],[62.1324855,54.0403863],[62.1302011,54.0377034],[62.1397793,54.0360518],[62.1443213,54.0371717],[62.1484472,54.0346671],[62.1535439,54.0348504],[62.1558669,54.0343006],[62.1619234,54.034992],[62.165446,54.0373866],[62.16883,54.034992],[62.167665,54.0323367],[62.171992,54.0321412],[62.1734898,54.0294042],[62.1783716,54.0294857],[62.1851395,54.0325159],[62.1904015,54.0321831],[62.1923276,54.0313178],[62.2005365,54.0315059],[62.2052865,54.0333794],[62.206292,54.0314652],[62.208823,54.0347233],[62.211146,54.0377369],[62.2174216,54.0393454],[62.2254654,54.039325],[62.2271296,54.0366781],[62.2277191,54.0341735],[62.2329837,54.034051],[62.2441484,54.0350125],[62.2528709,54.0362104],[62.2556352,54.0370615],[62.2583727,54.0347603],[62.2663705,54.0342401],[62.2712819,54.0337988],[62.278904,54.0350913],[62.282554,54.0365729],[62.2826077,54.0345396],[62.2889415,54.0358006],[62.2965744,54.0345695],[62.2972724,54.0330468],[62.3034217,54.0328711],[62.3074603,54.0331054],[62.3126341,54.0326577],[62.3180866,54.0330414],[62.3232375,54.0323773],[62.3309262,54.0332775],[62.3366048,54.0321116],[62.3452986,54.0332037],[62.3475373,54.0360584],[62.3516656,54.0399744],[62.353847,54.0373827],[62.3614136,54.0393607],[62.3648173,54.0380901],[62.3692117,54.041568],[62.3743658,54.0414823],[62.381933,54.0443339],[62.3880799,54.0470774],[62.3941255,54.0472155],[62.3972072,54.0482375],[62.4015356,54.0467321],[62.4200812,54.0074913],[62.4412425,53.9368449],[62.475493,53.9310284],[62.5166073,53.9135313],[62.5261847,53.923704],[62.5424516,53.9304789],[62.5581346,53.9365101],[62.5626214,53.9486824],[62.5735719,53.9569452],[62.5827393,53.9633493],[62.5783772,53.9701885],[62.5861031,53.9792587],[62.598043,53.9882082],[62.5807643,54.0146281],[62.5744021,54.0578828],[62.5759685,54.0590478],[62.5790369,54.0580403],[62.5801206,54.0593816],[62.5830924,54.0607796],[62.584101,54.0599043],[62.5879097,54.0605907],[62.5914824,54.0627946],[62.5879955,54.0631409],[62.5881886,54.0641232],[62.5907099,54.0654202],[62.5933277,54.066075],[62.5924802,54.067265],[62.5926947,54.0683416],[62.5940144,54.0692167],[62.5929522,54.0705262],[62.5955808,54.070564],[62.5959885,54.0724526],[62.5952375,54.0732144],[62.5951195,54.0738565],[62.5974369,54.0739572],[62.597909,54.0730444],[62.600044,54.0732332],[62.6026082,54.07278],[62.6043141,54.0732395],[62.6057088,54.0729059],[62.6072001,54.0724149],[62.6089382,54.0717727],[62.6118135,54.0717161],[62.6148283,54.07261],[62.6162016,54.07261],[62.6207399,54.0743538],[62.624377,54.0763052],[62.6241839,54.0779103],[62.6259201,54.0772684],[62.6287651,54.0765947],[62.6300096,54.0781243],[62.6310718,54.0768024],[62.633518,54.0789992],[62.6356423,54.079465],[62.6373482,54.0809126],[62.6382708,54.0813847],[62.6378524,54.0819952],[62.6394699,54.0826031],[62.6412535,54.0837259],[62.6422627,54.0820682],[62.6432168,54.0809818],[62.6443403,54.0826158],[62.6457596,54.0820015],[62.6451158,54.0808182],[62.6479912,54.0820959],[62.6570435,54.0851615],[62.6595118,54.0866207],[62.6589453,54.0878417],[62.6604152,54.0885906],[62.6631832,54.0889807],[62.6614451,54.0903211],[62.6615524,54.0921207],[62.6650286,54.091718],[62.6676679,54.0910321],[62.6710474,54.0908245],[62.6725924,54.0910321],[62.6754463,54.0912901],[62.6764762,54.0918124],[62.6790941,54.0921144],[62.6807678,54.0922214],[62.6827536,54.0929399],[62.6849627,54.0928254],[62.6892543,54.093398],[62.6900375,54.0947885],[62.6947689,54.0956694],[62.703942,54.0957071],[62.7069032,54.0957764],[62.7098966,54.0952667],[62.7133512,54.0933603],[62.7161765,54.0923315],[62.7202499,54.0916802],[62.7210603,54.0938094],[62.7260649,54.0937504],[62.7283609,54.0925297],[62.7254105,54.0927499],[62.7250886,54.0913404],[62.7241015,54.0909189],[62.7288544,54.0914034],[62.7329528,54.093354],[62.7355277,54.0922717],[62.7369118,54.0928883],[62.7387142,54.0938951],[62.7389717,54.0931023],[62.7389717,54.0916739],[62.7417183,54.0916047],[62.7441001,54.0920263],[62.7490568,54.0934106],[62.7521467,54.0948452],[62.7568889,54.0944047],[62.7586162,54.0941342],[62.7598607,54.0948766],[62.7636034,54.0939174],[62.7611053,54.0931967],[62.7639806,54.0925989],[62.7682614,54.0936937],[62.7718127,54.0951346],[62.7738297,54.0960029],[62.7762759,54.0952478],[62.7779925,54.0944488],[62.7792692,54.095877],[62.7804601,54.097085],[62.7824128,54.0967453],[62.7833247,54.0962168],[62.7854705,54.0967264],[62.7869189,54.0969655],[62.7863335,54.0984698],[62.7892256,54.0979784],[62.7897298,54.096739],[62.7907383,54.0983496],[62.7929807,54.0989913],[62.7942141,54.0991768],[62.7939892,54.1003376],[62.7953903,54.1004527],[62.7970576,54.1004383],[62.7985382,54.1009982],[62.7989566,54.1027344],[62.7981198,54.1038164],[62.8014994,54.103634],[62.8019392,54.1042379],[62.8035943,54.1062931],[62.8066814,54.1077792],[62.8063059,54.1100939],[62.8079364,54.1118289],[62.8151464,54.1115593],[62.8226781,54.1136536],[62.8257251,54.1149617],[62.8349304,54.1129807],[62.841196,54.1146284],[62.8469574,54.1158107],[62.8548217,54.1147039],[62.8579759,54.1172948],[62.8665912,54.1157415],[62.8688872,54.1140058],[62.8724384,54.1134775],[62.8761184,54.1166219],[62.8787312,54.1184638],[62.8888965,54.1170558],[62.8937729,54.1159831],[62.8995538,54.1125255],[62.9005694,54.1137102],[62.9013097,54.1161849],[62.8980192,54.1160269],[62.9015136,54.1174677],[62.9040348,54.1175306],[62.9059875,54.1175306],[62.9045606,54.1158453],[62.9062128,54.1155654],[62.9074949,54.1173294],[62.9091364,54.1178356],[62.9114485,54.1173451],[62.9127681,54.1163641],[62.9152787,54.1182412],[62.9163086,54.1190084],[62.9181272,54.1178387],[62.9202676,54.1188512],[62.9238778,54.1186814],[62.9214671,54.1165299],[62.9213566,54.1156126],[62.9203319,54.1148296],[62.9227781,54.1148233],[62.9251116,54.1155528],[62.9270643,54.1157069],[62.9251385,54.1147636],[62.9267639,54.1138423],[62.9289043,54.113053],[62.9317582,54.1148705],[62.9303098,54.116166],[62.9330673,54.1168877],[62.934553,54.1156252],[62.9361695,54.1163945],[62.9415858,54.1147542],[62.9430717,54.1133769],[62.944048,54.1129241],[62.9464942,54.1126442],[62.9480392,54.1125782],[62.9487151,54.1137354],[62.9517674,54.1131285],[62.9534889,54.1123556],[62.9514992,54.1111002],[62.9536557,54.1104052],[62.9555976,54.1101033],[62.9590312,54.1080601],[62.9619276,54.1074207],[62.9689944,54.1079497],[62.9731071,54.110358],[62.9763579,54.1111819],[62.9791367,54.1108423],[62.9807246,54.1089617],[62.9826558,54.1079679],[62.9852307,54.1076157],[62.9866791,54.107188],[62.9876577,54.1056764],[62.9891467,54.1059048],[62.9916358,54.1064961],[62.9916036,54.1054708],[62.9928589,54.105823],[62.9944789,54.106754],[62.9946772,54.1055992],[62.998116,54.1056972],[62.9996073,54.1062822],[63.0019033,54.1064206],[63.0026007,54.1081629],[63.0050576,54.1087039],[63.007772,54.1077918],[63.0086625,54.1061816],[63.0127394,54.1056406],[63.0105615,54.1071817],[63.0097675,54.1077478],[63.0128896,54.1084648],[63.0129003,54.107144],[63.015207,54.107905],[63.016634,54.1075591],[63.017782,54.1069301],[63.0220628,54.1059048],[63.0288871,54.1050371],[63.0348408,54.1026589],[63.0391645,54.1033761],[63.0448278,54.1013628],[63.0556443,54.1010888],[63.0711472,54.1045776],[63.0778742,54.1042819],[63.0843007,54.1055651],[63.0926263,54.1077667],[63.0911485,54.1090332],[63.0895579,54.110314],[63.093195,54.1103203],[63.0938387,54.1121757],[63.0975079,54.1116851],[63.1005013,54.11227],[63.1011236,54.11327],[63.1019819,54.1141819],[63.1015313,54.1158044],[63.1053185,54.11549],[63.1072068,54.116886],[63.1088912,54.1159679],[63.1117666,54.1160559],[63.1109834,54.1172319],[63.1145024,54.1174772],[63.1165194,54.1190178],[63.1182253,54.1191939],[63.1204033,54.1185336],[63.1227314,54.1176092],[63.1227314,54.1192693],[63.1218195,54.1213129],[63.123858,54.1211809],[63.1243193,54.1196215],[63.1267118,54.1183575],[63.1271946,54.1198981],[63.1273556,54.1214638],[63.1291151,54.1213758],[63.1305957,54.1218663],[63.1313789,54.1220423],[63.1331384,54.1211872],[63.1325591,54.1230295],[63.1344259,54.1235765],[63.1367004,54.1230421],[63.1382882,54.1221241],[63.1396079,54.1234319],[63.1416893,54.1224196],[63.1433953,54.1219433],[63.1457448,54.12374],[63.1474829,54.1228157],[63.1521606,54.1229037],[63.1561303,54.1268647],[63.1584799,54.1294675],[63.1588662,54.1324284],[63.1574285,54.1332204],[63.1555724,54.1345216],[63.1576538,54.1362753],[63.1570974,54.1372516],[63.1551218,54.136445],[63.1570208,54.1382427],[63.1551915,54.1389026],[63.1544191,54.139858],[63.1543708,54.1411181],[63.1565058,54.1406342],[63.1566775,54.1416272],[63.1577021,54.1423845],[63.1562054,54.1429689],[63.1593275,54.1444961],[63.1603038,54.1464253],[63.163104,54.1454701],[63.1648099,54.1475627],[63.1620955,54.1494667],[63.1637585,54.1503966],[63.1681466,54.15127],[63.1695199,54.1530796],[63.1654429,54.1535194],[63.1660116,54.1554294],[63.1646705,54.1578042],[63.1629753,54.1575152],[63.1616127,54.1575026],[63.1605828,54.1593873],[63.1586623,54.161253],[63.1577825,54.1627606],[63.1552398,54.1625722],[63.1542206,54.1642807],[63.1530619,54.1632443],[63.1505298,54.1631626],[63.1551432,54.1753847],[63.1568599,54.1775699],[63.1548321,54.1794474],[63.1527185,54.1793344],[63.1512809,54.1824361],[63.1547785,54.1848407],[63.1586194,54.1898818],[63.1613338,54.1905786],[63.1672776,54.191131],[63.1717408,54.1937988],[63.1759894,54.1919408],[63.1773841,54.1916081],[63.1784463,54.1924618],[63.1802595,54.1905096],[63.1808066,54.1921354],[63.1830382,54.1914825],[63.1840467,54.1901266],[63.1842613,54.1889402],[63.186332,54.1865232],[63.1891537,54.1867304],[63.1943142,54.1865421],[63.1986058,54.1860273],[63.1994426,54.1881932],[63.2016635,54.1881869],[63.2006764,54.1863349],[63.2030046,54.1860524],[63.2089603,54.1868867],[63.21545,54.1890281],[63.2168493,54.1878824],[63.2242155,54.189885],[63.2241619,54.1910243],[63.225798,54.1906759],[63.2241672,54.191379],[63.2238561,54.192603],[63.221764,54.1929702],[63.2202512,54.1925559],[63.2206321,54.1941942],[63.2227242,54.1955625],[63.2250255,54.1968147],[63.2249933,54.1977593],[63.2263398,54.1966829],[63.2254708,54.1951608],[63.2270694,54.1953648],[63.2298052,54.1964914],[63.2314146,54.1980448],[63.2324982,54.1975929],[63.2341611,54.1962592],[63.2325572,54.1953648],[63.2310873,54.194734],[63.2338607,54.194869],[63.2370791,54.1952717],[63.2380557,54.1949129],[63.2393378,54.195641],[63.2372564,54.1966327],[63.2389998,54.1964663],[63.2405716,54.1958607],[63.2414246,54.1953554],[63.2424974,54.1963471],[63.2422399,54.1952299],[63.2427871,54.1946085],[63.2455552,54.1949725],[63.2449973,54.1967864],[63.2472718,54.1953742],[63.2484949,54.1949349],[63.2486665,54.1939557],[63.2506621,54.1934849],[63.2495677,54.1918654],[63.2517671,54.1916018],[63.2544172,54.1920538],[63.2555437,54.1911247],[63.2576358,54.1923613],[63.2587892,54.1916834],[63.2597816,54.1926783],[63.2605809,54.1923551],[63.2617772,54.1914166],[63.2627696,54.1915076],[63.2634187,54.1907324],[63.264218,54.1920475],[63.26307,54.1927003],[63.2638781,54.1931122],[63.2640839,54.1937674],[63.2656234,54.1945928],[63.2665247,54.1935759],[63.2659721,54.1928635],[63.2682842,54.1931711],[63.2687831,54.1937674],[63.2699096,54.1928196],[63.2721251,54.193441],[63.2740241,54.1942664],[63.275848,54.196344],[63.2783264,54.1970061],[63.2798821,54.1976902],[63.2792813,54.1966452],[63.2785249,54.1957037],[63.2803702,54.1949757],[63.2822049,54.1954621],[63.2839483,54.1950541],[63.2854128,54.1957037],[63.2881755,54.1963094],[63.2912439,54.1950133],[63.2941461,54.1957822],[63.2965654,54.1963],[63.299135,54.1967205],[63.3024019,54.1959015],[63.3038878,54.1949945],[63.3045906,54.1963032],[63.3069938,54.1966421],[63.3101857,54.1957037],[63.3141446,54.1955186],[63.3136457,54.1965636],[63.3139354,54.1979821],[63.3153999,54.1987164],[63.3164942,54.197935],[63.3179319,54.1976337],[63.3203942,54.1987446],[63.322953,54.199799],[63.3260053,54.200367],[63.3271372,54.2018104],[63.3298463,54.2019893],[63.3326518,54.2011012],[63.3350229,54.2003293],[63.3368093,54.2007059],[63.3372545,54.2000187],[63.3372813,54.1991526],[63.3398563,54.1987164],[63.3382684,54.1982771],[63.3380645,54.1976086],[63.3401298,54.1964444],[63.34153,54.1979946],[63.3425599,54.1970689],[63.3401942,54.196027],[63.3417177,54.1948344],[63.3444536,54.1943762],[63.3471143,54.1950698],[63.3474362,54.1942381],[63.3498341,54.1930581],[63.3514795,54.1940745],[63.3523017,54.1931585],[63.3524358,54.1915704],[63.3501667,54.191357],[63.3525968,54.190745],[63.3543938,54.1911342],[63.3553755,54.1896998],[63.3545548,54.1888084],[63.3559668,54.1893777],[63.3568132,54.190632],[63.3580041,54.1899132],[63.3564806,54.1891317],[63.3580416,54.1886546],[63.3610511,54.188664],[63.3623787,54.1895924],[63.3634436,54.1904091],[63.3651066,54.1899069],[63.3658361,54.1890344],[63.3668554,54.1879107],[63.3701599,54.1885573],[63.3718336,54.1886326],[63.373768,54.1904793],[63.3749878,54.190905],[63.376919,54.1904782],[63.3763397,54.1923425],[63.3780341,54.192845],[63.3791742,54.1931826],[63.3794188,54.1941063],[63.3811247,54.1944955],[63.3807707,54.1934159],[63.3808458,54.1919722],[63.3797192,54.1912252],[63.3830881,54.1911875],[63.3854914,54.1912754],[63.4036525,54.1888858],[63.4114446,54.1914493],[63.4155076,54.1936857],[63.4119138,54.1950072],[63.4182748,54.1957293],[63.4232473,54.1956486],[63.4265689,54.1946387],[63.4258304,54.1962319],[63.427501,54.1960283],[63.4296355,54.1965577],[63.4311785,54.1965237],[63.4353548,54.1972906],[63.4389627,54.1979489],[63.4438003,54.1973585],[63.4454012,54.1987429],[63.4515442,54.1972487],[63.4560871,54.1958701],[63.4622593,54.1985258],[63.47247,54.2028176],[63.4827268,54.2053026],[63.4877694,54.2066769],[63.4862244,54.2080134],[63.4880054,54.2100652],[63.487715,54.2111608],[63.4888208,54.2101781],[63.4901991,54.2082883],[63.491874,54.2098622],[63.4919321,54.2114894],[63.4929192,54.2128258],[63.4908593,54.2130642],[63.4903308,54.2133068],[63.4929085,54.2141308],[63.4924009,54.2156398],[63.4938848,54.2146578],[63.4948611,54.2145198],[63.4967065,54.2147895],[63.4985117,54.2150007],[63.5006761,54.2151722],[63.5016632,54.2133842],[63.5040557,54.2118157],[63.5083473,54.2113514],[63.5078037,54.209395],[63.5101855,54.2081396],[63.5094809,54.206111],[63.5146129,54.206269],[63.5187757,54.2070722],[63.5203099,54.2085718],[63.5207273,54.2099037],[63.522166,54.2122423],[63.5252237,54.2156929],[63.5311246,54.2143253],[63.5315001,54.2121357],[63.5344076,54.2102283],[63.5385919,54.2094817],[63.5490632,54.2126815],[63.5530543,54.2153416],[63.5587629,54.2159126],[63.5635686,54.2152789],[63.5652908,54.2175976],[63.5687613,54.2175938],[63.5723448,54.218472],[63.5763252,54.2193314],[63.5790229,54.2177007],[63.5852623,54.2197831],[63.5874731,54.2201842],[63.5912275,54.2207616],[63.6006582,54.2236846],[63.6072296,54.2259865],[63.6092842,54.2284168],[63.6115104,54.2290001],[63.6171806,54.2287273],[63.621921,54.2293401],[63.6231673,54.2282945],[63.6319327,54.2317939],[63.6354518,54.2339637],[63.6425114,54.2365158],[63.646567,54.2407733],[63.6445258,54.2417447],[63.6476256,54.2422339],[63.6507618,54.2414942],[63.6556435,54.2415381],[63.6599564,54.2440897],[63.6634648,54.2432057],[63.6643124,54.2428609],[63.6675525,54.2438577],[63.6715668,54.2450761],[63.6737852,54.2447701],[63.677618,54.2466964],[63.6839569,54.2479764],[63.6861463,54.2477657],[63.6928403,54.2484278],[63.7020671,54.2499259],[63.7036978,54.2521486],[63.7049103,54.2543449],[63.7090194,54.2531979],[63.7096524,54.2519882],[63.7128586,54.2519834],[63.7164116,54.2535301],[63.7173664,54.2531038],[63.72154,54.2545705],[63.7250161,54.2562565],[63.7270546,54.2573783],[63.7304878,54.257372],[63.7288999,54.2580802],[63.7265718,54.2586819],[63.7282562,54.2602172],[63.729813,54.2612638],[63.7325799,54.2630372],[63.7341893,54.2615959],[63.7360561,54.2608502],[63.7378263,54.2617714],[63.740809,54.2609442],[63.7409699,54.2596846],[63.745197,54.2601483],[63.7481046,54.2614142],[63.7526429,54.2609567],[63.75687,54.2632878],[63.7582004,54.2656752],[63.7597183,54.2670526],[63.7656355,54.2658006],[63.7671912,54.2657442],[63.7668586,54.2648168],[63.7697017,54.2660136],[63.7718367,54.2658068],[63.7748301,54.2668156],[63.780967,54.26706],[63.7854624,54.2664773],[63.7922001,54.2680813],[63.7941849,54.27008],[63.792479,54.2710511],[63.7948823,54.2714646],[63.7984121,54.2703368],[63.7983477,54.2690712],[63.814722,54.266136],[63.8763585,54.2268936],[63.9140524,54.1981125],[63.9337768,54.1995363],[63.9475134,54.2041524],[63.9578131,54.2038512],[63.9602164,54.2015418],[64.0062216,54.2156973],[63.9931754,54.2638499],[63.9787558,54.2922136],[63.9815581,54.2989835],[64.0130881,54.3042347],[64.0189246,54.3005286],[64.0136031,54.2928147],[64.0190962,54.2865023],[64.0716246,54.3028324],[64.0772894,54.3120465],[64.0756523,54.3182963],[64.1669534,54.3085943],[64.1781209,54.3079917],[64.1882536,54.3101921],[64.1925955,54.3103127],[64.1934225,54.3148959],[64.1973738,54.312457],[64.2031511,54.313995],[64.2079403,54.3171359],[64.210357,54.3195184],[64.212489,54.3218103],[64.2181821,54.322774],[64.2241408,54.3218318],[64.2271731,54.323611],[64.2287904,54.3237825],[64.2287169,54.3212422],[64.2292866,54.3194843],[64.2305363,54.3187125],[64.2312898,54.3182248],[64.2392154,54.3192967],[64.2547507,54.3215913],[64.2780105,54.3283402],[64.2857063,54.3282062],[64.2874867,54.3310193],[64.2985135,54.3307514],[64.3089971,54.3322048],[64.3159201,54.3310452],[64.3318662,54.3319787],[64.3421622,54.3345499],[64.3758334,54.334177],[64.4347922,54.3300361],[64.4517548,54.3366548],[64.464908,54.3431728],[64.4669432,54.3534074],[64.4627854,54.3556345],[64.4667571,54.3598549],[64.4785902,54.3647318],[64.5006933,54.3637668],[64.5137797,54.3578404],[64.5305766,54.356238],[64.5326969,54.358574],[64.5360762,54.3594427],[64.5412405,54.3633105],[64.5476651,54.3641505],[64.5495946,54.3606666],[64.5680626,54.3621708],[64.567294,54.3670041],[64.5667374,54.3685173],[64.574344,54.3705863],[64.5786642,54.3743688],[64.5823121,54.3711925],[64.5860778,54.3745915],[64.594738,54.3741404],[64.5997835,54.375046],[64.5948813,54.3782175],[64.5906817,54.3808967],[64.5992948,54.3819939],[64.5981042,54.3840065],[64.5996081,54.3858926],[64.6112672,54.3861796],[64.6042277,54.3890342],[64.6097745,54.3923033],[64.6167122,54.3959771],[64.6186798,54.3957598],[64.6265656,54.3926198],[64.6753791,54.3623969],[64.7338979,54.3554553],[64.8440277,54.38417],[64.9312333,54.4132755],[64.987589,54.4126485],[65.0575103,54.3748831],[65.1085689,54.3335531],[65.190936,54.342863],[65.222007,54.436988],[65.212465,54.531772],[65.357903,54.577404],[65.50383,54.570918],[65.530516,54.649518],[65.627621,54.638941],[65.782249,54.624896],[65.981779,54.7170406],[66.0743402,54.6088887],[66.0857912,54.5518124],[66.0993203,54.51266],[66.0856096,54.4732525],[66.0877659,54.4163911],[66.1039081,54.3956395],[66.1408302,54.3400848],[66.1656545,54.3064407],[66.1598023,54.2878001],[66.0848389,54.2597734],[66.1090494,54.2184289],[66.1787668,54.1888199],[66.2694824,54.1804477],[66.308203,54.1165448],[66.2259673,54.0875809],[66.1256574,54.0655553],[66.0342127,54.0283115],[65.9691971,54.0022862],[65.9710187,53.9810037],[66.0148594,53.9306431],[66.034932,53.8751142],[66.0714574,53.8041975],[66.1296112,53.8051836],[66.1609761,53.8055253],[66.1710751,53.805696],[66.1781152,53.8057755],[66.17821,53.7926848],[66.176424,53.7581852],[66.1758257,53.7473204],[66.1748855,53.7207768],[66.1736502,53.6974198],[66.1719467,53.6680914],[66.1369714,53.6517074],[66.1049581,53.6103193],[66.1058513,53.5720299],[66.1082692,53.5322687],[66.1393931,53.503125],[66.2483794,53.5002502],[66.2484581,53.447097],[66.2491579,53.4045327],[66.2492395,53.3553184],[66.2551823,53.2561234],[66.2559221,53.2113004],[66.399366,53.1448644],[66.3716971,53.0926336],[66.2764794,53.1029292],[66.2315005,53.1082189],[66.1991914,53.1111183],[66.1425761,53.0802765],[66.0791599,53.0670898],[66.0523799,53.0475542],[66.0523397,53.0441552],[66.0688249,52.9842262],[66.1113682,52.9783274],[66.2305274,52.9735464],[66.3170496,52.9490147],[66.3092323,52.9019956],[66.158252,52.8920958],[66.1220834,52.8495299],[66.1246842,52.817109],[66.0971632,52.7633637],[66.0197731,52.7431424],[66.0166597,52.6713865],[66.0141925,52.6134628],[66.0105425,52.5262251],[66.0089372,52.482522],[65.8689505,52.1408681],[65.8610143,52.0807207],[65.528489,51.8019252],[65.5773276,51.6281613],[65.3951076,51.3163981],[65.4504081,51.1857311],[65.6158131,51.0297154],[65.621189,50.8267791],[65.6342329,50.8348001],[65.6681691,50.846376],[65.6931124,50.8460986],[65.7287513,50.8538632],[65.7523194,50.8478602],[65.7937573,50.8594198],[65.8131554,50.8799965],[65.861935,50.9643799],[65.9895275,50.9465945],[66.0879974,50.871741],[66.1168113,50.8048117],[66.2185357,50.8225138],[66.6663241,50.6358583],[66.9908958,50.6581929],[67.1007835,50.5778129],[67.09489,50.5507365],[67.0706735,50.5176047],[67.1094861,50.4326744],[67.1311856,50.3841402],[67.4888477,50.4506012],[67.4851391,50.4523148],[67.4839718,50.4551674],[67.4816887,50.4568833],[67.4799034,50.457703],[67.4798005,50.4627737],[67.4756462,50.4671882],[67.4753029,50.4695374],[67.4822552,50.4715914],[67.4906666,50.4730664],[67.4950783,50.4731756],[67.501138,50.4740824],[67.504348,50.4749455],[67.5105278,50.4762018],[67.5149567,50.4762018],[67.5207932,50.4775236],[67.5230591,50.4774035],[67.5255997,50.4787471],[67.528003,50.4791295],[67.530904,50.4808117],[67.5339253,50.4813033],[67.5363285,50.481631],[67.5374272,50.4830073],[67.5394528,50.4830946],[67.5424912,50.484744],[67.5470917,50.4853993],[67.5536492,50.484602],[67.5577519,50.4885449],[67.5602066,50.491297],[67.5643437,50.4933502],[67.5690644,50.4923782],[67.5748494,50.4926185],[67.5814583,50.4926294],[67.5876725,50.4908056],[67.5933888,50.4892111],[67.5967877,50.4865025],[67.602298,50.4856833],[67.6047184,50.4869721],[67.6080658,50.4868192],[67.613353,50.4865789],[67.6228974,50.4839903],[67.6291115,50.4834333],[67.634021,50.483324],[67.6423466,50.4819587],[67.6472733,50.481478],[67.6530583,50.4817293],[67.6541913,50.4831274],[67.6546032,50.4841214],[67.6588261,50.4838592],[67.6638043,50.4830837],[67.6666539,50.4824939],[67.6687653,50.48162],[67.6731255,50.4830728],[67.6759236,50.4851044],[67.6785843,50.4865025],[67.6815712,50.4867318],[67.6840947,50.486994],[67.6852963,50.4863714],[67.687854,50.486295],[67.6922486,50.4875073],[67.6962655,50.4870813],[67.7038872,50.4873107],[67.7127964,50.4865899],[67.7173111,50.4850826],[67.7255852,50.4836626],[67.728555,50.4863168],[67.7373567,50.4886266],[67.7462144,50.4896096],[67.7498193,50.4891946],[67.7522226,50.4883754],[67.7582307,50.4881898],[67.7628141,50.4879713],[67.7652517,50.487174],[67.771483,50.4868136],[67.7751394,50.4867044],[67.7793794,50.4860818],[67.7813707,50.4847493],[67.7862459,50.4859289],[67.7903143,50.4874689],[67.7948633,50.4885502],[67.8003393,50.4891181],[67.803721,50.4896423],[67.8093687,50.490931],[67.814055,50.4921214],[67.8179689,50.4937049],[67.8221918,50.4951027],[67.8274103,50.4959108],[67.8308092,50.4966861],[67.8323885,50.4971666],[67.8350835,50.4982039],[67.8390833,50.5006717],[67.8415552,50.5014578],[67.8438039,50.5041546],[67.8459154,50.5072007],[67.8493486,50.5100391],[67.853005,50.5119713],[67.8562666,50.5133904],[67.862309,50.515388],[67.8655706,50.5169489],[67.8691927,50.5176474],[67.8710294,50.5185424],[67.8768659,50.5190118],[67.8784624,50.5220459],[67.8823076,50.5234647],[67.885758,50.523803],[67.8895345,50.5248944],[67.8940492,50.5269679],[67.8994222,50.5276335],[67.9051729,50.5300124],[67.9080053,50.5315837],[67.9112325,50.533155],[67.9148718,50.5347808],[67.9180818,50.5373011],[67.9193693,50.5397013],[67.9179617,50.5422324],[67.9216009,50.5434433],[67.9234892,50.5446105],[67.9241243,50.5470213],[67.9279009,50.5468467],[67.929978,50.5492138],[67.9322611,50.5491156],[67.9314371,50.5523223],[67.9340463,50.5530313],[67.935248,50.5556052],[68.0089223,50.5380895],[67.9641775,50.3171783],[67.6062197,50.1884341],[67.0581457,49.6670051],[66.5971811,49.3243554],[65.7753963,48.982181],[65.7438439,48.884764],[65.7295288,48.8747576],[65.7147635,48.8770966],[65.6905223,48.8761788],[65.6716605,48.8764748],[65.6507055,48.8716192],[65.6320194,48.862088],[64.4908254,48.5655417],[64.0560313,48.1990915],[63.770803,48.4539982],[63.4167575,48.6017719],[63.1301743,48.8634099],[62.7897737,48.8856505],[62.4906114,49.1238593],[62.5212723,49.2376385],[62.3211923,49.5201086],[62.452104,49.6249717],[62.5963198,49.8065164],[62.7906653,49.936889],[62.9073133,49.8857985],[62.9260233,49.8817585],[62.9299933,49.8956285],[62.9227833,49.8998984],[62.9319633,49.9047484],[62.9184133,49.9134884],[62.9188233,49.9209183],[62.9168933,49.9289783],[62.9203433,49.9314983],[62.9204933,49.9402083],[62.9368293,49.9470507],[62.94525,49.95578],[62.94696,49.95993],[62.94282,49.97882],[62.9416,49.98851],[62.94803,49.99348],[62.95293,49.99674],[62.9454,49.99945],[62.94783,50.0046],[62.94029,50.00759],[62.92715,50.01739],[62.91961,50.01846],[62.9136352,50.0224678],[62.9136009,50.0272459],[62.9073696,50.0328339],[62.8999023,50.0368585],[62.8912334,50.0394495],[62.8927784,50.0441349],[62.8892593,50.0526227],[62.8912334,50.0578028],[62.8823928,50.0614396],[62.8832168,50.0661036],[62.8830795,50.0713566],[62.8804702,50.0782229],[62.878582,50.08318],[62.8853111,50.0903585],[62.8800754,50.0934972],[62.8728742,50.1010211],[62.8662567,50.1040669],[62.8596477,50.1023328],[62.8559999,50.1115808],[62.8530902,50.1114253],[62.846816,50.1152961],[62.8452797,50.1184153],[62.8456573,50.1217627],[62.8465156,50.1289712],[62.8405504,50.1316947],[62.8388767,50.1352159],[62.8317956,50.1369488],[62.8361301,50.1405796],[62.8339414,50.1448976],[62.8269977,50.1469149],[62.8241224,50.1502699],[62.8205947,50.1571895],[62.8220539,50.1643102],[62.8160028,50.1662346],[62.807806,50.1696432],[62.8003473,50.171577],[62.7982788,50.1656298],[62.794116,50.1665645],[62.7858848,50.1719893],[62.7836446,50.1788508],[62.7857475,50.1818188],[62.7870779,50.1870949],[62.7917127,50.1885787],[62.7854557,50.1922151],[62.7763919,50.1935243],[62.7727441,50.1957222],[62.7665214,50.1944035],[62.7598266,50.195942],[62.7547712,50.2022699],[62.7497844,50.2073419],[62.7396564,50.2111046],[62.739665,50.2154259],[62.7347297,50.2203687],[62.7293996,50.225274],[62.7287216,50.2306372],[62.7285499,50.2334373],[62.7216749,50.2379021],[62.7265243,50.2388353],[62.7261037,50.2412054],[62.7311592,50.24287],[62.7298803,50.2471335],[62.7345066,50.2501152],[62.7349014,50.256628],[62.7351074,50.2635323],[62.7278118,50.2672083],[62.7256231,50.2728863],[62.7215461,50.2775215],[62.7172632,50.2790121],[62.7123622,50.2802915],[62.7114181,50.2858034],[62.7054529,50.2903825],[62.6979084,50.2928049],[62.6905613,50.296003],[62.6900463,50.3003344],[62.6943378,50.2994024],[62.6907329,50.305104],[62.6876859,50.3063648],[62.6808195,50.3063374],[62.6722364,50.3083108],[62.6692752,50.311216],[62.671421,50.3173547],[62.6645546,50.3235473],[62.6627521,50.3296844],[62.6636962,50.335985],[62.6542635,50.3402128],[62.6460151,50.3440924],[62.6436634,50.3485933],[62.6421098,50.3540057],[62.6398782,50.359427],[62.6393203,50.3636978],[62.6406936,50.3705414],[62.6415948,50.3774387],[62.6370887,50.3827479],[62.6303081,50.3896708],[62.6140861,50.3899444],[62.6081209,50.3976596],[62.5997095,50.4025014],[62.5918989,50.4065223],[62.5834531,50.4066139],[62.5677461,50.411701],[62.5586824,50.4218366],[62.5554723,50.4301577],[62.550271,50.4384581],[62.5439281,50.4468308],[62.5402717,50.4561939],[62.5316457,50.4596911],[62.5218181,50.4632973],[62.5151748,50.4731952],[62.5072698,50.4792488],[62.5045318,50.4864129],[62.5026779,50.4919733],[62.5011329,50.4997264],[62.5106601,50.5041485],[62.5208396,50.5079246],[62.5281696,50.5143557],[62.497042,50.590701],[62.2764607,50.7218448],[62.4302613,50.8528345],[62.1810776,51.129435],[61.9947382,51.0893369],[61.9240722,51.2205956],[61.7870868,51.269131],[61.599407,51.2994589],[61.500527,51.409259],[61.468045,51.4077087],[61.4634592,51.4095137],[61.4478472,51.4095469],[61.4382786,51.4148929],[61.4309504,51.4209652],[61.4202648,51.4226021],[61.4135852,51.4194769],[61.4038327,51.4172186],[61.3908843,51.4198276],[61.3900339,51.4272602],[61.3738071,51.4255412],[61.360406,51.4314678],[61.3560441,51.4364275],[61.3418034,51.438495],[61.3190613,51.4437617],[61.3051802,51.4395894],[61.2911069,51.4392303],[61.2791929,51.437876],[61.271133,51.439859],[61.2643533,51.4432748],[61.256662,51.4408807],[61.2517639,51.4413825],[61.2446254,51.4474882],[61.2335587,51.4515743],[61.2209424,51.4489928],[61.2112433,51.4534897],[61.2029797,51.4610683],[61.1949101,51.4576357],[61.1867822,51.4564391],[61.1659486,51.4544084],[61.1552796,51.4568017],[61.1509978,51.4526058],[61.1487961,51.4532585],[61.1422686,51.4547816],[61.135576,51.4544789],[61.1328806,51.456214],[61.1241976,51.4547016],[61.1103575,51.4518572],[61.1041298,51.4498228],[61.1020596,51.4576275],[61.0943896,51.4634946],[61.088913,51.4677213],[61.0785427,51.4656378],[61.0632521,51.46456],[61.0537769,51.4644688],[61.0359311,51.4637807],[61.0270017,51.4665746],[61.0225835,51.4635651],[61.0137805,51.4640897],[61.0094295,51.4663902],[61.0062486,51.4683519],[61.001206,51.4677805],[60.9984004,51.4684555],[60.9982439,51.4736335],[60.9941848,51.4759735],[60.992655,51.4811837],[60.989331,51.488354],[60.9779313,51.4907691],[60.9727206,51.4889831],[60.9663148,51.4886557],[60.9592875,51.4907095],[60.9524037,51.4934181],[60.9527383,51.5033877],[60.945233,51.5097552],[60.9439901,51.5185611],[60.9343336,51.5247347],[60.925504,51.533764],[60.9177026,51.5454248],[60.9117758,51.5500646],[60.9100592,51.558023],[60.9117651,51.5651197],[60.912795,51.5712417],[60.915885,51.5744958],[60.9177761,51.5792821],[60.922687,51.5866698],[60.9286093,51.596388],[60.9354424,51.6042147],[60.931218,51.60975],[60.9356265,51.6152641]]]}},{"type":"Feature","properties":{"id":2465058,"name":"Алматы"},"geometry":{"type":"MultiPolygon","coordinates":[[[[76.9609131,43.3806771],[76.9444455,43.3811568],[76.9385463,43.3791059],[76.9360311,43.3792079],[76.9309482,43.3771416],[76.9282691,43.3744475],[76.9276182,43.3711744],[76.9246029,43.369362],[76.9243343,43.3669069],[76.9229562,43.3667585],[76.9224336,43.3643919],[76.9206108,43.363186],[76.9190717,43.362256],[76.9183019,43.3606691],[76.9172102,43.3589685],[76.9138468,43.3565889],[76.9094832,43.3521248],[76.9057473,43.3520071],[76.9053719,43.3509105],[76.9036344,43.3494695],[76.9008492,43.3480929],[76.8995077,43.3472132],[76.8989162,43.3470743],[76.8986635,43.3468951],[76.8980597,43.3466262],[76.89716,43.3460257],[76.8965561,43.3458061],[76.896402,43.3456045],[76.8956749,43.3452415],[76.8949478,43.345004],[76.8940173,43.3449189],[76.8928157,43.3443587],[76.8923166,43.3438747],[76.892181,43.3434893],[76.8922303,43.3429739],[76.8918729,43.3427319],[76.8914539,43.3425258],[76.8914847,43.3418805],[76.8914477,43.3414995],[76.8914909,43.3410603],[76.8906836,43.3406346],[76.8899043,43.3395156],[76.8881881,43.3348884],[76.8821614,43.3309732],[76.8763623,43.329696],[76.8770334,43.3303987],[76.877613,43.329696],[76.8785688,43.330088],[76.8779994,43.3309165],[76.8770029,43.3318188],[76.8773588,43.3333203],[76.8789044,43.333128],[76.8793619,43.3322848],[76.879963,43.3332115],[76.8784265,43.3346294],[76.879081,43.3346224],[76.8795893,43.3347267],[76.8801439,43.3347883],[76.8800469,43.3344379],[76.8801233,43.3341711],[76.880356,43.3351335],[76.879335,43.3350916],[76.8791085,43.3354237],[76.8783823,43.3355153],[76.878501,43.3360931],[76.8794788,43.336203],[76.8805502,43.3361638],[76.8806077,43.3368933],[76.8800391,43.3376211],[76.8803051,43.3387611],[76.8804058,43.3391324],[76.8797875,43.339373],[76.8790679,43.3395492],[76.8781409,43.3397077],[76.8785076,43.34033],[76.878184,43.3410426],[76.8793071,43.3411155],[76.8790671,43.3417041],[76.8789196,43.342085],[76.8793594,43.3421183],[76.8800076,43.3422773],[76.8796975,43.3424529],[76.8791001,43.3423586],[76.8792221,43.3428948],[76.8792002,43.3432705],[76.8787681,43.3435496],[76.8782396,43.3438712],[76.8778546,43.3439684],[76.8775787,43.34379],[76.8771072,43.3437502],[76.8765225,43.3437539],[76.8767564,43.3441237],[76.8766948,43.3444407],[76.8761225,43.3446021],[76.8757702,43.3450506],[76.8750569,43.3451481],[76.8756172,43.3456346],[76.8759535,43.3459553],[76.8752862,43.3463597],[76.8732345,43.3465757],[76.8596603,43.3350952],[76.8519343,43.3349497],[76.8532292,43.3393591],[76.8540318,43.3408353],[76.8561719,43.3430989],[76.8527726,43.3449235],[76.8506248,43.3475713],[76.8494201,43.3518786],[76.8499753,43.3530644],[76.8503228,43.3540591],[76.8450193,43.3543436],[76.8421217,43.3542821],[76.8403417,43.3539833],[76.8382275,43.3539169],[76.8359592,43.3539589],[76.8336374,43.3535223],[76.8306351,43.3528123],[76.8264208,43.3527117],[76.8200208,43.3537756],[76.8162354,43.3543259],[76.8127874,43.3546468],[76.8119537,43.3536749],[76.8116092,43.3522542],[76.8117616,43.3510654],[76.8118812,43.3493206],[76.808501,43.3468858],[76.8069485,43.3458735],[76.8062862,43.3457256],[76.8054047,43.3454193],[76.8059375,43.3437217],[76.8055897,43.3413168],[76.8050137,43.3395906],[76.8041298,43.3388909],[76.8018209,43.33245],[76.8008578,43.3293937],[76.7972394,43.3294909],[76.7907966,43.329451],[76.7867996,43.3255229],[76.7842975,43.3250001],[76.7847286,43.3238843],[76.7833815,43.3229708],[76.7823836,43.320696],[76.7719976,43.3171591],[76.7665643,43.3152433],[76.7508944,43.3170604],[76.7430619,43.3123317],[76.7488013,43.303322],[76.754689,43.3041895],[76.7554143,43.2966865],[76.7805661,43.289234],[76.7840097,43.2872538],[76.7853485,43.2815824],[76.7905924,43.286126],[76.7924583,43.2882281],[76.7948992,43.2873066],[76.7966372,43.2858774],[76.7969484,43.283589],[76.7978657,43.2824097],[76.7975524,43.2720154],[76.7870606,43.2665438],[76.7897889,43.2596647],[76.7885395,43.2561927],[76.7924583,43.2532839],[76.7931945,43.2509233],[76.7915237,43.2524883],[76.7882848,43.2525694],[76.7843764,43.2500834],[76.7802553,43.2512893],[76.7778111,43.2448748],[76.786458,43.2318586],[76.7701331,43.2285397],[76.7713665,43.2268773],[76.7726893,43.2237271],[76.7725298,43.2212379],[76.7794699,43.2181479],[76.7762249,43.2178393],[76.7720361,43.216154],[76.7721078,43.2147324],[76.7737053,43.2115207],[76.7758685,43.2072732],[76.7779269,43.2014155],[76.7791677,43.1989442],[76.7801472,43.1996117],[76.7827022,43.1998565],[76.7850284,43.1962669],[76.7863097,43.1970252],[76.787895,43.1972218],[76.7897585,43.1964876],[76.7903453,43.1936596],[76.7913795,43.1900454],[76.7905715,43.1886576],[76.7913494,43.1862121],[76.790426,43.1859097],[76.7911865,43.1837837],[76.7918318,43.18129],[76.7917664,43.1789668],[76.7919358,43.177641],[76.7925373,43.1758376],[76.7918792,43.1750909],[76.7898783,43.1749032],[76.7925366,43.1695829],[76.7927594,43.1672622],[76.789708,43.1668292],[76.7859054,43.1652266],[76.7880627,43.1632876],[76.7876292,43.1628633],[76.7867267,43.162899],[76.7859363,43.1627441],[76.7844373,43.1624613],[76.7828687,43.1621744],[76.7819552,43.1617715],[76.7794777,43.1616847],[76.775216,43.1596014],[76.7871967,43.1560002],[76.7946947,43.1566876],[76.7984951,43.1542496],[76.7988402,43.1532781],[76.7988519,43.152491],[76.7989223,43.1504412],[76.7987813,43.149396],[76.7990711,43.1485026],[76.7989167,43.1479691],[76.7993271,43.1473478],[76.7996565,43.1468871],[76.7995331,43.1464111],[76.808654,43.1420809],[76.823114,43.1363894],[76.8330957,43.1284821],[76.8413025,43.1244775],[76.8511973,43.1234651],[76.855187,43.1316263],[76.8637523,43.1312552],[76.8743783,43.1260303],[76.896594,43.1193749],[76.8998726,43.0942597],[76.9081235,43.0798689],[76.9455012,43.0842715],[76.9636389,43.0604595],[76.9472385,43.04803],[76.9389229,43.0395974],[76.9538904,43.0415476],[76.9830304,43.0440355],[76.9888848,43.0444337],[76.9938034,43.0473392],[77.089632,43.0709378],[77.0815168,43.1152591],[77.0901602,43.1124099],[77.1094502,43.1105288],[77.1212102,43.1171661],[77.1132327,43.1138609],[77.0923345,43.1279993],[77.0867287,43.1286452],[77.0780455,43.1336999],[77.0721465,43.138945],[77.0660841,43.144023],[77.0650365,43.1530307],[77.0673541,43.1622008],[77.0727574,43.1639303],[77.077701,43.1621983],[77.0806301,43.1595401],[77.0839862,43.1588377],[77.08589,43.1590691],[77.0866239,43.1597476],[77.0877152,43.1603471],[77.089655,43.1606676],[77.0918846,43.1604392],[77.094619,43.1599141],[77.096649,43.1586008],[77.097809,43.1582386],[77.0985053,43.1580353],[77.0999178,43.1579569],[77.1013712,43.1575239],[77.1038579,43.1559595],[77.1069088,43.1541798],[77.109369,43.1510144],[77.1222172,43.1668396],[77.1450774,43.1909743],[77.1158306,43.201878],[77.1139755,43.1815912],[77.1054414,43.1756601],[77.0867043,43.1882435],[77.0532475,43.2250926],[77.0506298,43.2262652],[77.0420975,43.2356187],[77.0391155,43.2350844],[77.0363378,43.2428283],[77.033273,43.2454892],[77.028743,43.2495764],[77.0240963,43.2513953],[77.0146581,43.2596831],[77.0103163,43.2607015],[77.0046465,43.2626869],[77.0092966,43.2657257],[77.0127381,43.2649228],[77.0144036,43.2680388],[77.0137624,43.2767343],[77.012432,43.2798821],[77.0142245,43.2824756],[77.013832,43.2835311],[77.0110465,43.2845478],[77.0105367,43.2873078],[77.0135621,43.2915348],[77.017023,43.2924465],[77.0192648,43.2940712],[77.0233126,43.3007919],[77.0405128,43.3102561],[77.0376868,43.3121188],[77.0295683,43.3172574],[77.0283223,43.3231405],[77.0323553,43.3277084],[77.0352195,43.3310467],[77.0413735,43.3378726],[77.0381462,43.3410676],[77.0338564,43.3472519],[77.044717,43.3531458],[77.084902,43.3744051],[77.0967712,43.3802774],[77.1019027,43.3844557],[77.0867031,43.375845],[77.0760229,43.3729377],[77.0222131,43.3624751],[77.0120516,43.3611256],[77.0119938,43.369762],[77.0122951,43.3750615],[77.0112465,43.3772551],[77.0115819,43.3810533],[77.008683,43.3872148],[77.0070422,43.3904056],[77.0041497,43.3923006],[77.0017489,43.3943391],[76.9994438,43.3977036],[76.9931969,43.3995207],[76.9873379,43.4036849],[76.9865715,43.40309],[76.9858357,43.4035034],[76.9860819,43.4028229],[76.9836185,43.4014322],[76.9835413,43.4003409],[76.983095,43.3991061],[76.9819355,43.3986789],[76.9810678,43.398259],[76.9819319,43.3973103],[76.9811278,43.3961771],[76.980415,43.3958316],[76.9810408,43.3952799],[76.9801853,43.3944349],[76.9800878,43.3927621],[76.9803578,43.3919108],[76.9800293,43.3911592],[76.9800026,43.3901385],[76.9785674,43.3899114],[76.9790867,43.3888964],[76.9776017,43.3892353],[76.9772082,43.3890248],[76.9765945,43.388288],[76.9756454,43.3873814],[76.9749466,43.3873137],[76.974049,43.3877158],[76.9718683,43.3862891],[76.9709281,43.3850183],[76.9713922,43.3845749],[76.9703062,43.3839624],[76.9674051,43.3838002],[76.9672592,43.3825963],[76.9669887,43.3817178],[76.9654587,43.3815229],[76.9656042,43.3798474],[76.9641317,43.3807731],[76.9644565,43.3799873],[76.9630721,43.3793759],[76.9609131,43.3806771]]],[[[77.1426422,43.3624404],[77.1426846,43.3624552],[77.143376,43.3626962],[77.1416986,43.3652431],[77.1412075,43.3661621],[77.1422442,43.3662583],[77.1423461,43.3660297],[77.1423338,43.3651869],[77.1432669,43.3635754],[77.144365,43.3624136],[77.1458543,43.3613978],[77.1464756,43.361632],[77.1484167,43.3612743],[77.1496474,43.3607941],[77.1504302,43.360371],[77.1512755,43.3592554],[77.1522392,43.3584022],[77.1533124,43.3579122],[77.1574047,43.3591292],[77.1605654,43.3589588],[77.1606988,43.3574188],[77.1612158,43.3573632],[77.1615226,43.356722],[77.1616321,43.356477],[77.1621694,43.3555334],[77.1626743,43.3549208],[77.1630475,43.3547916],[77.1631352,43.3546969],[77.1630618,43.3545729],[77.163147,43.3544558],[77.1632892,43.3544902],[77.1633792,43.3544558],[77.163365,43.3543628],[77.1633981,43.354318],[77.1634477,43.3542593],[77.1635592,43.3542181],[77.163635,43.3541561],[77.1636182,43.3540956],[77.1637056,43.354023],[77.1637601,43.3539873],[77.1638028,43.3539329],[77.1639116,43.3538939],[77.164129,43.3537658],[77.1642522,43.3537744],[77.1643398,43.3537245],[77.1643422,43.3536435],[77.1643035,43.3535633],[77.1643801,43.3535057],[77.1644749,43.3534386],[77.1645483,43.3533059],[77.1646359,43.3530803],[77.1647189,43.3527461],[77.1647307,43.3526617],[77.1647252,43.3525647],[77.1648784,43.3524583],[77.1649186,43.3524206],[77.1649236,43.3523804],[77.1648851,43.3523341],[77.16487,43.3522549],[77.1648851,43.3522099],[77.164942,43.3521161],[77.1651084,43.35195],[77.1651387,43.3516606],[77.1652667,43.3515607],[77.1654372,43.3515003],[77.1654941,43.3514264],[77.1654846,43.3511473],[77.1655367,43.3508044],[77.165897,43.3503368],[77.1663574,43.3488329],[77.1665201,43.3488212],[77.166726,43.3475385],[77.1664765,43.3474689],[77.166431,43.3464763],[77.1663513,43.3462607],[77.1667539,43.344844],[77.1657784,43.3455734],[77.164064,43.3424185],[77.1626996,43.3409674],[77.1605708,43.3398433],[77.1583694,43.33907],[77.1560767,43.3385569],[77.1529336,43.338529],[77.1521158,43.3386476],[77.1521588,43.3378884],[77.1494582,43.3345517],[77.146237,43.3331004],[77.1437092,43.3354622],[77.1410319,43.3368101],[77.1403788,43.3374115],[77.1380583,43.3388278],[77.1370165,43.339316],[77.1367292,43.3399569],[77.1392399,43.3400496],[77.1390503,43.3414167],[77.1382734,43.341919],[77.1382954,43.34215],[77.1392341,43.3437312],[77.1392498,43.3437577],[77.139461,43.3441135],[77.1405017,43.3442608],[77.1404669,43.3444089],[77.1407056,43.3444365],[77.1412033,43.3433975],[77.1423605,43.3422595],[77.1429725,43.3425991],[77.1424229,43.3429623],[77.1429329,43.3433197],[77.142581,43.3435442],[77.1426068,43.3437551],[77.1424068,43.3440631],[77.1422778,43.3444201],[77.1422539,43.345343],[77.1418591,43.3463088],[77.1416998,43.3471591],[77.14166,43.3477729],[77.1413154,43.3484047],[77.1405464,43.3495806],[77.1397182,43.3500065],[77.1389461,43.350466],[77.1377684,43.3516689],[77.1357452,43.3543186],[77.1338835,43.3567571],[77.1334752,43.3571693],[77.1333851,43.3588699],[77.1330789,43.3597725],[77.1324564,43.3607581],[77.1312473,43.3612536],[77.1316061,43.3630586],[77.1273405,43.3645316],[77.1316855,43.3671962],[77.1325254,43.3667586],[77.1330759,43.3662447],[77.1333506,43.3655509],[77.1335841,43.3652269],[77.1340025,43.364487],[77.1346534,43.3640178],[77.1354362,43.3636694],[77.1361275,43.3635678],[77.1366817,43.363552],[77.136989,43.3635844],[77.1372619,43.3634717],[77.1375785,43.3635245],[77.1378974,43.3635051],[77.1384151,43.3635905],[77.1386795,43.3636847],[77.1394873,43.3637756],[77.1396635,43.3637994],[77.1399426,43.3638566],[77.1401963,43.3638042],[77.1404471,43.3638734],[77.1407123,43.3637894],[77.1410212,43.3636703],[77.1411739,43.3636698],[77.1412835,43.363624],[77.141328,43.3635306],[77.1412782,43.3634384],[77.1413062,43.3633772],[77.1413742,43.3633487],[77.1416016,43.3633756],[77.1416899,43.3633321],[77.1418104,43.3633367],[77.1419034,43.3632975],[77.1419264,43.363161],[77.1420347,43.3629158],[77.1423876,43.3626796],[77.1426133,43.3624675],[77.1426422,43.3624404]]]]}},{"type":"Feature","properties":{"id":3087155,"name":"Астана"},"geometry":{"type":"MultiPolygon","coordinates":[[[[71.7086631,51.0928602],[71.7087346,51.096358],[71.7095293,51.0979671],[71.717602,51.0995875],[71.7223194,51.1007137],[71.7273985,51.1036122],[71.7290685,51.1005989],[71.73323,51.0980539],[71.7390826,51.0976152],[71.7402302,51.1013102],[71.7187315,51.1101223],[71.710926,51.1320459],[71.6845502,51.1405407],[71.6421521,51.1457824],[71.626859,51.17713],[71.621449,51.1881776],[71.5829456,51.2032895],[71.6186341,51.2485125],[71.607036,51.2626575],[71.5940045,51.277498],[71.5625837,51.2487499],[71.5274468,51.2491403],[71.4790007,51.2688513],[71.4908788,51.2886239],[71.4137748,51.2709422],[71.3851088,51.3023429],[71.3590537,51.288506],[71.3664137,51.2712199],[71.345939,51.2685114],[71.3339402,51.2658187],[71.3213378,51.2547827],[71.3151057,51.2487046],[71.3038941,51.2368769],[71.258617,51.2435509],[71.2528154,51.2351849],[71.2473142,51.2235368],[71.241462,51.2141573],[71.240046,51.2123439],[71.241163,51.2112794],[71.2401184,51.2106325],[71.2390049,51.2100688],[71.2376376,51.2088621],[71.2428303,51.206762],[71.2400293,51.201967],[71.244705,51.1991148],[71.2454487,51.1965711],[71.250726,51.1935044],[71.251377,51.1907791],[71.254756,51.1909056],[71.257002,51.1901567],[71.2603085,51.191012],[71.2617522,51.1917728],[71.2624696,51.1896279],[71.2653506,51.189104],[71.2685211,51.1890363],[71.2706814,51.1890966],[71.2732779,51.1885956],[71.2719774,51.1870717],[71.2704196,51.1846164],[71.2708619,51.1833608],[71.2723741,51.1832937],[71.2757154,51.1821007],[71.2763082,51.1808645],[71.2775878,51.1808054],[71.279826,51.1811407],[71.2819187,51.1793943],[71.2541916,51.1632672],[71.2385005,51.1496998],[71.2374775,51.1325237],[71.2297137,51.122918],[71.2179735,51.1107853],[71.2361531,51.0835178],[71.2487472,51.0685345],[71.2557954,51.0618259],[71.254575,51.0546341],[71.2547466,51.0497833],[71.2601754,51.0455761],[71.2667441,51.0398693],[71.2715802,51.033062],[71.2775668,51.0280048],[71.2859568,51.0222891],[71.2958769,51.0223093],[71.304464,51.0227193],[71.31228,51.0234988],[71.3316858,51.0216378],[71.3452631,51.0179293],[71.3646622,51.0152641],[71.3836482,51.012862],[71.4014124,51.0097754],[71.4099151,51.0080945],[71.4208934,51.0064212],[71.432443,51.0046794],[71.4425991,51.0028557],[71.4541876,51.0008589],[71.452648,50.9687855],[71.4605712,50.9472005],[71.5111765,50.9307313],[71.5486979,50.946511],[71.5403992,50.9853459],[71.5374139,50.9880879],[71.5369633,50.9892394],[71.536966,50.9982746],[71.537265,51.0074659],[71.5379114,51.008308],[71.5388703,51.0090126],[71.5558464,51.0153795],[71.5455374,51.0489104],[71.5707843,51.0630281],[71.635347,51.0946878],[71.6803914,51.0905816],[71.6853619,51.0932371],[71.6891599,51.0924992],[71.6915571,51.0938635],[71.6955999,51.0928614],[71.6952673,51.0908533],[71.6972333,51.0894921],[71.7049593,51.0925793],[71.7086631,51.0928602]]],[[[71.3362248,51.2717005],[71.3092516,51.2638485],[71.2980936,51.272763],[71.3078783,51.2777028],[71.3061189,51.2909625],[71.3201952,51.2953906],[71.3362248,51.2717005]]],[[[71.6579553,51.3171883],[71.6513113,51.3215171],[71.6445262,51.3283709],[71.6415258,51.3316656],[71.6678132,51.3398842],[71.6838682,51.3509429],[71.6950979,51.3511101],[71.6927107,51.3488787],[71.697736,51.3465872],[71.7011348,51.349766],[71.7063332,51.3476043],[71.7039107,51.3428285],[71.6999211,51.3388761],[71.6990471,51.3378711],[71.6973656,51.3353448],[71.6941792,51.3335279],[71.6938307,51.3337089],[71.6866021,51.3288876],[71.6842449,51.3256499],[71.6787604,51.3217359],[71.672494,51.3174535],[71.6716,51.3165612],[71.6733166,51.3156608],[71.6707503,51.3139846],[71.6704181,51.3137676],[71.6742334,51.3111448],[71.6718742,51.3094308],[71.6703576,51.3103754],[71.6677369,51.3121944],[71.6665497,51.3130184],[71.6580344,51.3171614],[71.6579553,51.3171883]]],[[[71.782424,51.1504554],[71.7661365,51.1446854],[71.7608792,51.1457224],[71.7468576,51.1621451],[71.740388,51.16606],[71.7851103,51.165569],[71.7851913,51.1573031],[71.782424,51.1504554]]],[[[71.3732513,50.886331],[71.4425066,50.8770764],[71.4362356,50.8576076],[71.3667047,50.8669003],[71.3732513,50.886331]]]]}},{"type":"Feature","properties":{"id":3389772,"name":"Шымкент"},"geometry":{"type":"Polygon","coordinates":[[[69.3832452,42.2244029],[69.4468311,42.15084],[69.4551271,42.1471379],[69.4763479,42.1438614],[69.4813148,42.1346724],[69.490452,42.1222679],[69.5344924,42.1362323],[69.5382445,42.1319975],[69.5389154,42.1265127],[69.5384208,42.124159],[69.539764,42.1220872],[69.5392081,42.1216104],[69.5390458,42.1193506],[69.5380359,42.1173204],[69.5371184,42.1157394],[69.5360237,42.1132789],[69.5351979,42.1111316],[69.5376189,42.1090168],[69.5425049,42.124761],[69.5502833,42.1323503],[69.5553727,42.1322016],[69.5602258,42.1312023],[69.563898,42.1319543],[69.5709484,42.1388707],[69.6123877,42.1299398],[69.6192391,42.1346052],[69.6192782,42.1402146],[69.6135191,42.1433475],[69.6162307,42.1602065],[69.6302664,42.1592465],[69.6386137,42.1616215],[69.6502572,42.155324],[69.6494207,42.1587271],[69.6534926,42.1593549],[69.6522414,42.1596091],[69.6474855,42.1597696],[69.6472775,42.1640444],[69.6460058,42.1716108],[69.6583908,42.1988218],[69.6967122,42.2063784],[69.7321084,42.2310626],[69.7581642,42.2295823],[69.7575804,42.220256],[69.7546327,42.198601],[69.760006,42.193881],[69.7724566,42.2065307],[69.7888507,42.2119118],[69.786143,42.2067725],[69.7824393,42.197456],[69.7892746,42.1955877],[69.7947329,42.2026522],[69.7998209,42.1968012],[69.8064239,42.1943121],[69.813573,42.1931559],[69.8223296,42.1925959],[69.8235383,42.1950172],[69.8248869,42.1995871],[69.8202262,42.1962067],[69.8197523,42.1984285],[69.8174889,42.1974311],[69.81636,42.2011129],[69.8130948,42.2022084],[69.81129,42.2047414],[69.8136506,42.2115947],[69.8235226,42.2124977],[69.8374779,42.2138865],[69.8263423,42.2221221],[69.8242218,42.2288983],[69.8138528,42.2561776],[69.8269748,42.2670689],[69.8294651,42.2658714],[69.8313809,42.2655496],[69.8325109,42.260287],[69.8339055,42.2630249],[69.8378887,42.2627684],[69.8380169,42.2642599],[69.8399448,42.2658141],[69.8450881,42.2659082],[69.8465266,42.2643017],[69.8519997,42.2666189],[69.8581956,42.2669354],[69.8648367,42.267832],[69.8662003,42.2688106],[69.8670745,42.2715751],[69.8695489,42.2725742],[69.8713847,42.2745671],[69.8717563,42.2758981],[69.8748701,42.279237],[69.8768147,42.280401],[69.8786246,42.2818444],[69.879651,42.2836392],[69.8799563,42.2850638],[69.8835906,42.2865137],[69.8867948,42.2860891],[69.8931542,42.2831843],[69.8945912,42.2825232],[69.8972064,42.2823687],[69.9008981,42.2819211],[69.9019086,42.2809083],[69.9049621,42.2804801],[69.905214,42.2794359],[69.9094916,42.2793544],[69.9145211,42.2797374],[69.9166022,42.2773689],[69.9197271,42.2768385],[69.9247536,42.2790376],[69.9281374,42.2774351],[69.9320513,42.2820376],[69.9350535,42.2857436],[69.9295081,42.2888634],[69.9290903,42.2901379],[69.9279397,42.290853],[69.9262493,42.2923352],[69.9251634,42.2936652],[69.9230062,42.2963424],[69.9201309,42.2973472],[69.9155423,42.2984132],[69.9123344,42.299689],[69.9083862,42.3002056],[69.9018246,42.302945],[69.9013202,42.3045938],[69.8960908,42.3086364],[69.8912517,42.3114008],[69.8879136,42.3114653],[69.8852478,42.3117398],[69.887873,42.3160186],[69.8823477,42.3173489],[69.8902064,42.3203432],[69.8827933,42.3220895],[69.8767948,42.3245034],[69.8724956,42.3309207],[69.8697524,42.332957],[69.8636589,42.334414],[69.8582288,42.3361299],[69.8551429,42.3364259],[69.8474459,42.3370816],[69.8398069,42.3344502],[69.8379193,42.3344813],[69.8327362,42.3356294],[69.8281036,42.3390123],[69.827319,42.3406831],[69.8241341,42.34011],[69.8199591,42.3432098],[69.8195201,42.3454464],[69.8179043,42.3456121],[69.8163819,42.3461643],[69.8140095,42.3472757],[69.8140656,42.3481593],[69.8161154,42.3491211],[69.8179565,42.355649],[69.8129546,42.3575418],[69.8088279,42.3599521],[69.8051697,42.3608875],[69.8035906,42.360519],[69.8017793,42.3612347],[69.8022893,42.3632425],[69.8006413,42.3645322],[69.7991347,42.3656884],[69.7969335,42.3664801],[69.7942705,42.3655172],[69.7925768,42.3668272],[69.7895473,42.371123],[69.7857162,42.3724375],[69.7815482,42.3748866],[69.7788773,42.3763834],[69.7784705,42.3814653],[69.7786813,42.388823],[69.7764069,42.3901773],[69.7702702,42.3916419],[69.7677313,42.3941735],[69.7658693,42.3939982],[69.7632644,42.3963165],[69.7600492,42.3971602],[69.7569837,42.4002365],[69.7531716,42.4022424],[69.7510287,42.403081],[69.74233,42.4080339],[69.7382768,42.4098571],[69.7335454,42.4123977],[69.7289232,42.4147713],[69.7278108,42.4229847],[69.728367,42.4285342],[69.7255066,42.4304789],[69.7211102,42.4336985],[69.7182205,42.4373052],[69.7142348,42.4392385],[69.6775988,42.4442934],[69.6309166,42.4518498],[69.5593738,42.4664396],[69.5402753,42.4737283],[69.5319484,42.478297],[69.5299223,42.4783191],[69.526899,42.4781282],[69.5246035,42.4785837],[69.5221268,42.4783417],[69.5202391,42.4780236],[69.518784,42.4784101],[69.5168707,42.478191],[69.5152921,42.4778063],[69.51303,42.4771517],[69.5114108,42.4769778],[69.5095954,42.477132],[69.5079295,42.4776119],[69.5065775,42.4782856],[69.5051164,42.4787051],[69.5035201,42.4786964],[69.5022554,42.478268],[69.5010977,42.4784988],[69.5001328,42.4789111],[69.4987269,42.4794403],[69.4972618,42.4792065],[69.4946054,42.4790529],[69.4944605,42.4778203],[69.4906023,42.4773135],[69.4881595,42.4767917],[69.4822175,42.478142],[69.4766328,42.4789607],[69.4746807,42.4790503],[69.4736533,42.4792087],[69.4705994,42.4786868],[69.4636941,42.4785755],[69.4622062,42.4781235],[69.4624575,42.4777989],[69.4623174,42.4770412],[69.4629152,42.4763798],[69.4631674,42.4760147],[69.4630332,42.475231],[69.4633228,42.4746385],[69.4631546,42.4738325],[69.4626223,42.4733572],[69.4502809,42.4659613],[69.4506731,42.4649749],[69.4511189,42.4637863],[69.4529104,42.4629936],[69.4543909,42.4628037],[69.4556247,42.4628037],[69.4565045,42.4623288],[69.4572019,42.4614898],[69.4572984,42.4607695],[69.4575345,42.4598989],[69.4575667,42.459329],[69.4567526,42.4582459],[69.4572998,42.4574702],[69.4579221,42.4569398],[69.4574394,42.4559783],[69.4577076,42.4549888],[69.4586089,42.4541339],[69.4609477,42.4537144],[69.4616489,42.4529607],[69.4624054,42.4520786],[69.4634889,42.4514377],[69.463685,42.4513275],[69.4633768,42.4500319],[69.4633021,42.4486053],[69.4629752,42.4477507],[69.4627977,42.4467307],[69.4629565,42.4459656],[69.4636944,42.4449663],[69.4643086,42.4444696],[69.456307,42.4442086],[69.4402064,42.4240001],[69.4393612,42.4222099],[69.4376445,42.4193116],[69.435282,42.4187845],[69.4308907,42.4196959],[69.4307416,42.4169365],[69.4308828,42.4151276],[69.4297585,42.4152419],[69.4298234,42.4156506],[69.430141,42.4162091],[69.429179,42.4162574],[69.4292911,42.416878],[69.4287026,42.4168366],[69.4276285,42.4168228],[69.4274072,42.4172746],[69.4265596,42.4177419],[69.4256262,42.4180112],[69.4249181,42.4177895],[69.4236843,42.4170529],[69.4224141,42.4169464],[69.4216201,42.4173899],[69.4214163,42.4181107],[69.4202576,42.4180948],[69.4199143,42.4191245],[69.4190667,42.419869],[69.4182084,42.4204155],[69.4169638,42.4198294],[69.4162986,42.4190215],[69.4152006,42.4187489],[69.4148788,42.4191607],[69.4137681,42.4192699],[69.4133282,42.4186204],[69.4124377,42.4192857],[69.4111674,42.4190458],[69.4100623,42.4197903],[69.4088397,42.4200463],[69.4075308,42.4202127],[69.4061038,42.420482],[69.4049773,42.4204424],[69.4032542,42.4206019],[69.4021599,42.4192951],[69.4005934,42.4182179],[69.3993919,42.4172276],[69.398201,42.4172356],[69.3969028,42.4161346],[69.3953658,42.4161203],[69.3945182,42.4164292],[69.3943895,42.4156689],[69.3938852,42.4150193],[69.3932415,42.4148292],[69.3919143,42.4145475],[69.3912062,42.4137633],[69.3906375,42.4132563],[69.3894466,42.4135019],[69.3883201,42.4128365],[69.3877501,42.4118897],[69.3875629,42.4109054],[69.389496,42.4096294],[69.3877619,42.4007427],[69.386422,42.3996278],[69.3891041,42.3982799],[69.3896359,42.3957578],[69.3804888,42.3831043],[69.3748091,42.3840389],[69.3700219,42.384354],[69.3670572,42.3822041],[69.3678349,42.3793956],[69.3572576,42.3777609],[69.3257108,42.375689],[69.3232497,42.3739849],[69.3211173,42.373154],[69.3184373,42.3709905],[69.3140011,42.3679164],[69.3085197,42.3649845],[69.3057207,42.3647827],[69.303282,42.3637256],[69.3023041,42.358375],[69.3076267,42.3554489],[69.3087994,42.3548703],[69.3124611,42.3537095],[69.3167001,42.3528522],[69.3231118,42.3516573],[69.3099456,42.3369507],[69.3057866,42.3225937],[69.3111768,42.3221172],[69.3232437,42.3108543],[69.335574,42.3168347],[69.3409932,42.321858],[69.3521884,42.3051131],[69.3366739,42.2291629],[69.3832452,42.2244029]]]}},{"type":"Feature","properties":{"id":14243026,"name":"Абайская область"},"geometry":{"type":"Polygon","coordinates":[[[83.4299739,48.234614],[83.4658813,48.2540555],[83.4912443,48.2643983],[83.4772968,48.2799658],[83.5960985,48.3482895],[83.4233086,48.5038678],[83.2817745,48.5609031],[83.1954288,48.6180164],[83.2034111,48.6373187],[83.1562042,48.672373],[83.1531787,48.6744417],[83.1545949,48.6763687],[83.1550026,48.681285],[83.1254554,48.6838918],[83.1272471,48.6718345],[83.1215715,48.6224561],[83.0379403,48.6211016],[83.0369747,48.6219668],[83.0352044,48.6227611],[83.0334449,48.6236334],[83.0338955,48.6248532],[83.0324149,48.6247255],[83.0309772,48.6240873],[83.0321467,48.6258034],[83.0298829,48.6257822],[83.0287886,48.6243638],[83.0273294,48.6250163],[83.0264175,48.6262573],[83.0243575,48.6266544],[83.0230164,48.6274203],[83.0212784,48.6264487],[83.0203128,48.6279237],[83.0187142,48.6278316],[83.0196369,48.6263282],[83.0182528,48.6270231],[83.0163216,48.6263707],[83.0158496,48.6274132],[83.0140901,48.6276755],[83.0080604,48.6332206],[83.0585289,48.656727],[83.0334182,48.7036651],[83.1123447,48.7073038],[83.1801644,48.706865],[83.0806303,48.7584239],[82.9855728,48.7652416],[82.9610467,48.7297849],[82.9274654,48.729063],[82.9548025,48.7458185],[82.9426038,48.761656],[82.9097843,48.7714079],[82.9085183,48.7729493],[82.928195,48.7897043],[82.9496526,48.816981],[82.885859,48.8170516],[82.8819537,48.8095626],[82.8808164,48.7795389],[82.898798,48.7701492],[82.8963625,48.7694421],[82.8958797,48.7683885],[82.9007935,48.766465],[82.902199,48.7617055],[82.9184103,48.7566697],[82.9221868,48.7554602],[82.9253197,48.7538263],[82.9235387,48.7539253],[82.903819,48.757179],[82.8577924,48.7496952],[82.8254556,48.7688481],[82.8256058,48.7990761],[82.8255951,48.8127067],[82.8237176,48.812735],[82.8236961,48.8145224],[82.8222799,48.8152007],[82.8230417,48.8161403],[82.8219795,48.8172565],[82.8230309,48.8184221],[82.8235781,48.8199551],[82.825005,48.8212619],[82.8274512,48.8206262],[82.8292107,48.8215515],[82.8308308,48.8219754],[82.8318393,48.8233599],[82.8319359,48.8251258],[82.8320861,48.8263972],[82.8309488,48.8272871],[82.8307342,48.8284243],[82.8290713,48.8295261],[82.8280949,48.83132],[82.8285348,48.8321958],[82.8278911,48.8328808],[82.8264052,48.8335658],[82.8253323,48.834604],[82.8240502,48.8355432],[82.8232884,48.8371533],[82.8219527,48.838202],[82.8223604,48.83906],[82.8218079,48.840391],[82.8223818,48.841482],[82.8209388,48.842873],[82.818954,48.8428518],[82.817865,48.844084],[82.8163791,48.8450724],[82.8157622,48.845948],[82.8142118,48.846714],[82.8141528,48.8480308],[82.814346,48.8490898],[82.814185,48.8502864],[82.8131175,48.8514125],[82.8126025,48.8522455],[82.8119266,48.8531033],[82.8116798,48.8541692],[82.8695297,48.8635149],[82.9201269,48.9451519],[82.767477,48.9712594],[82.7199268,49.0365457],[82.7038764,49.1284318],[82.6682031,49.2272286],[82.6643354,49.2201024],[82.6626509,49.2163917],[82.6586276,49.2116155],[82.6546097,49.2106237],[82.650345,49.2111143],[82.6423573,49.2134693],[82.6336133,49.2130558],[82.6271653,49.2197836],[82.4306718,49.3391743],[82.3016753,49.3754221],[82.1691737,49.3884839],[82.1013878,49.436463],[82.0644963,49.4734211],[82.0365132,49.5223199],[81.9127308,49.581804],[81.7773039,49.676813],[81.754632,49.7350586],[81.6898027,49.7263532],[81.6361022,49.7560519],[81.6908731,49.7830669],[81.6977275,49.8536674],[81.6183246,49.8809306],[81.5218539,49.9132016],[81.3292532,49.9670168],[81.3267301,50.0272214],[81.3348805,50.0339225],[81.336725,50.0401259],[81.3463731,50.0458337],[81.3450752,50.0509291],[81.3401573,50.0537795],[81.3518786,50.0550765],[81.3542039,50.0627176],[81.3567491,50.068403],[81.3591365,50.0752273],[81.3630159,50.0805862],[81.3595278,50.0829172],[81.3636496,50.0893279],[81.3668787,50.0967725],[81.3645035,50.100647],[81.36853,50.1074231],[81.371059,50.1148053],[81.3741135,50.1209183],[81.2691546,50.1318219],[81.1484435,50.2339513],[81.2954729,50.2354281],[81.3604817,50.2911231],[81.5641355,50.29221],[81.6514724,50.2853197],[81.6569708,50.2909484],[81.6686664,50.3003216],[81.6887279,50.3605305],[81.7048072,50.4035943],[81.685192,50.4157535],[81.6721902,50.432243],[81.6739218,50.4436971],[81.6903259,50.4554579],[81.6916321,50.4803432],[81.7370472,50.504713],[81.698209,50.5419199],[81.6915714,50.5436671],[81.6865438,50.5439566],[81.6852072,50.5467558],[81.6880627,50.5510024],[81.6849034,50.5508093],[81.6783114,50.5492362],[81.6796024,50.5552775],[81.6789949,50.5589927],[81.6501966,50.5570338],[81.649346,50.5598129],[81.6496801,50.5623602],[81.6441665,50.5628619],[81.6418578,50.564396],[81.6403237,50.5656888],[81.6363898,50.5651485],[81.6340962,50.5684384],[81.6352506,50.5717088],[81.6341114,50.5745448],[81.636967,50.5771202],[81.6316964,50.5766283],[81.6292661,50.5775639],[81.6520496,50.5842285],[81.5908286,50.7435027],[81.5179893,50.7585242],[81.5097355,50.7569971],[81.4491759,50.7561145],[81.4771997,50.8166349],[81.4716158,50.8622901],[81.444505,50.862526],[81.4357086,50.8723167],[81.4425094,50.9010886],[81.4137514,50.9304324],[81.4135498,50.967503],[81.3999874,50.9756011],[81.3046899,50.9753194],[81.247633,50.9625085],[81.1675602,50.9542322],[81.0668451,50.9672796],[81.0958765,51.0314374],[81.1396709,51.0797227],[81.1628259,51.1201859],[81.1754253,51.1668571],[81.1625175,51.1916859],[81.1151632,51.2115461],[81.1012796,51.179845],[81.0300817,51.1930994],[80.9253828,51.2297652],[80.8535104,51.2764035],[80.6706111,51.3077656],[80.6343019,51.2295548],[80.5474226,51.2067642],[80.4470778,51.2069168],[80.4375336,51.1506283],[80.4684436,51.1095183],[80.4821332,51.0539486],[80.4823786,51.0042572],[80.4548018,50.9623812],[80.3252383,50.918377],[80.2133688,50.8997211],[80.1868603,50.8509851],[80.0977824,50.8293451],[80.0629124,50.8464709],[80.0693707,50.7806042],[80.0047288,50.8346017],[79.8217611,51.0814075],[79.6088698,51.3650695],[79.4794106,51.5372868],[79.4348323,51.5943152],[79.3066126,51.7045045],[79.2480262,51.6921534],[79.2322822,51.6794988],[79.2480015,51.6622342],[79.2443967,51.6451623],[79.1995045,51.6186983],[79.0730899,51.5893741],[79.0750305,51.5670576],[79.0819957,51.5112889],[78.8416298,51.4539414],[78.7469651,51.3943898],[78.7834966,51.3705302],[78.7318128,51.3054462],[78.6982584,51.3114909],[78.6889572,51.2953857],[78.599034,51.2574013],[78.54211,51.2375661],[78.4990069,51.2345697],[78.4622468,51.2271756],[78.434162,51.2239911],[78.3912967,51.2188915],[78.2871892,51.2010888],[78.1942904,51.1854699],[78.1136737,51.149381],[78.0955703,51.1440484],[78.1108188,51.1258558],[78.1292241,51.1238626],[78.1394219,51.116576],[78.1377991,51.1100949],[78.1275289,51.1032491],[78.1195306,51.1014537],[78.1119776,51.0994868],[78.1091215,51.0989176],[78.1043891,51.0990585],[78.0949945,51.0960346],[78.086669,51.0934464],[78.0807791,51.0892938],[78.0794326,51.0800055],[78.0907193,51.0728468],[78.1129494,51.0732109],[78.1262747,51.0686805],[78.1343427,51.0584048],[78.1272188,51.0398298],[78.1232706,51.032449],[78.1286993,51.0271184],[78.1435695,51.0246216],[78.1764856,51.0251885],[78.1894245,51.0140526],[78.1935015,51.0024685],[78.1970849,50.9785754],[78.2027283,50.9633066],[78.2162681,50.9582249],[78.2329836,50.9507365],[78.243412,50.9354992],[78.2528749,50.911247],[78.266994,50.8914219],[78.2764998,50.8835843],[78.2779713,50.8784403],[78.3330091,50.8737501],[78.3603778,50.8595489],[78.3713105,50.8522546],[78.3919984,50.8512521],[78.4132599,50.8415613],[78.435712,50.8428883],[78.4565833,50.8410568],[78.4665354,50.8314188],[78.4652093,50.8219203],[78.4679022,50.8122272],[78.4779351,50.8000577],[78.4773538,50.7932604],[78.4578152,50.7595318],[78.6873171,50.6989751],[78.6851977,50.6798182],[78.6724089,50.5883321],[78.6761855,50.4813502],[78.7724876,50.4202768],[78.6188504,50.1036253],[78.0302134,50.1263004],[77.6785447,50.1607153],[77.3449208,49.9938165],[77.2227515,49.9419558],[77.2017659,49.9450214],[77.1906508,49.9435576],[77.1848358,49.939622],[77.1764029,49.9338766],[77.1618761,49.8619055],[77.1048416,49.6155911],[76.5860152,49.4586129],[76.5819597,49.4571553],[76.5783441,49.4546168],[76.5797603,49.4531103],[76.5806079,49.4510946],[76.5782475,49.4511574],[76.5748036,49.4492532],[76.5760267,49.4474327],[76.5766597,49.4456121],[76.5755975,49.4438333],[76.5738487,49.4422079],[76.571939,49.4429962],[76.570673,49.4411545],[76.5689993,49.4400941],[76.5678084,49.4389291],[76.5686881,49.4364314],[76.5665531,49.4348686],[76.5645146,49.4319242],[76.5660596,49.4305984],[76.563431,49.4287981],[76.5622938,49.4274374],[76.5648794,49.4260487],[76.5632594,49.4258813],[76.5618431,49.4249531],[76.560266,49.4232504],[76.5629911,49.4224548],[76.5633988,49.4211288],[76.5631306,49.4200191],[76.5628946,49.4188396],[76.5648472,49.4178764],[76.5640962,49.4168155],[76.5617788,49.4155662],[76.56003,49.4139328],[76.5620148,49.4135001],[76.5612423,49.4120133],[76.5631306,49.4111477],[76.5622938,49.4091652],[76.5652871,49.4087185],[76.5662527,49.407783],[76.5665209,49.4068336],[76.5649652,49.4062891],[76.5654266,49.4047811],[76.5678835,49.4047462],[76.5697503,49.4045088],[76.5708125,49.4044111],[76.5711129,49.4034337],[76.5713274,49.4022678],[76.5735054,49.4024353],[76.575737,49.4024772],[76.5765953,49.4008714],[76.5764129,49.3985533],[76.5792775,49.3981623],[76.5814233,49.3957254],[76.5830004,49.3947688],[76.5824103,49.3926181],[76.5821528,49.3907675],[76.5835047,49.3912773],[76.5834188,49.3890496],[76.5829039,49.3876598],[76.5842235,49.3861862],[76.583966,49.3844332],[76.5834188,49.3823099],[76.5821206,49.3802145],[76.5835261,49.3797605],[76.5859938,49.3787058],[76.5853178,49.377644],[76.5855217,49.3766172],[76.5870881,49.3743609],[76.5876353,49.3729637],[76.5895665,49.3708888],[76.5922165,49.3694287],[76.5900493,49.3678078],[76.5905535,49.3651528],[76.5924096,49.3665083],[76.5925169,49.36451],[76.5947914,49.3627562],[76.5968192,49.3628471],[76.5980208,49.3612679],[76.5957999,49.3587663],[76.597023,49.3573128],[76.5981173,49.3555588],[76.5997696,49.3530289],[76.6015506,49.3513516],[76.6027093,49.3491919],[76.6035032,49.3469413],[76.6050053,49.345166],[76.6071081,49.3433066],[76.6092968,49.3415241],[76.6113782,49.3398814],[76.6126442,49.3387978],[76.6143179,49.3361273],[76.614275,49.3343305],[76.7329785,49.2662366],[76.8465757,49.1411515],[76.8514681,49.1383368],[76.8530774,49.1362732],[76.855824,49.1356625],[76.8580234,49.1354729],[76.8611562,49.1349816],[76.863935,49.1343077],[76.8670463,49.1336899],[76.8709731,49.1324544],[76.8728828,49.132321],[76.8745887,49.1314576],[76.8768203,49.1320964],[76.8796098,49.1299622],[76.883322,49.1299342],[76.8862724,49.1297587],[76.8884504,49.1290707],[76.890403,49.1296253],[76.8941796,49.1298008],[76.8960249,49.1307836],[76.8979776,49.1298569],[76.8996084,49.1308117],[76.901797,49.1295831],[76.9045329,49.1294638],[76.9065392,49.129878],[76.9084167,49.1293585],[76.911056,49.1280737],[76.9132018,49.1287407],[76.9164741,49.1271821],[76.9197786,49.1262062],[76.9239306,49.1256235],[76.9284689,49.1238612],[76.9319451,49.1232152],[76.9346917,49.1239384],[76.9366872,49.1218531],[76.9383716,49.1201749],[76.9394553,49.1185739],[76.9414723,49.1174714],[76.9412899,49.1155263],[76.9446373,49.1156386],[76.9454849,49.114508],[76.9468796,49.1133282],[76.9457316,49.1107719],[76.9490468,49.1106665],[76.9514608,49.1082505],[76.9554412,49.1074288],[76.9592285,49.1077378],[76.9629192,49.1070003],[76.966331,49.1053638],[76.9702899,49.1032988],[76.9742167,49.1035025],[76.9775319,49.1030529],[76.9812119,49.1006155],[76.9838297,49.1000324],[76.9611167,49.0211538],[76.8510296,48.8904124],[77.0380117,48.8341939],[77.3316492,48.7418577],[77.3137213,48.7328643],[77.3163069,48.7304866],[77.3145796,48.728038],[77.313732,48.7260988],[77.3156525,48.7212789],[77.3186566,48.7172088],[77.3137964,48.7160338],[77.3153306,48.7132305],[77.3099233,48.7085863],[77.3100306,48.7027239],[77.3117472,48.6964925],[77.3162962,48.6915494],[77.3177339,48.6828233],[77.31591,48.6741666],[77.3113609,48.6710492],[77.3049666,48.6625038],[77.3026706,48.6553036],[77.3045803,48.6505549],[77.3011042,48.6466563],[77.3046661,48.6378232],[77.3111893,48.6358522],[77.3147512,48.6309456],[76.896865,48.4672475],[76.8940791,48.4173929],[76.8853739,48.4087828],[76.8570177,48.4056146],[76.9811185,48.2877673],[77.0601249,48.2370878],[77.2922427,48.0975527],[77.1233413,47.8693509],[77.0459859,47.8539005],[76.9775123,47.6423933],[76.8681542,47.4156102],[77.1256858,47.0787592],[77.4657805,47.1590817],[77.8237144,47.194513],[78.0131124,47.1824149],[78.2477177,47.284254],[78.3301511,47.2280809],[78.5177529,47.1489837],[79.1385787,47.0844939],[79.5717552,46.8002677],[80.1981913,46.8092362],[80.5910307,46.6670012],[81.2793982,46.5069207],[81.3095462,46.5127983],[81.3432804,46.4531992],[81.3805926,46.4826209],[81.421448,46.5237395],[81.4113629,46.4902001],[81.4120066,46.4390462],[81.4726031,46.4953852],[81.5548289,46.4864032],[81.5841591,46.4952037],[81.884849,46.1036552],[82.0844657,45.794499],[82.2021101,45.5460338],[82.2665584,45.571725],[82.2623205,45.5966238],[82.2728359,45.6292387],[82.2845852,45.6696224],[82.2881234,45.7087896],[82.3185828,45.7640991],[82.3428378,45.8112918],[82.3385174,45.8501598],[82.3344301,45.8914112],[82.3407286,45.9125007],[82.3349645,45.935363],[82.4561069,45.9771683],[82.5561477,46.2218752],[82.6120382,46.3049947],[82.6737806,46.4086651],[82.7075277,46.4626505],[82.7253761,46.493022],[82.7770041,46.6446047],[82.8025816,46.7197403],[82.8691862,46.8300163],[82.9193115,46.9340888],[82.9222446,46.9407515],[82.9218999,46.9421431],[82.9215027,46.9445674],[82.921396,46.9458217],[82.9211668,46.9472977],[82.9206779,46.9492337],[82.9213746,46.9510657],[82.9215491,46.9531563],[82.9228045,46.9551982],[82.9245035,46.9566822],[82.9242431,46.9584176],[82.925603,46.9604805],[82.9249272,46.9618045],[82.9249461,46.9630033],[82.9263555,46.964459],[82.9266833,46.9656237],[82.9289777,46.9664404],[82.9300095,46.9682942],[82.9312006,46.9700586],[82.9323338,46.9721497],[82.9309618,46.9733149],[82.9307406,46.9741881],[82.9306498,46.9761207],[82.930061,46.9779971],[82.9319239,46.9785666],[82.9324524,46.9804254],[82.9322289,46.9814656],[82.9316672,46.9829844],[82.9323666,46.9845943],[82.9326737,46.9860928],[82.9306454,46.9878714],[82.931028,46.9899365],[82.9302557,46.9915638],[82.9304839,46.9939946],[82.9323103,46.9953916],[82.9321596,46.9966841],[82.9327156,46.9976228],[82.9329364,46.9991615],[82.9352991,47.0005454],[82.9350323,47.001669],[82.9359517,47.0030463],[82.9364869,47.0048052],[82.9366781,47.0059867],[82.9351657,47.0072613],[82.9360298,47.0080695],[82.9378665,47.0097579],[82.9369974,47.0119905],[82.9378375,47.0134524],[82.9381303,47.0152424],[82.9381991,47.0162178],[82.9387165,47.0166232],[82.9389055,47.0167397],[82.9392121,47.016776],[82.9396444,47.0168196],[82.9398068,47.0170536],[82.9399689,47.0170583],[82.940143,47.0173071],[82.9404625,47.0173687],[82.9409037,47.0174429],[82.9412713,47.0177271],[82.9414731,47.0177393],[82.9417428,47.0179326],[82.941991,47.0180852],[82.9421995,47.018237],[82.9423211,47.0182385],[82.9424931,47.0184042],[82.9426791,47.0184317],[82.9427721,47.0184886],[82.9429082,47.0185941],[82.9432325,47.0185988],[82.9432562,47.0185484],[82.9434112,47.0185287],[82.9433804,47.0186474],[82.94358,47.0186372],[82.9439005,47.0185569],[82.9440686,47.0186805],[82.9445215,47.0186249],[82.9447291,47.018758],[82.9449297,47.0189204],[82.9452104,47.0189581],[82.9455514,47.0190196],[82.9458679,47.0191029],[82.9460754,47.019184],[82.9463428,47.0193607],[82.9463263,47.0194761],[82.9465125,47.0195914],[82.9467341,47.0195067],[82.9468507,47.0193782],[82.947144,47.019417],[82.9475089,47.01942],[82.9475884,47.0194445],[82.9478556,47.019524],[82.9479603,47.019389],[82.9480821,47.0194767],[82.9482155,47.0194603],[82.9484086,47.019426],[82.9486352,47.0194616],[82.9488356,47.0195265],[82.9489643,47.0195231],[82.9492611,47.0194705],[82.9495927,47.0196002],[82.9498621,47.0195578],[82.9500792,47.0196584],[82.9502583,47.0198111],[82.9500725,47.0199006],[82.9501254,47.0200453],[82.9502566,47.0201119],[82.9504232,47.0199297],[82.9504422,47.0198679],[82.9507951,47.0198871],[82.9508501,47.0199765],[82.9510574,47.0199064],[82.9511362,47.0199682],[82.9512482,47.0199047],[82.951625,47.0201228],[82.951816,47.020282],[82.9518805,47.0203307],[82.9518855,47.0204559],[82.9518546,47.0205079],[82.9519645,47.020646],[82.9517619,47.0206965],[82.9518705,47.0208496],[82.9518351,47.0210252],[82.9519092,47.0211406],[82.9521072,47.0211876],[82.9521098,47.0213631],[82.9523007,47.0213971],[82.9522842,47.0215239],[82.9523821,47.0216279],[82.952356,47.021688],[82.9523627,47.0218214],[82.9526393,47.0218082],[82.9529806,47.0219884],[82.9529855,47.0220859],[82.9531144,47.0221687],[82.9532482,47.0223311],[82.9532134,47.0224514],[82.9533376,47.0225505],[82.9535047,47.022669],[82.9537051,47.022742],[82.9539294,47.0228247],[82.9542463,47.0228611],[82.9545852,47.023051],[82.9549274,47.0230134],[82.9550209,47.0232636],[82.9551545,47.0233041],[82.9552215,47.0234715],[82.9553052,47.0235917],[82.9553054,47.0236847],[82.9555511,47.0237609],[82.9557014,47.0237592],[82.9556777,47.0238454],[82.955685,47.0239445],[82.9559832,47.0240564],[82.9559571,47.0241003],[82.9559906,47.0241897],[82.9560793,47.0242657],[82.956134,47.0242071],[82.9562796,47.0242704],[82.9564061,47.0243629],[82.956275,47.024389],[82.9563754,47.0245499],[82.9564423,47.0245823],[82.9566428,47.0247171],[82.9566954,47.0247772],[82.9567503,47.0248194],[82.9568029,47.0249023],[82.9567553,47.0249641],[82.956927,47.0249906],[82.9570631,47.0250685],[82.9572016,47.0251919],[82.9571209,47.0253903],[82.9574093,47.0253462],[82.9574954,47.0254453],[82.9576866,47.0257312],[82.9579468,47.0258431],[82.9579406,47.0258988],[82.9578765,47.0260045],[82.9579959,47.026136],[82.9579915,47.0263571],[82.9580705,47.0264838],[82.9580182,47.0265635],[82.9580732,47.026661],[82.9581139,47.0267731],[82.9580858,47.0268732],[82.9581003,47.026987],[82.958284,47.0270063],[82.958458,47.0269964],[82.9585822,47.0270971],[82.958487,47.0271704],[82.9586634,47.0271637],[82.958573,47.0272971],[82.9585302,47.0273524],[82.9586355,47.0275181],[82.9588074,47.0275432],[82.9587643,47.0274457],[82.9588934,47.0276276],[82.9589198,47.0277121],[82.958977,47.0277105],[82.9591369,47.0277916],[82.9592157,47.0278192],[82.9592255,47.0279508],[82.9592471,47.0280483],[82.9592807,47.0281475],[82.9594049,47.028253],[82.9595393,47.0283688],[82.9596112,47.0285394],[82.9596378,47.0287344],[82.9597118,47.0287994],[82.9596905,47.0288677],[82.9600126,47.0289844],[82.9599794,47.0290869],[82.9601774,47.0291796],[82.9601562,47.0292853],[82.9602636,47.0293372],[82.9602994,47.0293957],[82.9603139,47.02949],[82.9602163,47.0295502],[82.9603047,47.0296395],[82.9603096,47.0297305],[82.9604552,47.0298166],[82.9605889,47.0298863],[82.9606986,47.0298814],[82.9607711,47.0300677],[82.9606403,47.0302775],[82.960693,47.0303847],[82.9610007,47.0304429],[82.9612132,47.0305631],[82.9613212,47.0306682],[82.9614909,47.0308696],[82.9615413,47.0310419],[82.9615282,47.0312259],[82.9615383,47.0314989],[82.9616005,47.0316192],[82.9617104,47.0317361],[82.9616395,47.0317658],[82.9617803,47.0318583],[82.9619833,47.0319931],[82.9622843,47.0322822],[82.9624672,47.0325094],[82.9627227,47.0326766],[82.9627133,47.032753],[82.9628852,47.0328455],[82.9630904,47.032938],[82.9632384,47.0330012],[82.9632786,47.0331067],[82.9633503,47.0332123],[82.9634217,47.0331358],[82.9635768,47.0331487],[82.9638082,47.0332054],[82.9639419,47.0332654],[82.9640375,47.0333742],[82.9640877,47.0334311],[82.9641879,47.0334538],[82.9644637,47.0335658],[82.9646477,47.0337574],[82.9648268,47.0338629],[82.9651728,47.0339423],[82.9653591,47.0341014],[82.9653975,47.0341509],[82.9654644,47.034172],[82.9655241,47.0342158],[82.9655433,47.034302],[82.9656317,47.0343815],[82.9656273,47.034536],[82.965773,47.0346512],[82.9659074,47.034755],[82.9660187,47.0348805],[82.9660754,47.0348482],[82.9661418,47.0349948],[82.9661561,47.0350737],[82.9661965,47.0351558],[82.966317,47.0351637],[82.9664496,47.0353134],[82.9665395,47.0353503],[82.966628,47.0354577],[82.9667323,47.0355993],[82.9666877,47.0357427],[82.9667351,47.0358441],[82.9668394,47.0359809],[82.9668726,47.0360759],[82.9669245,47.0362372],[82.9668183,47.0363291],[82.9668965,47.0363983],[82.9669439,47.0365045],[82.9669466,47.0366511],[82.9669278,47.0367204],[82.9669469,47.0367832],[82.9669753,47.0368508],[82.9669756,47.0369716],[82.9670339,47.0371376],[82.9670931,47.0372036],[82.9671216,47.0372986],[82.9672708,47.0374483],[82.9673808,47.0376287],[82.967426,47.037793],[82.9675871,47.0379941],[82.9677671,47.0381744],[82.9678688,47.0382322],[82.9678582,47.0383602],[82.967986,47.0384358],[82.9679887,47.0386049],[82.9679662,47.0387835],[82.9680185,47.0389219],[82.9681251,47.0390668],[82.9683403,47.0391519],[82.9684799,47.0392291],[82.9684659,47.0393145],[82.9684662,47.0394611],[82.96864,47.0396714],[82.9685948,47.0399396],[82.9686777,47.0402323],[82.9685287,47.0404849],[82.9686473,47.0407135],[82.968676,47.040881],[82.9688113,47.0411689],[82.9687659,47.0413333],[82.9685507,47.0416639],[82.9686595,47.0419627],[82.968769,47.0421391],[82.9688835,47.042267],[82.9691054,47.042495],[82.9692059,47.0429178],[82.9690169,47.0431381],[82.9688957,47.0433142],[82.9688377,47.0435167],[82.968917,47.0438125],[82.968952,47.0439905],[82.9690031,47.0441531],[82.9690032,47.0442154],[82.9690263,47.0443365],[82.9690772,47.0443832],[82.9690879,47.0445217],[82.9691008,47.0445874],[82.9691163,47.0447344],[82.969086,47.0448279],[82.9692461,47.0448814],[82.9690885,47.0450866],[82.9687642,47.0454243],[82.9684844,47.0457559],[82.9682946,47.046052],[82.968229,47.0463269],[82.9683995,47.0465118],[82.9684099,47.0466451],[82.9683855,47.0468672],[82.9683584,47.047279],[82.9685735,47.0475978],[82.968739,47.0477879],[82.9685192,47.0481076],[82.9689031,47.0483668],[82.968724,47.0485749],[82.9687344,47.048696],[82.9689661,47.0490383],[82.9693978,47.0490414],[82.9696701,47.0492674],[82.9700182,47.0493519],[82.9705473,47.0495099],[82.9711238,47.0496745],[82.9716243,47.0500219],[82.9722951,47.0502254],[82.9730898,47.0503168],[82.9739934,47.0503953],[82.9743061,47.0505957],[82.9743636,47.0508717],[82.9745291,47.0510843],[82.9748369,47.0513037],[82.9749461,47.0515553],[82.975142,47.0517731],[82.9754001,47.0519115],[82.9755756,47.0520186],[82.9756368,47.0521241],[82.9755533,47.0523007],[82.9755741,47.0525238],[82.9756151,47.0527107],[82.9756874,47.052889],[82.9757464,47.0531554],[82.9758154,47.053337],[82.9759609,47.0535104],[82.9757883,47.0535556],[82.97588,47.0536835],[82.9759745,47.0539222],[82.9761194,47.0540293],[82.9760765,47.0541349],[82.9762036,47.0542178],[82.9763722,47.0543673],[82.9765325,47.0545107],[82.9768756,47.0546488],[82.977267,47.0548091],[82.9774069,47.0549439],[82.977534,47.055006],[82.977699,47.0549453],[82.9781906,47.0549933],[82.9786755,47.0549098],[82.9789673,47.0548467],[82.9794268,47.0547528],[82.9797446,47.054922],[82.9800184,47.0550245],[82.9800949,47.0551749],[82.9803703,47.0553029],[82.9808837,47.0555186],[82.9812877,47.0556065],[82.9815774,47.0556858],[82.9815675,47.0558103],[82.981682,47.0558967],[82.9816711,47.0561083],[82.9817373,47.0561792],[82.981796,47.0563366],[82.9819005,47.0564974],[82.9819567,47.0566427],[82.9822923,47.0567894],[82.9827705,47.056849],[82.9831466,47.0569593],[82.9832434,47.0570925],[82.9835966,47.0572046],[82.9837265,47.0573324],[82.9839943,47.0574952],[82.984246,47.0576126],[82.9844111,47.0576626],[82.9845714,47.0577887],[82.9847902,47.0579235],[82.985095,47.0579422],[82.9852917,47.0581659],[82.98533,47.0582576],[82.9854064,47.0583423],[82.9854878,47.058401],[82.9854881,47.0585412],[82.9856863,47.0585911],[82.9858287,47.0586654],[82.9859661,47.058769],[82.9862049,47.0587913],[82.986387,47.0588806],[82.9866893,47.0589079],[82.9866313,47.0590655],[82.9868043,47.0592141],[82.986896,47.0593109],[82.9869395,47.0594579],[82.9872113,47.059494],[82.9872598,47.0595684],[82.9873589,47.0596219],[82.9873719,47.0597378],[82.9875069,47.0599124],[82.9876062,47.0600092],[82.9876117,47.0601961],[82.9876828,47.0603792],[82.9879343,47.0604308],[82.9878812,47.0605052],[82.9880696,47.0607248],[82.9882045,47.0608319],[82.9882544,47.0609362],[82.9883867,47.0610295],[82.988679,47.0611468],[82.9888492,47.0611432],[82.9890624,47.0611014],[82.9894385,47.0611633],[82.9894973,47.061316],[82.989838,47.0614558],[82.9900646,47.06167],[82.9901639,47.0617945],[82.9903369,47.0618964],[82.9904164,47.0620668],[82.9907265,47.0621686],[82.9909631,47.0623482],[82.9913135,47.0623046],[82.9913823,47.0623737],[82.9913571,47.0624568],[82.991649,47.0624097],[82.9917456,47.0624373],[82.9917841,47.0625999],[82.9919342,47.0627105],[82.9921391,47.0628182],[82.9921166,47.0629601],[82.9921881,47.0631435],[82.9922621,47.0632645],[82.9922674,47.0633475],[82.9923946,47.0634495],[82.9924153,47.0635792],[82.992481,47.0637008],[82.9926896,47.0638113],[82.9927636,47.0639583],[82.9929342,47.0641173],[82.9931017,47.0643503],[82.9929193,47.0645339],[82.992841,47.0647001],[82.9927856,47.0648939],[82.9927555,47.0650652],[82.9929555,47.0652188],[82.9931058,47.0653969],[82.9931671,47.0655248],[82.9932181,47.06562],[82.9932315,47.0658933],[82.9931579,47.0659211],[82.9931128,47.0660738],[82.9931208,47.0662053],[82.9931034,47.0663697],[82.9930937,47.0665479],[82.9931068,47.066733],[82.9931388,47.0669289],[82.9929052,47.066969],[82.9927989,47.0671317],[82.9928809,47.067424],[82.9928813,47.0675936],[82.9928311,47.067822],[82.9928405,47.0680356],[82.992869,47.0682691],[82.9929508,47.068487],[82.9931586,47.0685721],[82.9931615,47.0687036],[82.9930402,47.0689667],[82.9930111,47.0692374],[82.9930829,47.0695089],[82.9932055,47.0697579],[82.9932376,47.0700188],[82.9934974,47.0702832],[82.9935907,47.0705917],[82.99384,47.0707351],[82.9940745,47.070952],[82.9943852,47.071277],[82.9943124,47.0715696],[82.9943259,47.0719121],[82.9946235,47.0722012],[82.9948069,47.0723965],[82.995031,47.0726402],[82.995301,47.0730033],[82.9955428,47.0732211],[82.9957634,47.073453],[82.9958297,47.0735498],[82.995909,47.0737833],[82.9957898,47.0738457],[82.9957936,47.0740107],[82.9959389,47.0741974],[82.9957184,47.0744053],[82.9957165,47.0746406],[82.996152,47.0749084],[82.9962339,47.0751488],[82.996448,47.0754274],[82.9965636,47.0758824],[82.9967505,47.0761488],[82.9968476,47.076365],[82.9968405,47.0765415],[82.9968971,47.0767198],[82.9969789,47.076936],[82.9969287,47.0771419],[82.9968505,47.0773669],[82.9969093,47.0775087],[82.9971005,47.0776554],[82.9971619,47.0778353],[82.9973936,47.0780011],[82.9977011,47.0780492],[82.9978327,47.078291],[82.9978054,47.0785696],[82.9976409,47.0787479],[82.9975575,47.0789297],[82.9974522,47.0792743],[82.9973918,47.0794907],[82.9972917,47.079703],[82.997104,47.0799221],[82.997266,47.0802742],[82.9975589,47.0805457],[82.9977681,47.0811224],[82.9979271,47.0814279],[82.9984243,47.0816328],[82.9986293,47.0818382],[82.9986622,47.082015],[82.9987763,47.0822116],[82.9986784,47.0824717],[82.9986626,47.0826419],[82.9985916,47.082799],[82.9986732,47.0829779],[82.9988101,47.0831855],[82.9989179,47.0834617],[82.9989838,47.0836313],[82.9989646,47.0837374],[82.9988383,47.0838614],[82.9988131,47.084162],[82.9987908,47.0843123],[82.9987004,47.0845158],[82.9988725,47.0847499],[82.998857,47.0850284],[82.9989258,47.0852781],[82.998748,47.0855723],[82.9986855,47.086019],[82.9987836,47.086293],[82.9989141,47.0865404],[82.9991285,47.0869838],[82.9991807,47.0872038],[82.9991427,47.0875884],[82.9987652,47.0880527],[82.9991152,47.0885178],[82.9993763,47.0889712],[82.9993094,47.0894553],[82.9990989,47.0898863],[82.9992942,47.0900806],[82.9993014,47.0903859],[82.9996302,47.0906927],[83.0001695,47.0910739],[83.000745,47.0914742],[83.0003074,47.0919019],[83.0002804,47.0922546],[83.0005897,47.0925969],[83.0009316,47.0929457],[83.0009283,47.0933187],[83.0010373,47.0938143],[83.0010806,47.0942453],[83.001281,47.0946612],[83.0017045,47.0952],[83.0023031,47.096001],[83.0022333,47.0969652],[83.0021877,47.0975968],[83.0022315,47.098089],[83.0025052,47.0986417],[83.002539,47.099345],[83.0031618,47.1000044],[83.0031257,47.1004168],[83.0028973,47.1008948],[83.0031646,47.1017923],[83.0042235,47.1019381],[83.0050808,47.1026252],[83.0056684,47.1029396],[83.0060542,47.1034214],[83.0056537,47.1038925],[83.0060585,47.1048026],[83.0069705,47.1066005],[83.0080137,47.1079158],[83.0086703,47.1092644],[83.0083743,47.1120297],[83.0104064,47.1144271],[83.0036439,47.1197596],[83.0079699,47.1262495],[83.0147482,47.1292337],[83.0194167,47.132173],[83.0186132,47.1355273],[83.0192147,47.1398947],[83.0175697,47.1421858],[83.0116006,47.1439915],[83.0146786,47.1482272],[83.0196282,47.1519299],[83.0224569,47.1545531],[83.0243818,47.1565054],[83.0232787,47.15945],[83.0264585,47.1611709],[83.0280638,47.1619905],[83.0262181,47.1650769],[83.0260193,47.1697504],[83.0293825,47.1726703],[83.0270512,47.1800324],[83.0256843,47.1845441],[83.0257971,47.1895767],[83.027652,47.1952819],[83.0251501,47.2017024],[83.0266744,47.2098094],[83.0233734,47.21461],[83.028295,47.2177755],[83.0308957,47.2226694],[83.0361215,47.2197435],[83.0406945,47.2155596],[83.0467513,47.2210164],[83.0541777,47.2252451],[83.0693584,47.2278077],[83.0833289,47.2282094],[83.0941481,47.2237893],[83.1083935,47.2289793],[83.1202136,47.2305362],[83.1339192,47.2337418],[83.1525252,47.2336549],[83.1919096,47.3917257],[83.179035,47.5117516],[83.1412695,47.5945881],[83.0265997,47.7050256],[82.9878902,47.8616645],[82.990379,47.9611923],[83.4299739,48.234614]]]}},{"type":"Feature","properties":{"id":14312169,"name":"Жетысуская область"},"geometry":{"type":"Polygon","coordinates":[[[78.4993852,43.8391565],[78.4926032,43.8454999],[78.4782712,43.8509799],[78.469825,43.8573355],[78.4626293,43.8604229],[78.4517914,43.8555162],[78.4352888,43.8589875],[78.4269633,43.8652997],[78.4101404,43.8680843],[78.3964075,43.8763136],[78.3788981,43.8755093],[78.3501448,43.8769323],[78.2154539,43.8962764],[78.0992289,43.870581],[77.9878528,43.8677106],[77.8507867,43.850058],[77.7782769,43.9356586],[77.7792224,44.0425711],[77.6097438,44.0604218],[77.504408,44.1071967],[77.3578528,44.2118418],[77.387783,44.2805888],[77.3641845,44.3373361],[77.328351,44.3437668],[77.2922537,44.357367],[77.1112546,44.4642795],[76.9268403,44.6298376],[76.837603,44.8476917],[76.56837,45.0347777],[76.3963956,45.3854643],[76.2338058,46.4783447],[76.3852363,46.6488398],[76.537671,46.5934255],[76.8385835,46.5850236],[76.8330826,46.6779761],[77.0039859,46.646582],[77.2824166,46.5847886],[77.4657805,47.1590817],[77.8237144,47.194513],[78.0131124,47.1824149],[78.2477177,47.284254],[78.3301511,47.2280809],[78.5177529,47.1489837],[79.1385787,47.0844939],[79.5717552,46.8002677],[80.1981913,46.8092362],[80.5910307,46.6670012],[81.2793982,46.5069207],[81.3095462,46.5127983],[81.3432804,46.4531992],[81.3805926,46.4826209],[81.421448,46.5237395],[81.4113629,46.4902001],[81.4120066,46.4390462],[81.4726031,46.4953852],[81.5548289,46.4864032],[81.5841591,46.4952037],[81.884849,46.1036552],[82.0844657,45.794499],[82.2021101,45.5460338],[82.4377389,45.4596986],[82.5856221,45.3014473],[82.5823778,45.2198886],[82.5738983,45.2132439],[82.5137168,45.1890741],[82.4745407,45.1770438],[82.4709304,45.1779105],[82.4691256,45.1795837],[82.466012,45.181019],[82.4625101,45.1825854],[82.4602237,45.1841154],[82.4585458,45.1851291],[82.4563201,45.187045],[82.4528197,45.1871569],[82.4497746,45.1861329],[82.4482825,45.1854365],[82.4455871,45.1868844],[82.44319,45.1872281],[82.4398849,45.1870654],[82.4363656,45.1873435],[82.4330616,45.1877263],[82.4295405,45.1875861],[82.4282367,45.1876737],[82.4270998,45.1881284],[82.423317,45.1893208],[82.4203329,45.19056],[82.4185284,45.1911952],[82.4154734,45.1922504],[82.4133874,45.1919071],[82.4106216,45.192105],[82.4076802,45.1928964],[82.4057514,45.1930245],[82.4027419,45.1923782],[82.3997962,45.1931499],[82.3973183,45.1931656],[82.39623,45.1940903],[82.3936144,45.19475],[82.3904414,45.1950362],[82.3877046,45.1965403],[82.3860755,45.1978331],[82.3827918,45.1996121],[82.380029,45.1998036],[82.3776376,45.2007849],[82.3759346,45.2013018],[82.3731965,45.2017895],[82.3698502,45.2019766],[82.3661572,45.2016519],[82.3612501,45.2016013],[82.3576717,45.2026296],[82.3553879,45.2034876],[82.3513631,45.2048167],[82.3477251,45.2067333],[82.3461229,45.2075375],[82.3413056,45.2088181],[82.3364153,45.207713],[82.3350973,45.2099503],[82.3293113,45.2175383],[82.3078536,45.2327724],[82.2840786,45.2394208],[82.2800231,45.2427448],[82.2676965,45.2412971],[82.2631891,45.237636],[82.2573827,45.2338818],[82.2496605,45.2359305],[82.2464403,45.2338322],[82.2429513,45.2305222],[82.2386034,45.2329547],[82.2330951,45.2349785],[82.2219716,45.2337666],[82.2105646,45.2321074],[82.1984624,45.2286317],[82.183838,45.2251298],[82.1739392,45.2225991],[82.1684902,45.2212244],[82.1636574,45.2223116],[82.1570487,45.221667],[82.1523667,45.221861],[82.146079,45.2180921],[82.1387147,45.2156893],[82.1329112,45.2137866],[82.1238968,45.210861],[82.1197344,45.2055808],[82.1157862,45.2031548],[82.1110054,45.2019655],[82.1067242,45.202132],[82.1005639,45.2023461],[82.0971935,45.2087029],[82.0925075,45.2135247],[82.081751,45.2228723],[82.0826938,45.2295604],[82.0810466,45.2351906],[82.0859586,45.2372647],[82.0877625,45.2407893],[82.0904596,45.2454798],[82.0878301,45.2455239],[82.0847041,45.2465997],[82.0794703,45.2459958],[82.0761419,45.246883],[82.0731002,45.2466246],[82.0682736,45.2494591],[82.0639276,45.2463122],[82.0534485,45.2498748],[82.0486819,45.2525719],[82.0410574,45.2530464],[82.0372296,45.2449833],[82.0308103,45.2423153],[82.0281421,45.2404198],[82.0249292,45.2402406],[82.0209115,45.2383354],[82.0156882,45.2375672],[82.0127738,45.2358434],[82.0103895,45.2346922],[82.0079829,45.2337046],[82.0034424,45.2344622],[81.9993296,45.2332772],[81.9951088,45.2325333],[81.9935448,45.2331143],[81.9907137,45.2343105],[81.985763,45.2355642],[81.9782186,45.2380845],[81.9669782,45.2347241],[81.9635879,45.2346795],[81.9596975,45.2355805],[81.9558509,45.2350094],[81.951352,45.2346369],[81.9459189,45.2359759],[81.9400134,45.2356391],[81.9296782,45.2312936],[81.9220346,45.228887],[81.9180988,45.2335163],[81.9124486,45.2399839],[81.907421,45.2472758],[81.9002967,45.2560899],[81.8893968,45.2693873],[81.882392,45.2794868],[81.8688228,45.2878288],[81.8544597,45.2990814],[81.8484734,45.3033177],[81.842789,45.309259],[81.8337808,45.3143389],[81.8307957,45.3202659],[81.8311129,45.327393],[81.827529,45.3319091],[81.8251034,45.334937],[81.8210794,45.3369211],[81.8193911,45.3404461],[81.816903,45.3441881],[81.8127029,45.3481109],[81.8085562,45.3516505],[81.8043279,45.3622174],[81.785016,45.3798241],[81.7686652,45.3798242],[81.7658117,45.3752063],[81.7611895,45.373469],[81.7576747,45.3726709],[81.753141,45.3746581],[81.7482617,45.372969],[81.7414759,45.3731085],[81.7360954,45.3735147],[81.7316375,45.3747061],[81.7308911,45.3713647],[81.7326846,45.3676632],[81.7321878,45.3649869],[81.7262864,45.3630038],[81.7208095,45.3626032],[81.7153873,45.3597552],[81.7096046,45.3593013],[81.7042039,45.3613143],[81.7017329,45.3639971],[81.7002841,45.3661695],[81.6983427,45.3669581],[81.6968679,45.3682328],[81.6945387,45.3690387],[81.6901415,45.3665072],[81.6832179,45.3643095],[81.6775769,45.3624605],[81.6750459,45.3542506],[81.6639535,45.3512228],[81.6554439,45.3516258],[81.6502948,45.3505247],[81.6394991,45.3561296],[81.629752,45.3551698],[81.6217822,45.3516143],[81.616463,45.3476992],[81.6089662,45.3415685],[81.5968491,45.3412746],[81.5879312,45.3365875],[81.5868923,45.3323364],[81.5810858,45.3296812],[81.572327,45.3263386],[81.5692696,45.3217548],[81.5686224,45.3171247],[81.5737027,45.3098055],[81.5694877,45.3064904],[81.5518793,45.3046807],[81.5450633,45.3023877],[81.5313744,45.3042627],[81.530214,45.2957429],[81.5227761,45.2869665],[81.5187389,45.2817953],[81.5113227,45.2806248],[81.4981294,45.2803571],[81.494178,45.2753253],[81.4910844,45.2752646],[81.4887416,45.2750228],[81.4874332,45.2746294],[81.4862912,45.2745326],[81.485116,45.2738025],[81.4839347,45.273953],[81.481589,45.27395],[81.4790862,45.274067],[81.4767209,45.2753967],[81.4726131,45.2715171],[81.467353,45.268308],[81.4598242,45.2639422],[81.4545972,45.2634376],[81.4515196,45.2622804],[81.4479899,45.2627365],[81.4437853,45.2646127],[81.4400456,45.2670231],[81.4371788,45.2684947],[81.4365554,45.2702122],[81.4355074,45.2723822],[81.4354651,45.2744745],[81.4383193,45.2773247],[81.4356266,45.2789403],[81.4296603,45.2794641],[81.4279126,45.2790865],[81.4250993,45.2808868],[81.4235951,45.2825835],[81.421883,45.2835332],[81.4175643,45.2817708],[81.4142374,45.280283],[81.409758,45.2802874],[81.4067051,45.2802955],[81.4018948,45.2778308],[81.4015428,45.2761856],[81.3978724,45.2743275],[81.3942576,45.2725473],[81.3904573,45.2712629],[81.3886489,45.270324],[81.3865383,45.2669471],[81.3834305,45.2651348],[81.3804625,45.2617699],[81.3808986,45.2595984],[81.3797078,45.2582549],[81.3783675,45.2551708],[81.3756783,45.2530231],[81.372645,45.2535009],[81.3693937,45.2545595],[81.3659209,45.2574946],[81.3645946,45.2591388],[81.3613925,45.2604322],[81.3589039,45.2596322],[81.3553,45.2595735],[81.3523958,45.2606649],[81.3507627,45.2603787],[81.3464873,45.2590521],[81.3425808,45.2585674],[81.3384753,45.2577098],[81.3346279,45.2568346],[81.330425,45.2559699],[81.328138,45.2567102],[81.3247105,45.2553898],[81.3195074,45.2546124],[81.3148582,45.2539067],[81.3124557,45.2543285],[81.3083749,45.2542183],[81.3074706,45.2522567],[81.3074636,45.2504531],[81.3073609,45.2486843],[81.3069045,45.2472302],[81.3051973,45.2466077],[81.3022857,45.2463522],[81.3005111,45.2472505],[81.299351,45.2479585],[81.2952441,45.247446],[81.2919072,45.2455185],[81.289831,45.2435732],[81.2881684,45.2423085],[81.2842642,45.2406476],[81.2798342,45.2396039],[81.2756034,45.2391997],[81.2707016,45.237264],[81.2688841,45.2367329],[81.2662339,45.2371338],[81.2619866,45.2367083],[81.2578828,45.2370306],[81.2566784,45.2373605],[81.2539907,45.238284],[81.2513315,45.239491],[81.2503535,45.2405936],[81.2491138,45.2413338],[81.2469204,45.2408768],[81.2453349,45.2406048],[81.243507,45.240087],[81.2419308,45.2401798],[81.240593,45.2403961],[81.2377056,45.2407943],[81.2364739,45.2414702],[81.2350853,45.2424042],[81.2324363,45.2440343],[81.2303471,45.2455527],[81.2293625,45.247355],[81.2272731,45.2479174],[81.2249043,45.2466906],[81.220936,45.2447157],[81.2218648,45.2418482],[81.2220919,45.2393065],[81.2211824,45.2375771],[81.2195953,45.2368925],[81.215918,45.2353582],[81.2143948,45.2349733],[81.2113465,45.2339009],[81.209386,45.2348329],[81.2082579,45.235514],[81.2069514,45.2361343],[81.2060706,45.2366994],[81.2047504,45.2366497],[81.2027352,45.2366229],[81.198424,45.2353174],[81.1947559,45.2345234],[81.1911673,45.2328598],[81.189191,45.2320082],[81.1873537,45.2321735],[81.1851882,45.2300268],[81.1821088,45.2275215],[81.1801011,45.2267144],[81.1760433,45.2254569],[81.1734229,45.2257248],[81.1711162,45.225624],[81.1685968,45.2250709],[81.1671043,45.2245504],[81.1667379,45.222843],[81.1682703,45.2185437],[81.1701876,45.2152191],[81.1699329,45.2137],[81.1694143,45.212432],[81.1685027,45.2113721],[81.1671982,45.2105015],[81.1664773,45.2097222],[81.1645147,45.2082193],[81.162576,45.2067759],[81.1618311,45.2058613],[81.1608151,45.2057541],[81.1592412,45.2054931],[81.1565857,45.2053458],[81.1540824,45.2058154],[81.1508397,45.2078897],[81.149634,45.2083705],[81.1477572,45.2090854],[81.1433551,45.2101585],[81.1416838,45.2103198],[81.1383778,45.2095915],[81.1371697,45.2098444],[81.1364706,45.2117249],[81.1356542,45.2128189],[81.1345394,45.2136152],[81.1340867,45.2154927],[81.1334516,45.2175704],[81.131721,45.2180741],[81.130548,45.2181816],[81.1284139,45.2176513],[81.1268141,45.2168297],[81.124962,45.2165901],[81.1241868,45.2160147],[81.1223582,45.2159113],[81.1210796,45.2157905],[81.119087,45.2152267],[81.1157264,45.2162722],[81.1134275,45.2169212],[81.1109335,45.2177809],[81.1087391,45.2196398],[81.106758,45.2216119],[81.1018988,45.2184556],[81.1010459,45.2159742],[81.1019231,45.2134661],[81.102334,45.2120077],[81.1044575,45.2100974],[81.1067898,45.2081965],[81.1075902,45.2035861],[81.1090897,45.2010812],[81.1065666,45.1993796],[81.1035916,45.1994227],[81.1010643,45.1994904],[81.0983245,45.1987065],[81.0959622,45.1970599],[81.0943072,45.1964249],[81.0923922,45.1962743],[81.0896756,45.1964815],[81.0868038,45.1960696],[81.0826984,45.1934922],[81.0798845,45.1896141],[81.07701,45.1864805],[81.0751128,45.1845721],[81.0752127,45.1810308],[81.0757621,45.1795236],[81.0738309,45.1764995],[81.0698417,45.1723429],[81.0631003,45.1730869],[81.0613257,45.1743833],[81.0573304,45.1772976],[81.049628,45.174575],[81.0443532,45.1706496],[81.0363697,45.1668108],[81.0273354,45.1659284],[81.0246599,45.1635148],[81.0168079,45.1644026],[81.0122035,45.1626216],[81.0086056,45.1619869],[81.0023228,45.1604361],[80.9945879,45.1589034],[80.9912567,45.1595133],[80.9867217,45.1608336],[80.9815247,45.1614443],[80.9772752,45.1626488],[80.9733094,45.1633933],[80.964405,45.1672242],[80.9565464,45.1671246],[80.9516803,45.1604004],[80.9458813,45.1614271],[80.9424541,45.1593996],[80.9364436,45.1581646],[80.9280984,45.1566106],[80.9269898,45.1535341],[80.9251488,45.1510339],[80.9224857,45.1473381],[80.9215242,45.1453958],[80.9171794,45.1443552],[80.9128574,45.1410707],[80.9111688,45.1385134],[80.9066179,45.1370105],[80.8999597,45.1293759],[80.8993331,45.1270137],[80.8948096,45.1245569],[80.8889855,45.1249234],[80.8845987,45.1273873],[80.8793968,45.1303777],[80.8729952,45.1293326],[80.8650189,45.1267531],[80.8586535,45.1254454],[80.8533803,45.1265919],[80.8480709,45.1290358],[80.8435016,45.1317642],[80.8413234,45.1339358],[80.8388949,45.135913],[80.8380326,45.1367943],[80.8337715,45.1403047],[80.8311813,45.1409488],[80.8296896,45.141331],[80.8277566,45.1417172],[80.8264334,45.1415396],[80.8242745,45.142095],[80.8186812,45.143395],[80.8151055,45.1439347],[80.8115491,45.1451359],[80.8082808,45.1460435],[80.8048862,45.1466402],[80.8010191,45.1480048],[80.7962333,45.149843],[80.7928429,45.1497003],[80.7899648,45.1496977],[80.7840368,45.1476136],[80.7796874,45.1445257],[80.7764764,45.1433233],[80.7723386,45.144148],[80.7670491,45.1476734],[80.7623683,45.1517903],[80.7591869,45.1530056],[80.7544608,45.1545947],[80.7515378,45.1564654],[80.7483373,45.157623],[80.7456628,45.1589676],[80.7280111,45.1712369],[80.7194924,45.1579686],[80.726093,45.1534977],[80.7252962,45.1515151],[80.7237525,45.1500034],[80.7197523,45.1486649],[80.7172992,45.1469743],[80.7121236,45.1463641],[80.7090987,45.1451665],[80.7059489,45.1442431],[80.7044707,45.1421805],[80.7022753,45.1400165],[80.7000308,45.1362179],[80.6979493,45.1335134],[80.6955555,45.1326622],[80.6933236,45.1327895],[80.6907701,45.1335253],[80.6878733,45.1339113],[80.6842881,45.1336815],[80.6814431,45.1328397],[80.678693,45.1324586],[80.6780422,45.1303495],[80.6768856,45.1281498],[80.6749817,45.1275205],[80.6701423,45.1264999],[80.6668502,45.1245266],[80.6634497,45.1243204],[80.6588595,45.1241349],[80.6557027,45.121691],[80.6536094,45.1213246],[80.6505671,45.1216044],[80.6466372,45.1214677],[80.644937,45.1209652],[80.6385863,45.1196585],[80.6375257,45.1171932],[80.6356202,45.1155639],[80.6312083,45.1150015],[80.6288374,45.1166324],[80.6255997,45.1177163],[80.6236516,45.117349],[80.6206616,45.1160695],[80.6193531,45.1144025],[80.6187785,45.1122888],[80.6159975,45.1096693],[80.614353,45.1084862],[80.6093796,45.1084476],[80.6054216,45.1085679],[80.6022363,45.1068324],[80.5997403,45.1044444],[80.595919,45.1048981],[80.592432,45.1054025],[80.5887444,45.1053688],[80.5842096,45.1054539],[80.5798018,45.1066517],[80.5770486,45.1089409],[80.5725949,45.1103966],[80.5673648,45.1113446],[80.5626277,45.1123897],[80.5561958,45.110893],[80.5465238,45.1108185],[80.5434041,45.1104419],[80.5378924,45.1093777],[80.5281625,45.1083888],[80.5195266,45.1062175],[80.5095469,45.1066247],[80.5084691,45.1080336],[80.5076973,45.1096049],[80.5063056,45.1110191],[80.501074,45.1131417],[80.4975207,45.1169347],[80.4968001,45.1193786],[80.4941024,45.1215595],[80.4917901,45.123956],[80.4901973,45.125876],[80.4854174,45.1246069],[80.4830597,45.1217375],[80.4807696,45.1185201],[80.4785797,45.1148844],[80.4761791,45.113667],[80.4723995,45.1130905],[80.4686369,45.1126854],[80.4656232,45.1121006],[80.4619076,45.1118173],[80.459883,45.1099951],[80.4583447,45.1084888],[80.4559832,45.1070493],[80.4514757,45.1053509],[80.4491078,45.1046785],[80.4482892,45.1030714],[80.4423664,45.0990852],[80.4378151,45.0976156],[80.4385489,45.0951],[80.4418338,45.0915484],[80.4419068,45.0893803],[80.4435006,45.0869631],[80.4418425,45.0849394],[80.4392389,45.0771053],[80.4370706,45.0747595],[80.4332868,45.0726747],[80.4291436,45.0693611],[80.4277282,45.0670066],[80.4220656,45.0633985],[80.4193294,45.0617931],[80.417528,45.0611397],[80.4144686,45.0599967],[80.409267,45.0584185],[80.4058176,45.0530131],[80.4037107,45.0482987],[80.3967826,45.0462343],[80.3917701,45.044426],[80.3864879,45.0445583],[80.3829223,45.0411307],[80.3802938,45.0405596],[80.3752483,45.0408233],[80.3695806,45.042466],[80.3639269,45.0409853],[80.3595425,45.0401452],[80.3558331,45.0396033],[80.3452314,45.0409612],[80.3428587,45.0428564],[80.3377245,45.0468587],[80.3327597,45.0534639],[80.3318343,45.0542214],[80.3301608,45.0556406],[80.3290323,45.0580976],[80.3295169,45.0628168],[80.3282758,45.066027],[80.327396,45.0680648],[80.3254442,45.0695996],[80.3209996,45.0698416],[80.3162464,45.0698146],[80.3133625,45.0677268],[80.3093475,45.0672066],[80.3071928,45.0667157],[80.2988853,45.0659891],[80.2956752,45.0656065],[80.2925319,45.0661479],[80.288213,45.063677],[80.2861988,45.0609599],[80.2846618,45.060428],[80.2791826,45.0596304],[80.2714868,45.0556691],[80.263979,45.053932],[80.2607659,45.0532238],[80.2587113,45.0472143],[80.2554855,45.0424738],[80.2545371,45.0407733],[80.2511645,45.0378466],[80.2485369,45.0357824],[80.2475029,45.0342259],[80.2446656,45.0313219],[80.2431035,45.0300021],[80.2400894,45.0276394],[80.2347316,45.030061],[80.232792,45.0321383],[80.2306227,45.0326788],[80.227771,45.0316312],[80.2257977,45.0299823],[80.2231781,45.0281639],[80.2162588,45.0244644],[80.2121834,45.0242934],[80.2071724,45.0270502],[80.2039615,45.0292493],[80.2020802,45.0300131],[80.1975133,45.0282325],[80.1933667,45.027958],[80.1904758,45.0294315],[80.1867985,45.033578],[80.183923,45.0377937],[80.1823152,45.0415898],[80.1774236,45.041374],[80.1737204,45.0391321],[80.1686511,45.0386104],[80.1655715,45.0402821],[80.163697,45.0418033],[80.1608814,45.0434417],[80.1579186,45.045738],[80.1559197,45.0482953],[80.1540673,45.0514606],[80.1518966,45.0528602],[80.1488303,45.0534718],[80.1429798,45.0560683],[80.1390191,45.0569506],[80.1388697,45.054535],[80.1367197,45.050765],[80.1329265,45.0460446],[80.12864,45.0430297],[80.1276372,45.039162],[80.123298,45.0394634],[80.1186042,45.0409383],[80.1165877,45.0427592],[80.1154485,45.0456762],[80.1132315,45.0480481],[80.1085507,45.0459694],[80.1054806,45.0453439],[80.1008314,45.0468274],[80.09851,45.0467357],[80.0933989,45.0477609],[80.0897253,45.0467222],[80.0895782,45.0428746],[80.0900415,45.0404026],[80.0908891,45.0378061],[80.0893326,45.0356877],[80.0872502,45.0339575],[80.0752258,45.033441],[80.0611066,45.0325919],[80.0511503,45.0190941],[80.0561739,45.0136228],[80.0531352,45.0123565],[80.0526928,45.009683],[80.0518476,45.0075608],[80.0504785,45.0052522],[80.0470891,45.0023609],[80.0450816,45.0019431],[80.0437164,45.0022789],[80.0409964,45.0030577],[80.0391493,45.0029822],[80.0354131,45.0009426],[80.0338959,44.9983122],[80.0328565,44.9964396],[80.0308979,44.9963239],[80.0284797,44.9937509],[80.0257405,44.992797],[80.0213253,44.9915672],[80.0184385,44.9883481],[80.0135956,44.9827312],[80.0100143,44.9803089],[79.9883752,44.9776266],[79.986902,44.9721655],[79.9842748,44.9674373],[79.9808288,44.9647659],[79.9726958,44.9637552],[79.9688468,44.9658284],[79.956765,44.9618528],[79.9533317,44.9540343],[79.9452069,44.9522361],[79.9440014,44.9490986],[79.9474895,44.9446005],[79.9451435,44.9404928],[79.9368585,44.9346063],[79.929535,44.9330286],[79.9193416,44.9293372],[79.9047089,44.9286865],[79.9019477,44.9240118],[79.898789,44.9218723],[79.8953982,44.9192154],[79.8906174,44.9177437],[79.8873539,44.9151457],[79.8821569,44.9102725],[79.8858215,44.9073871],[79.8855097,44.9052609],[79.8867713,44.8958755],[79.891171,44.8944985],[79.8994789,44.8984416],[79.9062736,44.9006367],[79.9133664,44.9012255],[79.9180459,44.896393],[79.9283882,44.8928912],[79.9308946,44.8885022],[79.9374213,44.8863975],[79.9428555,44.8855687],[79.9483959,44.8835134],[79.9516254,44.8824404],[79.9586131,44.8813888],[79.9634252,44.8814125],[79.9640377,44.8785815],[79.9576619,44.8747295],[79.9503996,44.8678333],[79.9456658,44.8626534],[79.946646,44.8603907],[79.9461173,44.8563455],[79.9449113,44.8535088],[79.9460826,44.8498514],[79.9514412,44.8502168],[79.9570953,44.8460757],[79.9667612,44.8416479],[79.9705948,44.8373064],[79.9741418,44.8336285],[79.9819505,44.8310003],[79.9845747,44.828842],[79.9867534,44.8255891],[79.9911669,44.8239776],[79.9951761,44.8235933],[79.9967056,44.8203416],[79.9996253,44.816031],[79.997876,44.8105833],[79.9962078,44.802009],[79.9933215,44.7955913],[79.9969574,44.791297],[80.0049211,44.7901955],[80.013167,44.7925569],[80.0191266,44.79298],[80.0184252,44.7953737],[80.0194318,44.7982005],[80.0237943,44.800679],[80.0307145,44.8036218],[80.0381843,44.8021257],[80.0464245,44.8006908],[80.0538446,44.8023555],[80.0598698,44.8079279],[80.0697492,44.8089213],[80.0768744,44.8116735],[80.0839038,44.8118988],[80.0934975,44.8132519],[80.1004187,44.8118162],[80.1067411,44.810931],[80.1142004,44.8097841],[80.1198674,44.8143636],[80.1250862,44.8202683],[80.1359012,44.8246288],[80.1476943,44.8280873],[80.1516298,44.8340301],[80.1533293,44.8388197],[80.1625828,44.84193],[80.1667832,44.8349717],[80.1756476,44.825865],[80.1832551,44.8187547],[80.1832965,44.8140397],[80.1812722,44.8096968],[80.1801037,44.8065299],[80.1802365,44.8034082],[80.1774845,44.8005089],[80.1754626,44.7978307],[80.1738553,44.7953354],[80.1738736,44.7931758],[80.1758206,44.7913452],[80.1765369,44.7898476],[80.1763453,44.7891083],[80.1760874,44.7859299],[80.1772796,44.7838418],[80.1797554,44.781223],[80.183563,44.7782177],[80.1859834,44.7750045],[80.1878557,44.7721292],[80.1919166,44.7680996],[80.1932271,44.766251],[80.193651,44.7648412],[80.1959416,44.7627066],[80.1971205,44.7614911],[80.1972575,44.7589004],[80.1954116,44.7563138],[80.1944756,44.7555153],[80.1927287,44.7530913],[80.1932084,44.750386],[80.1948917,44.7492101],[80.1974569,44.7472574],[80.1994907,44.745373],[80.2017848,44.7429144],[80.2051744,44.7415792],[80.2078726,44.7390873],[80.2095249,44.737353],[80.2126276,44.7347918],[80.2149202,44.7333048],[80.2183333,44.7310966],[80.2197796,44.7296307],[80.2234616,44.728045],[80.2253797,44.7271491],[80.2279526,44.7254118],[80.2312324,44.7236702],[80.2354255,44.7215566],[80.2394229,44.7208815],[80.2416484,44.7215262],[80.2447432,44.7213397],[80.2487503,44.7198994],[80.2536991,44.7187548],[80.257092,44.7189209],[80.25915,44.7178724],[80.2616782,44.7175559],[80.2634601,44.7163795],[80.2651141,44.7163182],[80.2670395,44.7157637],[80.2686915,44.7158643],[80.2713977,44.7144238],[80.2733628,44.7137074],[80.2746419,44.7133556],[80.2762051,44.7134825],[80.2779426,44.7128006],[80.2792798,44.7118191],[80.281388,44.7107436],[80.2850515,44.7094078],[80.2955645,44.7072145],[80.3017514,44.7058487],[80.3089377,44.7042456],[80.3135863,44.7027349],[80.3153823,44.7012969],[80.3162484,44.7006092],[80.3184943,44.6995337],[80.3199594,44.6983276],[80.3227556,44.6965625],[80.3252718,44.6950026],[80.3277474,44.6936584],[80.3318293,44.6908568],[80.3347568,44.6897487],[80.3371484,44.6890967],[80.3381043,44.6871315],[80.3394414,44.6849166],[80.3405763,44.6838343],[80.341632,44.6819416],[80.3433807,44.6801159],[80.3437956,44.6779946],[80.3444312,44.6753166],[80.3461299,44.6734186],[80.3476937,44.6711689],[80.3483266,44.6698317],[80.3487388,44.6679353],[80.3495633,44.6663651],[80.3512572,44.6648629],[80.3535104,44.662941],[80.3557023,44.6608477],[80.3585824,44.6592171],[80.3606905,44.6578431],[80.3636679,44.65651],[80.3669212,44.6552952],[80.368518,44.6533693],[80.3704914,44.6515805],[80.3714515,44.6502359],[80.3735585,44.6488977],[80.3738243,44.6476213],[80.3746941,44.6464472],[80.3755289,44.645012],[80.3766178,44.6433802],[80.3785042,44.6425986],[80.3810205,44.6418473],[80.3825287,44.6398848],[80.3825764,44.6377613],[80.3838483,44.6354735],[80.3859098,44.6347917],[80.3876889,44.6333884],[80.3893812,44.6318497],[80.3926819,44.6307425],[80.3945974,44.6295288],[80.3968401,44.6283528],[80.3971663,44.6272747],[80.3977164,44.6252529],[80.3981213,44.6238782],[80.3985349,44.6228725],[80.3982171,44.6219169],[80.3990359,44.6207154],[80.401236,44.6199621],[80.402515,44.6193388],[80.4039262,44.6168625],[80.4057598,44.6149643],[80.4065834,44.6132679],[80.4085017,44.611694],[80.4096881,44.6102243],[80.4103789,44.609184],[80.4097378,44.6078129],[80.4081376,44.6053659],[80.4058453,44.6016375],[80.4038859,44.5999362],[80.4002321,44.5976043],[80.3981937,44.5949749],[80.3953446,44.5940329],[80.3931936,44.5925817],[80.3908105,44.5904453],[80.3925061,44.5872417],[80.3926193,44.5848396],[80.3933907,44.582099],[80.3924764,44.5792145],[80.3916512,44.5762405],[80.3923828,44.5736887],[80.3923591,44.569918],[80.3931218,44.5679963],[80.390598,44.5649772],[80.3881773,44.5641453],[80.3862619,44.5631451],[80.3847331,44.5613011],[80.3856051,44.5585792],[80.3830436,44.5556227],[80.3796173,44.5523555],[80.3795303,44.5498803],[80.3795671,44.5476038],[80.3784526,44.544718],[80.3770574,44.5422177],[80.3771464,44.5397705],[80.3770765,44.5380693],[80.3754662,44.5357028],[80.3737088,44.5341543],[80.37073,44.5327161],[80.3708065,44.5302868],[80.3701246,44.5270254],[80.3679039,44.5253213],[80.3691373,44.5206037],[80.369779,44.5170796],[80.3706706,44.5132486],[80.3692123,44.5101563],[80.3682001,44.5083959],[80.3675413,44.5053596],[80.366969,44.5036286],[80.3643473,44.5007343],[80.3630476,44.4988281],[80.3621164,44.4965911],[80.3602032,44.4944836],[80.3558584,44.4917234],[80.3528534,44.4894837],[80.3509858,44.4878532],[80.3489527,44.4852949],[80.346783,44.4826008],[80.3478659,44.4801682],[80.3490034,44.4784829],[80.3495516,44.4755253],[80.3508286,44.4725719],[80.3511319,44.4701619],[80.3510331,44.4665977],[80.349991,44.4619932],[80.3499871,44.4600854],[80.3538488,44.4574256],[80.3575113,44.4526374],[80.3594787,44.4492952],[80.3627357,44.444382],[80.3663203,44.4404783],[80.3668407,44.4376555],[80.3668618,44.4357028],[80.3684418,44.4328733],[80.3693555,44.4308265],[80.3693455,44.4282527],[80.3700596,44.4260789],[80.3715181,44.4223883],[80.3708128,44.4190728],[80.371972,44.4163524],[80.3751039,44.4134719],[80.3772429,44.4106669],[80.3778547,44.4074216],[80.378245,44.40494],[80.378745,44.4015771],[80.3787223,44.3989762],[80.378224,44.3950589],[80.3787974,44.3930553],[80.3787299,44.3899322],[80.3786578,44.3872591],[80.3796648,44.3845919],[80.3818517,44.3806802],[80.3844232,44.3759606],[80.3853528,44.3734638],[80.3848086,44.3715171],[80.384007,44.3701988],[80.3845532,44.36716],[80.3848537,44.3660188],[80.3842382,44.3637116],[80.3844693,44.362012],[80.3852401,44.3602883],[80.38556,44.3584901],[80.3864445,44.3554711],[80.3854925,44.3517761],[80.386613,44.3465715],[80.387562,44.3433728],[80.3873806,44.3415269],[80.3879543,44.3382272],[80.3893858,44.336822],[80.3902558,44.3339468],[80.3902292,44.3316606],[80.39041,44.3299516],[80.3916208,44.3256204],[80.390707,44.3230776],[80.3917285,44.3200683],[80.3918449,44.317297],[80.3915938,44.3137049],[80.3937813,44.3106298],[80.3950103,44.3093404],[80.3951415,44.3075502],[80.397485,44.3038909],[80.3986247,44.301503],[80.4001456,44.2973623],[80.4034442,44.2872062],[80.403229,44.2713161],[80.4062641,44.2520927],[80.4029059,44.2334003],[80.4008567,44.2176585],[80.3982335,44.2054274],[80.4021925,44.1601028],[80.4028523,44.152317],[80.396238,44.1101139],[80.4433457,44.073964],[80.4445666,44.0675621],[80.4452421,44.0660624],[80.4448812,44.0646207],[80.4460206,44.0628893],[80.4460164,44.0606663],[80.4464216,44.0587063],[80.4466052,44.0564213],[80.4480141,44.0565541],[80.4490143,44.0577019],[80.4488691,44.0558652],[80.450551,44.0548204],[80.4506461,44.0526339],[80.4492874,44.0511334],[80.4490527,44.0495303],[80.4508663,44.050412],[80.452682,44.0497278],[80.4514064,44.0486867],[80.45041,44.0484839],[80.4519152,44.0476361],[80.4541235,44.0462968],[80.4536778,44.0445667],[80.4537242,44.0435859],[80.4504216,44.043192],[80.4497362,44.0417578],[80.4521362,44.0412653],[80.4505933,44.0408079],[80.4498301,44.0396973],[80.452995,44.0401265],[80.4528565,44.0389198],[80.4497442,44.0381939],[80.4482882,44.0364679],[80.4488373,44.0337526],[80.4512771,44.0329724],[80.4536811,44.0333619],[80.4531299,44.0349612],[80.455668,44.0343434],[80.4545783,44.0334652],[80.4534015,44.0312096],[80.4544925,44.0305848],[80.456081,44.0314744],[80.4580751,44.0302959],[80.4574412,44.0286909],[80.4551701,44.0287881],[80.4530471,44.0290569],[80.4512308,44.0285262],[80.4504227,44.0268934],[80.4516912,44.0259455],[80.4536319,44.0265038],[80.4540439,44.0251018],[80.4530021,44.0231078],[80.4554948,44.0232998],[80.4535477,44.0220935],[80.451827,44.0233992],[80.4507445,44.021765],[80.4535419,44.0213735],[80.4548171,44.0196786],[80.4521404,44.0178118],[80.4522388,44.0193152],[80.4505551,44.0193161],[80.4509197,44.0176529],[80.4503831,44.0163454],[80.4493406,44.0144504],[80.4513346,44.014586],[80.4511968,44.0133073],[80.4521474,44.0116469],[80.44839,44.0120698],[80.447896,44.0102044],[80.4469425,44.0094888],[80.4475285,44.0081507],[80.4492931,44.0074573],[80.450512,44.0064461],[80.4492561,44.0047211],[80.4509297,44.0044232],[80.4512915,44.0030479],[80.449659,44.0029501],[80.4498359,44.001349],[80.4505219,43.9999482],[80.4524584,44.0008936],[80.4539967,44.00037],[80.451877,43.9990007],[80.4501558,43.9977235],[80.4493439,43.9965495],[80.4513324,43.9958661],[80.4515567,43.9945262],[80.4546371,43.994397],[80.4535024,43.9930596],[80.4519195,43.991684],[80.4520647,43.9908027],[80.4502061,43.9909288],[80.4515636,43.9897203],[80.4517827,43.9889384],[80.4541,43.9890755],[80.4542281,43.9873391],[80.4553198,43.9865524],[80.4544589,43.9852793],[80.4524213,43.9845675],[80.4545486,43.9836507],[80.4551886,43.9818178],[80.456994,43.9820154],[80.4577113,43.9812628],[80.457449,43.9799566],[80.454908,43.9797915],[80.4562259,43.9787808],[80.458528,43.9778018],[80.4603339,43.9779363],[80.4609684,43.9766883],[80.456043,43.975612],[80.4572198,43.9750236],[80.4585352,43.9742739],[80.4610138,43.9758066],[80.4628222,43.9742761],[80.4615593,43.9733612],[80.4634105,43.9726049],[80.4626467,43.9716293],[80.4645046,43.971494],[80.4656774,43.9699606],[80.4654514,43.9687535],[80.46704,43.969472],[80.4685693,43.9684621],[80.4708798,43.9692739],[80.4713264,43.9680969],[80.4740456,43.9663725],[80.4748518,43.9653863],[80.4740884,43.9643477],[80.4753538,43.9635616],[80.4733649,43.9630394],[80.4743109,43.9617298],[80.4754449,43.960295],[80.4773034,43.9614736],[80.4793727,43.959935],[80.4768971,43.9595097],[80.4792491,43.9583955],[80.4801043,43.9574814],[80.4799636,43.9564728],[80.4812318,43.9567666],[80.4828144,43.9567287],[80.482952,43.9552264],[80.4814531,43.9542476],[80.4788796,43.9550638],[80.4797379,43.9537898],[80.4805536,43.9531095],[80.4789766,43.9525173],[80.4766697,43.9527767],[80.4784676,43.950886],[80.4775185,43.9497386],[80.4791467,43.9487291],[80.4776614,43.9476513],[80.4760727,43.9469961],[80.4763046,43.9461151],[80.4748531,43.9468644],[80.4732679,43.9458221],[80.474994,43.9450111],[80.476122,43.9442243],[80.4758444,43.943206],[80.4733133,43.9420964],[80.4746314,43.9409235],[80.4734582,43.9397841],[80.4730041,43.939026],[80.473451,43.937786],[80.4718748,43.9371668],[80.4726417,43.9363513],[80.4741345,43.9365472],[80.4750763,43.9356605],[80.4744525,43.9343707],[80.4759335,43.9344855],[80.4772217,43.9322689],[80.4788299,43.9306472],[80.4804164,43.9300785],[80.4821317,43.9304463],[80.4836041,43.930102],[80.4839474,43.9292846],[80.4847892,43.9284244],[80.4839166,43.9270884],[80.4853172,43.9264017],[80.4853486,43.9256459],[80.4870614,43.9262926],[80.4876658,43.9255123],[80.487664,43.9242703],[80.4887178,43.9233571],[80.4885425,43.9220243],[80.4898331,43.9210671],[80.4880562,43.9206541],[80.4887952,43.9201354],[80.4886928,43.91901],[80.4896731,43.9179434],[80.4908584,43.9176427],[80.4916945,43.9159634],[80.4907836,43.9147444],[80.4925737,43.9150493],[80.4943419,43.9150122],[80.4959457,43.9152803],[80.4964985,43.9146888],[80.4982618,43.9137425],[80.4996399,43.9127136],[80.4996858,43.9116968],[80.5011368,43.9109019],[80.5019782,43.9100236],[80.5031923,43.9092279],[80.5046159,43.9086941],[80.5051972,43.9076436],[80.5057776,43.9067101],[80.5065923,43.9060387],[80.5078288,43.907034],[80.5088623,43.9054905],[80.5099842,43.9037763],[80.5090199,43.9029712],[80.5086965,43.9014308],[80.5113815,43.9003443],[80.513131,43.8994878],[80.5121825,43.8982868],[80.5114141,43.8978875],[80.5133944,43.897716],[80.512182,43.8968198],[80.511418,43.8958895],[80.5110447,43.8943669],[80.5116171,43.8928573],[80.5100704,43.8917707],[80.5094344,43.8904179],[80.5106968,43.8897484],[80.5090947,43.8893545],[80.5099853,43.8884943],[80.5115179,43.8882489],[80.5113802,43.8868353],[80.5116182,43.8851263],[80.511205,43.8839185],[80.5117318,43.8834078],[80.5123899,43.8820516],[80.511601,43.8811392],[80.5105722,43.8806668],[80.5092807,43.8803552],[80.5076477,43.8807172],[80.5065912,43.8805866],[80.5069881,43.8792383],[80.5080095,43.8790987],[80.5098001,43.8792324],[80.5088769,43.8780135],[80.5077809,43.8781527],[80.5056099,43.8773873],[80.5069803,43.8756562],[80.5080135,43.8755977],[80.5073758,43.8744699],[80.5063758,43.8750416],[80.5046962,43.8750433],[80.5048756,43.8744141],[80.5065417,43.8730263],[80.5057495,43.8725459],[80.5070421,43.8726955],[80.5083546,43.8734572],[80.508114,43.8724481],[80.5080705,43.8716919],[80.5097482,43.8719152],[80.5101931,43.8707561],[80.5096398,43.8699707],[80.5071668,43.871157],[80.5061426,43.8701446],[80.5068841,43.8692298],[80.507202,43.8683941],[80.5079879,43.8681275],[80.5100439,43.8692344],[80.5101509,43.8698379],[80.5110393,43.8692117],[80.5114843,43.8680346],[80.5125918,43.8679943],[80.5125669,43.8664732],[80.5110159,43.8659896],[80.5105354,43.8669415],[80.5091242,43.8661074],[80.5105385,43.8650425],[80.5113617,43.864776],[80.5125624,43.8655012],[80.5143803,43.8652839],[80.5144145,43.8641411],[80.5157575,43.8642008],[80.5166487,43.8647356],[80.5180771,43.8634636],[80.5174085,43.8615348],[80.5188026,43.8614237],[80.5166523,43.8596866],[80.5153068,43.8599508],[80.5157857,43.8591879],[80.5158537,43.8584681],[80.5163911,43.8581464],[80.5182234,43.8592072],[80.5199454,43.8585215],[80.5208671,43.8568063],[80.5208861,43.8559874],[80.5199451,43.8554614],[80.5196536,43.8545962],[80.5190384,43.8537656],[80.5207604,43.8530528],[80.52141,43.8511475],[80.5208835,43.8501193],[80.5209951,43.8485988],[80.5204431,43.8476604],[80.520601,43.8465811],[80.5209356,43.8451695],[80.5222516,43.843888],[80.522543,43.8432052],[80.5210625,43.843298],[80.5209938,43.8425597],[80.5196686,43.8419061],[80.5203082,43.8412248],[80.5202812,43.8399466],[80.5216471,43.8386294],[80.5211663,43.8381143],[80.5219871,43.8365338],[80.5247047,43.8356451],[80.5247991,43.8331254],[80.5232548,43.8319039],[80.5215619,43.8306098],[80.5224308,43.8276614],[80.5216456,43.8263621],[80.5212737,43.8246865],[80.5225852,43.8223429],[80.505696,43.8151574],[80.5057148,43.8049507],[80.4986134,43.7935845],[80.4879651,43.7908351],[80.4790851,43.7831681],[80.4734897,43.7943186],[80.4560725,43.7966775],[80.4394513,43.7949833],[80.4177041,43.8029375],[80.4143688,43.7862664],[80.3839847,43.7777148],[80.3420861,43.7724845],[80.3263171,43.7775159],[80.322015,43.7646992],[80.2893993,43.7746161],[80.2730915,43.7580044],[80.2410769,43.7600672],[80.228245,43.7618323],[80.2209064,43.7746161],[80.1963588,43.7603601],[80.1874324,43.7966753],[80.1349041,43.7839117],[80.0969669,43.7977905],[80.0820324,43.7877535],[80.0531932,43.7971709],[80.039117,43.8099317],[80.0013515,43.812657],[79.9925968,43.7940733],[79.9639293,43.819965],[79.9148342,43.7995251],[79.9208423,43.8266529],[79.864709,43.8267767],[79.8286602,43.8509212],[79.7826549,43.8657745],[79.7404262,43.8937381],[79.7235394,43.9078146],[79.7258568,43.9230865],[79.6856022,43.9308755],[79.6528149,43.948984],[79.6134186,43.962083],[79.5934152,43.9682758],[79.5730782,43.974685],[79.5632935,43.9786997],[79.5326969,43.9785489],[79.5009396,43.9526643],[79.4492695,43.9514284],[79.4194004,43.932888],[79.3983719,43.9195971],[79.3673012,43.9094569],[79.2959759,43.9024072],[79.2719433,43.8793353],[79.2373535,43.8610199],[79.2108743,43.8668927],[79.1849534,43.8472736],[79.1431538,43.8313012],[79.0972557,43.8332082],[79.0713972,43.8421262],[79.0520347,43.8368442],[79.0156094,43.8402165],[79.0025632,43.8540822],[78.9754407,43.8495019],[78.9394352,43.8485177],[78.8845036,43.8490129],[78.8474247,43.8466607],[78.8217613,43.8390464],[78.7986729,43.8435037],[78.7805626,43.8454846],[78.7659714,43.8461036],[78.7374756,43.8392321],[78.6892388,43.8340935],[78.6596272,43.8354556],[78.6382289,43.8251186],[78.6135473,43.8281203],[78.573024,43.8384273],[78.5269329,43.8484558],[78.4993852,43.8391565]]]}},{"type":"Feature","properties":{"id":14312737,"name":"Улутауская область"},"geometry":{"type":"Polygon","coordinates":[[[67.3991195,49.9154538],[67.438387,49.8819664],[67.4449058,49.8726342],[67.4443079,49.8676901],[67.4498894,49.8610004],[67.4862895,49.8327369],[67.5481671,49.7618435],[67.5448737,49.7450084],[67.54496,49.7313119],[67.5630849,49.7202585],[67.5756054,49.7161142],[67.5816712,49.7138795],[67.5877424,49.7107302],[67.5945985,49.7084344],[67.6653786,49.6981431],[67.7909637,49.4999889],[68.3629244,49.1475148],[69.7723802,48.7168506],[70.4964816,48.9930932],[70.7090353,49.3791588],[70.9439444,49.2228423],[71.6682286,49.1644997],[71.9394645,49.1699021],[71.9588588,49.0351885],[71.9959237,48.9517851],[72.1046405,48.8315874],[72.063206,48.8147119],[72.0692226,48.806678],[72.1039649,48.737577],[72.0367519,48.7149392],[72.0019829,48.5070539],[71.8427068,48.3211702],[71.8478348,48.3164119],[71.8578732,48.3066295],[71.8635277,48.2988034],[71.8606572,48.2904252],[71.8660559,48.2856691],[71.8765434,48.2784976],[71.882914,48.2731995],[71.8971072,48.2617991],[71.9029854,48.2491953],[71.9056678,48.2389827],[71.901796,48.2240646],[71.907669,48.2130066],[71.9161102,48.2053458],[71.923427,48.2033569],[71.9287235,48.1986937],[71.9324007,48.1961233],[71.9378941,48.1918948],[71.9429401,48.1861747],[71.948013,48.1821362],[71.9502676,48.1787835],[71.9577382,48.1743925],[71.9644842,48.1697683],[71.9681255,48.1662537],[71.9685818,48.1609306],[71.9714717,48.1554219],[71.9671593,48.1456086],[71.9700133,48.139746],[71.9730732,48.1333633],[71.9760882,48.1242625],[71.9755693,48.1194785],[71.9731645,48.112224],[71.9701152,48.1064791],[71.9716462,48.1008518],[71.9674834,48.0958408],[71.9677365,48.0896039],[71.9646871,48.077821],[71.9623315,48.0645818],[71.9463819,48.0494006],[71.9396718,48.0434313],[71.9439777,48.0357117],[71.9516158,48.0326491],[71.9629963,48.0257086],[71.9710663,48.0238177],[71.9743409,48.0159663],[71.9785127,48.0129855],[71.980991,48.0080116],[71.9874506,48.0048092],[71.9897589,48.0002775],[71.9911099,47.9969968],[71.9913116,47.9904335],[71.9930641,47.9843574],[71.9939308,47.9781493],[72.0008582,47.973444],[72.0111512,47.9694457],[72.0190908,47.9674549],[72.0247429,47.9625821],[72.0282382,47.9550241],[72.0349821,47.9474988],[72.0388285,47.9430246],[72.04231,47.9376943],[72.04293,47.9326844],[72.0611421,47.8850309],[72.0941613,47.8389642],[72.0961451,47.7989397],[72.0835441,47.7987426],[72.078139,47.7965046],[72.0676013,47.7947862],[72.0575308,47.795048],[72.0473888,47.7916545],[72.0350679,47.7888955],[72.0243159,47.783903],[72.0145499,47.7786664],[72.0090574,47.7808679],[71.9951818,47.7773231],[71.9863523,47.7759868],[71.9757329,47.7782917],[71.961872,47.7755125],[71.9513008,47.7710808],[71.9381895,47.7630959],[71.9270656,47.75642],[71.9118258,47.7527464],[71.9047996,47.7458179],[71.8961015,47.7429887],[71.8912425,47.7369964],[71.8878216,47.7290935],[71.8820701,47.7192684],[71.8678613,47.7129207],[71.8487742,47.7041958],[71.8356118,47.7023891],[71.8171604,47.6988701],[71.8029462,47.7020116],[71.7923682,47.7023419],[71.7126858,47.5188678],[71.3092208,47.1418195],[71.3260421,46.0072627],[67.1741341,46.0037263],[67.1669322,46.024553],[67.1673328,46.0390405],[67.1634207,46.0569398],[67.1557382,46.0846364],[67.1576267,46.1264666],[67.141196,46.1362815],[66.0412277,46.1802483],[65.372556,46.3117137],[63.9021795,46.8229369],[63.7858637,46.8341552],[63.7395419,46.8301059],[63.2078267,47.0312742],[62.9992883,47.2197918],[63.8445552,47.6381836],[64.1201045,48.0023418],[64.5217761,48.503603],[64.6980193,48.6756641],[65.640982,48.8690579],[65.6640528,48.8735141],[65.6797409,48.8747576],[65.7043422,48.877437],[65.7259275,48.8791098],[65.7425114,48.8786652],[65.7525321,48.885504],[66.3000009,49.1572774],[66.9993932,49.6307872],[67.3991195,49.9154538]]]}}]}